# www.textures.com
v -0.355560 -0.724090 0.534945
v -0.318469 -0.712961 0.499746
v -0.303899 -0.753698 0.522529
v -0.223292 -0.760172 0.473859
v -0.231395 -0.816488 0.530107
v -0.454089 -0.607627 0.551540
v -0.423463 -0.585397 0.506116
v -0.425890 -0.661559 0.551679
v -0.464379 -0.654068 0.589939
v -0.545318 -0.505218 0.603291
v -0.508367 -0.479182 0.548583
v -0.517152 -0.557810 0.593618
v -0.391660 -0.600820 0.482702
v -0.322538 -0.662413 0.463471
v -0.121405 -0.606736 0.331773
v -0.061761 -0.587556 0.314826
v -0.095247 -0.666675 0.361329
v -0.018058 -0.604967 0.318361
v -0.030107 -0.664876 0.349995
v -0.212637 -0.710336 0.428411
v -0.156756 -0.681938 0.385706
v -0.192895 -0.734966 0.439718
v -0.106879 -0.760749 0.429710
v -0.045380 -0.731013 0.395901
v -0.379269 -0.513284 0.435226
v -0.338754 -0.491265 0.395754
v -0.348732 -0.574467 0.431502
v -0.237923 -0.558991 0.356968
v -0.265654 -0.600103 0.391356
v -0.193899 -0.638685 0.375137
v -0.217613 -0.528943 0.335562
v -0.269919 -0.462505 0.342714
v -0.166216 -0.544415 0.320066
v -0.166770 -0.403516 0.278734
v -0.125207 -0.445225 0.272161
v -0.168579 -0.500237 0.303895
v -0.081724 -0.495051 0.275750
v -0.041665 -0.553277 0.299755
v -0.096821 -0.538189 0.295381
v -0.335582 -0.391590 0.371368
v -0.378922 -0.408959 0.407868
v 0.024454 -0.628080 0.329879
v 0.009652 -0.670879 0.352087
v 0.143641 -0.468226 0.284523
v 0.084913 -0.523187 0.290720
v 0.126270 -0.421161 0.258377
v -0.119678 -0.313847 0.250236
v -0.067419 -0.356007 0.231068
v -0.021533 -0.393968 0.227151
v -0.054421 -0.454208 0.257607
v -0.004761 -0.479440 0.266242
v 0.044394 -0.425492 0.238074
v 0.035156 -0.469485 0.254779
v 0.030275 -0.547121 0.291178
v 0.077397 -0.578281 0.312478
v 0.158079 -0.570800 0.332418
v 0.076327 -0.629958 0.337559
v 0.038458 -0.318996 0.177912
v 0.065003 -0.379697 0.217158
v 0.097247 -0.289341 0.172580
v 0.104679 -0.339763 0.207313
v 0.157910 -0.266516 0.174654
v 0.226313 -0.254535 0.214340
v 0.233937 -0.316038 0.247473
v 0.196454 -0.294156 0.213348
v 0.261263 -0.264076 0.245395
v 0.286509 -0.289073 0.267384
v 0.283370 -0.361677 0.290457
v 0.177582 -0.376592 0.250722
v 0.148194 -0.344390 0.225622
v 0.185104 -0.336615 0.229138
v 0.066481 -0.452954 0.253577
v 0.115329 -0.385459 0.237523
v 0.207412 -0.375512 0.255602
v 0.178613 -0.440654 0.279933
v 0.243435 -0.438887 0.299394
v 0.201905 -0.481625 0.303964
v 0.049161 -0.704223 0.375480
v 0.138329 -0.638947 0.361126
v 0.097323 -0.758114 0.426385
v 0.166739 -0.738286 0.436776
v 0.231600 -0.499155 0.319882
v 0.220205 -0.537984 0.337182
v 0.261176 -0.497864 0.332388
v 0.329062 -0.476670 0.354591
v 0.279896 -0.553487 0.367815
v 0.240619 -0.603844 0.377351
v 0.335532 -0.563586 0.397831
v 0.291887 -0.666748 0.434217
v 0.186344 -0.612878 0.363832
v 0.223116 -0.668836 0.409109
v 0.276566 -0.449360 0.318282
v 0.357719 -0.737695 0.514916
v 0.303350 -0.843194 0.582724
v 0.304516 -0.779199 0.521045
v 0.392161 -0.775428 0.569872
v -0.007995 -0.783880 0.433891
v -0.015664 -0.813954 0.458012
v -0.061356 -0.802767 0.450784
v -0.030818 -0.885165 0.535505
v 0.017802 -0.879179 0.529235
v 0.056087 -0.806568 0.456619
v 0.091551 -0.805454 0.463769
v 0.115751 -0.866379 0.533697
v 0.082599 -0.939058 0.620767
v 0.138897 -0.801781 0.477270
v 0.218687 -0.765256 0.475751
v 0.131112 -0.915763 0.606087
v 0.260792 -0.828704 0.549974
v 0.203719 -0.880500 0.587692
v 0.303265 -0.733056 0.483987
v 0.239302 -0.707454 0.439776
v 0.349638 -0.670568 0.464563
v 0.519657 -0.719678 0.619465
v 0.502172 -0.783372 0.665858
v 0.430725 -0.752270 0.575163
v 0.600375 -0.713189 0.688377
v 0.447911 -0.676805 0.530046
v 0.478308 -0.573220 0.490967
v 0.546858 -0.611414 0.559524
v 0.555389 -0.648682 0.595560
v 0.626113 -0.583962 0.591683
v 0.452042 -0.424964 0.397254
v 0.416373 -0.495675 0.413318
v 0.405660 -0.457688 0.393382
v 0.457365 -0.528166 0.452789
v 0.381603 -0.611429 0.446892
v 0.540520 -0.492401 0.478949
v 0.368796 -0.411085 0.350848
v 0.339181 -0.410219 0.336711
v 0.352959 -0.193611 0.240599
v 0.355132 -0.257908 0.273217
v 0.312805 -0.178055 0.214671
v 0.379453 -0.378433 0.341549
v 0.304130 -0.346000 0.295586
v 0.349288 -0.319176 0.299519
v 0.402755 -0.302108 0.310820
v 0.405717 -0.225283 0.282824
v 0.390374 -0.332680 0.323338
v 0.470261 -0.358877 0.370664
v 0.470867 -0.320170 0.356382
v 0.405551 -0.384822 0.352501
v 0.430483 -0.243748 0.301874
v 0.475816 -0.258437 0.338221
v 0.519526 -0.376005 0.409185
v 0.498259 -0.405796 0.411618
v 0.529744 -0.311349 0.392232
v -0.077607 -0.315341 0.227184
v 0.415147 -0.822080 0.635453
v 0.447807 -0.196718 0.310090
v 0.413171 -0.206616 0.278346
v 0.489017 -0.184856 0.341104
v 0.678731 -0.610688 0.658037
v 0.734371 -0.586563 0.689491
v 0.692531 -0.651998 0.712758
v 0.662233 -0.715120 0.754578
v 0.526632 -0.161262 0.364944
v 0.561626 -0.161973 0.392082
v 0.521335 -0.222361 0.370247
v 0.571727 -0.221613 0.407893
v 0.619288 -0.252354 0.453316
v 0.676403 -0.301872 0.514877
v 0.573723 -0.356936 0.437779
v 0.656939 -0.212139 0.471475
v 0.690420 -0.156050 0.477481
v 0.670952 -0.247493 0.495563
v 0.727834 -0.180140 0.515469
v 0.705597 -0.412982 0.573129
v 0.692243 -0.345345 0.539021
v 0.776614 -0.281464 0.604401
v 0.654866 -0.426459 0.527843
v 0.810960 -0.285951 0.634175
v 0.767931 -0.369351 0.626483
v 0.684539 -0.532116 0.602385
v 0.739322 -0.498810 0.641205
v 0.724614 -0.249350 0.538826
v 0.804746 -0.221885 0.597103
v 0.808876 -0.360929 0.672464
v 0.810785 -0.324189 0.659592
v 0.892112 -0.238829 0.686890
v 0.870203 -0.171210 0.613105
v 0.919844 -0.190481 0.673224
v 0.932687 -0.085771 0.622467
v 0.959848 -0.111476 0.664229
v 0.833344 -0.286948 0.661749
v 0.841329 -0.128203 0.560703
v 0.745772 -0.104934 0.477924
v 0.592021 -0.140554 0.402352
v 0.618386 -0.202976 0.442680
v 0.850645 -0.385576 0.741471
v 0.839326 -0.329790 0.697472
v 0.811714 -0.408544 0.695781
v 0.842180 -0.479066 0.784870
v 0.867405 -0.369364 0.759184
v 0.863885 -0.413484 0.776320
v 0.798753 -0.531090 0.739359
v 0.810421 -0.558345 0.780630
v 0.877180 -0.486740 0.862437
v 0.919430 -0.398660 0.868079
v 1.072393 -0.058064 0.809148
v 1.056096 -0.130638 0.821806
v 1.012352 -0.117571 0.738008
v 0.983792 -0.205670 0.766010
v 1.105152 -0.131520 0.933873
v 1.056796 -0.191231 0.884612
v 1.082228 -0.137205 0.881412
v 1.018287 -0.237386 0.856286
v 0.966711 -0.284585 0.832197
v 1.060938 -0.257474 0.974375
v 0.922898 -0.356692 0.840898
v 0.903716 -0.358942 0.803726
v 0.935537 -0.326661 0.827593
v 0.936538 -0.363995 0.863253
v 0.867173 -0.319406 0.721239
v 0.917737 -0.278213 0.753954
v 1.113250 0.017579 0.854011
v 1.014529 -0.318796 0.973630
v 0.989632 -0.338659 0.944186
v 0.928568 -0.423424 0.913377
v 0.628438 -0.509265 0.544802
v 0.570372 -0.438377 0.469223
v 0.805148 -0.048790 0.494451
v -0.179543 -0.083251 0.260982
v -0.152272 -0.139325 0.250530
v -0.232202 -0.133783 0.285374
v -0.158760 -0.035498 0.256538
v -0.119003 -0.087432 0.228370
v -0.473126 -0.353261 0.471092
v -0.378314 -0.346899 0.393449
v -0.251917 0.036531 0.334334
v -0.218888 -0.041555 0.291592
v -0.331903 0.025662 0.385271
v -0.329288 -0.070371 0.358289
v -0.272005 -0.100987 0.311142
v -0.178729 0.005470 0.277423
v -0.094379 -0.014145 0.215890
v -0.341718 -0.153665 0.351045
v -0.391929 -0.053769 0.409278
v -0.403184 -0.174644 0.397455
v -0.259586 -0.199282 0.302255
v -0.334976 -0.234020 0.346499
v -0.473787 -0.428797 0.496005
v -0.527729 -0.375925 0.525999
v -0.318043 -0.285081 0.340139
v -0.190708 -0.197075 0.265956
v -0.220444 -0.253426 0.284861
v -0.284864 -0.350445 0.332999
v -0.215082 -0.333436 0.297742
v -0.123574 -0.167239 0.231957
v -0.151017 -0.238995 0.256682
v -0.478139 -0.163874 0.461987
v -0.439605 -0.272974 0.431006
v -0.547361 -0.253750 0.523195
v -0.421530 -0.017557 0.444376
v -0.463775 -0.079670 0.467756
v -0.379913 0.022541 0.420386
v -0.605422 -0.336651 0.601844
v -0.658848 -0.339557 0.673042
v -0.624190 -0.413531 0.652756
v -0.594059 -0.425634 0.618804
v -0.706956 -0.089240 0.760072
v -0.639101 -0.115551 0.641039
v -0.697929 -0.122583 0.734192
v -0.684137 -0.180712 0.701664
v -0.707287 -0.245956 0.735574
v -0.669424 -0.185277 0.676361
v -0.634670 0.032895 0.666841
v -0.584273 -0.153109 0.566195
v -0.652845 -0.233623 0.649004
v -0.611187 -0.219612 0.591682
v -0.550447 0.023535 0.568372
v -0.526037 -0.044859 0.528974
v -0.594305 0.028151 0.617286
v -0.510306 0.116729 0.555686
v -0.468030 0.053616 0.502043
v -0.499198 0.027318 0.520456
v -0.670354 0.015738 0.713831
v -0.245421 0.124278 0.346734
v -0.297826 0.092711 0.379673
v -0.201814 0.078214 0.309399
v -0.011083 -0.224774 0.162555
v 0.004199 -0.258027 0.162095
v 0.017832 -0.174666 0.122550
v 0.066342 -0.136490 0.075349
v 0.077796 -0.205160 0.109646
v -0.082778 -0.115563 0.208932
v -0.060613 -0.062260 0.180737
v -0.046245 -0.092988 0.170501
v -0.074857 -0.150470 0.200528
v -0.037093 -0.168123 0.179023
v -0.004672 -0.094672 0.125524
v 0.039444 -0.103121 0.078937
v -0.097892 -0.232121 0.235510
v -0.069089 -0.213362 0.213025
v -0.700181 0.028982 0.767594
v -0.355271 0.093971 0.418304
v -0.120571 0.043717 0.251904
v -0.114818 0.149108 0.257913
v -0.077624 0.097713 0.222331
v -0.129876 0.094485 0.261213
v -0.152464 0.129842 0.277204
v -0.173501 0.150297 0.292785
v 0.043652 -0.032910 0.059191
v 0.019606 -0.035948 0.090794
v 0.080857 -0.020576 0.028414
v 0.090238 -0.069483 0.039517
v -0.015184 -0.033085 0.131190
v 0.106052 0.142175 0.098078
v 0.067405 0.127188 0.107275
v 0.090773 0.180745 0.139228
v 0.072332 0.113804 0.096540
v 0.054050 0.151047 0.132267
v 0.055147 0.200081 0.169397
v 0.006998 0.088298 0.138342
v 0.028800 0.068726 0.111523
v 0.003457 0.062087 0.134407
v 0.047450 0.036670 0.082864
v 0.016593 0.019285 0.112220
v 0.012533 0.196074 0.179720
v 0.072883 0.248593 0.193869
v -0.083969 0.037680 0.223806
v -0.045498 0.082353 0.187023
v -0.027874 0.127117 0.187009
v -0.073290 0.127831 0.225729
v -0.032362 0.188347 0.207640
v -0.032303 -0.004211 0.160824
v 0.070941 0.048454 0.047642
v 0.117529 0.224366 0.167590
v 0.160236 0.017904 0.020006
v 0.130781 -0.076631 0.031584
v 0.123549 -0.009480 0.012831
v 0.173752 -0.052027 0.036719
v 0.160206 -0.132425 0.080981
v 0.163066 -0.015994 0.018132
v 0.191745 -0.083619 0.084280
v 0.197846 -0.112785 0.106557
v 0.182445 -0.204020 0.145668
v 0.142578 -0.212320 0.134527
v 0.117019 -0.152824 0.082761
v 0.379830 -0.018430 0.197222
v 0.357508 0.041935 0.155776
v 0.390032 0.066702 0.173384
v 0.447334 0.049525 0.222788
v 0.493670 -0.020982 0.274024
v 0.418578 -0.008463 0.214318
v 0.473399 -0.074424 0.297543
v 0.445656 -0.120073 0.303117
v 0.428846 -0.065247 0.263550
v 0.426858 -0.120694 0.286639
v 0.392007 -0.155683 0.258224
v 0.383853 -0.106613 0.255565
v 0.198173 0.022895 0.035380
v 0.240981 0.018948 0.068909
v 0.212862 -0.003162 0.057486
v 0.274922 0.056801 0.086868
v 0.279902 0.008423 0.101989
v 0.294487 0.019085 0.114224
v 0.341208 0.002158 0.154607
v 0.285672 -0.031055 0.138689
v 0.232393 -0.033998 0.087438
v 0.233212 -0.077103 0.106609
v 0.266947 -0.090938 0.142180
v 0.238015 -0.125316 0.139842
v 0.249346 -0.193017 0.197934
v 0.321283 -0.048122 0.179810
v 0.337331 -0.077206 0.205415
v 0.356418 -0.070393 0.220299
v 0.311446 -0.120264 0.185767
v 0.348702 -0.098635 0.217658
v 0.333471 -0.136881 0.213066
v 0.332247 0.091589 0.135065
v 0.393224 -0.046287 0.228170
v 0.386455 -0.072880 0.214309
v 0.392905 -0.081952 0.252942
v 0.352603 -0.167332 0.230292
v 0.262922 -0.168297 0.184460
v 0.456938 -0.152666 0.317949
v 0.510167 -0.098246 0.335267
v 0.429701 -0.172488 0.290968
v 0.493729 -0.133349 0.337185
v 0.420539 0.129229 0.194466
v 0.356789 0.120758 0.147229
v 0.399297 0.183372 0.167941
v 0.371975 0.264727 0.174537
v 0.376863 0.231264 0.160091
v 0.298478 0.241532 0.138011
v 0.262556 0.255747 0.134178
v 0.282514 0.197787 0.112457
v 0.220617 0.209702 0.102745
v 0.337893 0.217935 0.141859
v 0.307665 0.175982 0.114221
v 0.238648 0.180988 0.091483
v 0.298002 0.145162 0.099385
v 0.252540 0.121608 0.065734
v 0.340459 0.173075 0.132178
v 0.154062 0.143735 0.069904
v 0.129324 0.053151 0.016645
v 0.116887 0.096721 0.045617
v 0.187063 0.103852 0.035924
v 0.185005 0.167905 0.069229
v 0.199443 0.128449 0.046120
v 0.176056 0.052491 0.022084
v 0.219767 0.254203 0.140651
v 0.146197 0.178869 0.119146
v 0.222238 0.073724 0.049686
v 0.246658 0.057408 0.064433
v 0.508245 0.071682 0.251554
v 0.459392 0.090268 0.224108
v 0.536272 -0.059960 0.318773
v 0.694333 0.162821 0.381634
v 0.740760 0.112684 0.414072
v 0.676625 0.100509 0.369324
v 0.608076 0.079605 0.320466
v 0.629122 0.154729 0.340066
v 0.588280 0.116371 0.309985
v 0.687650 0.063007 0.380928
v 0.565727 0.072875 0.290929
v 0.518437 0.107201 0.262842
v 0.530281 0.018571 0.283833
v 0.627265 0.028893 0.345860
v 0.575471 -0.028807 0.327068
v 0.598344 -0.058345 0.348825
v 0.562451 -0.114339 0.372087
v 0.629042 -0.036735 0.364308
v 0.752982 0.055599 0.427631
v 0.732497 -0.012723 0.428396
v 0.722919 -0.070834 0.443667
v 0.623353 -0.106392 0.401388
v 0.657708 -0.068741 0.398466
v 0.688481 -0.107691 0.439284
v 0.461339 0.217711 0.209316
v 0.455526 0.143844 0.217050
v 0.493223 0.144686 0.244445
v 0.527090 0.157458 0.264907
v 0.407356 0.304268 0.201039
v 0.459909 0.253204 0.208696
v 0.530402 0.321523 0.252917
v 0.532958 0.282083 0.255514
v 0.464364 0.303859 0.219623
v 0.501394 0.213414 0.229840
v 0.578340 0.319095 0.281198
v 0.544051 0.234073 0.259525
v 0.617513 0.251959 0.302347
v 0.595938 0.173869 0.307208
v 0.799764 0.408541 0.435500
v 0.783083 0.343140 0.414251
v 0.738708 0.325679 0.382315
v 0.704632 0.343298 0.362427
v 0.694830 0.301253 0.350815
v 0.631961 0.361387 0.317477
v 0.623740 0.334854 0.309057
v 0.664772 0.220697 0.341536
v 0.755939 0.289073 0.394090
v 0.746924 0.246939 0.393983
v 0.821186 0.199969 0.465605
v 0.595739 0.362170 0.300628
v 0.931014 0.303858 0.544512
v 0.952037 0.199919 0.585648
v 0.909568 0.201265 0.541240
v 0.861753 0.327871 0.475630
v 0.867957 0.377559 0.488213
v 0.899460 0.217635 0.528139
v 0.846320 0.274531 0.466675
v 0.949808 0.367709 0.565885
v 0.963427 0.299285 0.583654
v 0.877519 0.152366 0.517280
v 0.818620 0.121088 0.468933
v 0.819889 0.070840 0.474566
v 0.878823 0.075634 0.524622
v 0.852621 -0.049453 0.533782
v 0.897353 0.014115 0.553861
v 0.940762 0.030584 0.591331
v 1.010186 0.175011 0.659639
v 1.044382 0.230103 0.702108
v 1.080965 0.194436 0.759583
v 0.932542 0.087038 0.575320
v 0.960895 0.146967 0.602023
v 1.014297 0.089133 0.669319
v 0.981447 0.098916 0.628017
v 1.015190 0.030456 0.679302
v 0.959361 -0.030056 0.629590
v 1.053969 0.132195 0.722567
v 1.048179 0.074302 0.720166
v 1.046306 0.024378 0.725956
v 1.104929 0.123711 0.809493
v 1.086660 0.032770 0.792839
v 1.181030 0.120419 1.007460
v 1.173014 0.246989 0.957279
v 1.196736 0.256454 1.040737
v 1.190314 0.434701 1.110141
v 1.201429 0.455195 1.251169
v 1.198174 0.427350 1.160019
v 1.211195 0.279041 1.138418
v 1.194583 0.326881 1.064391
v 1.083731 0.383009 0.771392
v 1.114613 0.241008 0.819070
v 1.066269 0.337038 0.732252
v 1.074000 0.272759 0.745296
v 1.143220 0.422715 0.921671
v 1.132224 0.446567 0.906277
v 1.171687 0.452728 1.038415
v 1.175670 0.417068 1.029700
v 1.042588 0.416875 0.704543
v 1.163404 0.323739 0.949341
v 1.117177 0.412207 0.847599
v 1.141108 0.268068 0.876111
v 1.207437 0.425389 1.320101
v 1.219608 0.281267 1.214378
v 1.221615 0.248830 1.215034
v 1.214849 0.223686 1.158404
v 1.195483 0.092182 1.077974
v 1.143008 0.123889 0.891695
v 1.153946 0.022485 0.954546
v 1.180374 0.001029 1.064813
v 1.003433 0.380856 0.636321
v 1.019389 0.312414 0.657934
v -0.450792 -0.512433 0.499541
v -0.428620 -0.526593 0.487361
v -0.421459 -0.444222 0.451430
v 0.080428 -0.250926 0.143010
v 0.993754 -0.046800 0.678317
v 1.148865 -0.072046 1.020622
v -0.739259 -0.063002 0.839087
v 0.116441 -0.106083 0.060165
v 0.095072 0.040637 0.025899
v 0.159064 0.244612 0.176158
v 0.448554 -0.182148 0.304013
v -0.475058 0.267399 0.556932
v -0.470830 0.196411 0.538338
v -0.565566 0.261551 0.650681
v -0.458464 0.333539 0.554457
v -0.418348 0.254395 0.502480
v -0.402061 0.214859 0.477376
v -0.364433 0.276062 0.457766
v -0.351416 0.226070 0.438406
v -0.314025 0.188443 0.405039
v -0.299379 0.220103 0.394868
v -0.417699 0.352722 0.520768
v -0.589079 0.091482 0.634817
v -0.620000 0.140324 0.687881
v -0.567901 0.181842 0.631407
v -0.587738 0.263641 0.677926
v -0.585545 0.217330 0.664963
v -0.532301 0.331087 0.626300
v -0.522029 0.400373 0.626365
v -0.240284 0.214443 0.353951
v -0.201907 0.186392 0.322001
v -0.258329 0.170450 0.356774
v -0.128030 0.259057 0.285255
v -0.283427 0.479159 0.465331
v -0.204310 0.429275 0.395149
v -0.264959 0.432978 0.425511
v -0.265354 0.393872 0.409004
v -0.339515 0.402876 0.464352
v -0.293269 0.334876 0.412896
v -0.255364 0.368789 0.391181
v -0.194819 0.397023 0.370311
v -0.198299 0.301912 0.340409
v -0.258033 0.281278 0.377527
v -0.205639 0.359667 0.359171
v -0.163517 0.354238 0.335537
v -0.338553 0.453150 0.481559
v -0.417626 0.466241 0.545800
v -0.319610 0.491356 0.490819
v -0.113528 0.484745 0.386986
v -0.055905 0.473692 0.359521
v -0.118938 0.389541 0.339098
v -0.134102 0.332685 0.313137
v -0.052699 0.349585 0.295685
v -0.163011 0.284641 0.314571
v -0.020915 0.421907 0.322578
v -0.095213 0.304703 0.282802
v -0.083578 0.237089 0.254324
v 0.166816 0.314486 0.230052
v 0.193223 0.300645 0.200220
v 0.124621 0.298766 0.231750
v 0.217296 0.373622 0.249429
v 0.169415 0.362724 0.262277
v 0.102494 0.260626 0.197749
v 0.065048 0.307860 0.239422
v 0.022187 0.286834 0.234333
v 0.034611 0.421081 0.315606
v 0.017694 0.397969 0.301984
v 0.033937 0.378083 0.283155
v 0.020404 0.332128 0.261389
v 0.086973 0.346361 0.264086
v -0.040147 0.316692 0.271753
v -0.050029 0.278682 0.253872
v -0.030234 0.248425 0.226345
v -0.045194 0.225149 0.225313
v 0.014488 0.236658 0.206900
v 0.120768 0.557523 0.399255
v 0.144936 0.498233 0.356389
v 0.092771 0.485752 0.345193
v 0.124461 0.430195 0.315222
v 0.256898 0.578855 0.362864
v 0.200911 0.513531 0.341397
v 0.191004 0.567943 0.379819
v 0.174678 0.458641 0.320649
v 0.024245 0.454304 0.338255
v 0.027526 0.496637 0.363207
v 0.088757 0.520340 0.374060
v 0.068944 0.461340 0.341257
v 0.093456 0.405234 0.304340
v 0.150841 0.384435 0.283241
v 0.193797 0.425859 0.292935
v 0.278552 0.756495 0.491748
v 0.199364 0.766717 0.528763
v 0.231606 0.832493 0.589911
v -0.052816 0.589603 0.433365
v -0.048185 0.629781 0.459435
v 0.006045 0.589607 0.425197
v -0.029959 0.672100 0.493386
v 0.034839 0.659505 0.473209
v 0.045597 0.605310 0.428730
v 0.084235 0.657460 0.468533
v -0.059070 0.528152 0.395365
v 0.042611 0.549244 0.395078
v 0.156983 0.756279 0.529410
v 0.188241 0.718282 0.489529
v 0.136174 0.669394 0.468520
v 0.192634 0.620251 0.413746
v 0.091174 0.582283 0.416987
v -0.099140 0.650482 0.486963
v -0.099523 0.683798 0.515689
v -0.127835 0.634737 0.487240
v -0.127482 0.587350 0.452788
v -0.220130 0.598351 0.495652
v -0.169618 0.506027 0.419812
v 0.040274 0.721675 0.524063
v -0.046320 0.703646 0.519868
v 0.113982 0.719086 0.514032
v 0.057125 0.762412 0.558674
v 0.250763 0.712687 0.459858
v 0.259199 0.669493 0.422549
v 0.261969 0.630716 0.396474
v -0.280018 0.671080 0.572888
v -0.243753 0.716992 0.592505
v -0.167487 0.690582 0.539803
v -0.163415 0.711086 0.553960
v -0.111131 0.759077 0.582479
v -0.344206 0.628082 0.580803
v -0.387544 0.544835 0.561709
v 0.138610 0.839487 0.613347
v 0.249730 0.875302 0.638620
v 0.102190 0.808702 0.594336
v 0.345384 0.851329 0.587208
v -0.014847 0.753333 0.560927
v 0.236819 0.345925 0.211334
v 0.245259 0.318114 0.184127
v 0.392745 0.433880 0.244548
v 0.380237 0.386178 0.219398
v 0.319503 0.405611 0.232629
v 0.327107 0.335432 0.180200
v 0.280761 0.332910 0.184878
v 0.274422 0.390393 0.229878
v 0.739862 0.427213 0.394088
v 0.789202 0.497418 0.451297
v 0.810187 0.449477 0.452368
v 0.458147 0.494251 0.283036
v 0.533916 0.487792 0.304622
v 0.500152 0.428460 0.272788
v 0.449905 0.411491 0.249119
v 0.469349 0.359436 0.242027
v 0.542398 0.370051 0.273168
v 0.672098 0.529373 0.390115
v 0.602405 0.428822 0.319055
v 0.598754 0.469450 0.328460
v 0.558580 0.525125 0.328473
v 0.588402 0.420780 0.308923
v 0.634005 0.411850 0.327960
v 0.689537 0.458277 0.373649
v 0.411141 0.462739 0.262047
v 0.373871 0.590065 0.336847
v 0.415098 0.677921 0.390957
v 0.444601 0.602128 0.340506
v 0.344279 0.648912 0.382062
v 0.304373 0.578866 0.344775
v 0.289832 0.513812 0.310228
v 0.343530 0.538563 0.309021
v 0.316111 0.492706 0.286316
v 0.290357 0.464646 0.280329
v 0.250555 0.442079 0.280633
v 0.404773 0.540049 0.305898
v 0.420730 0.813071 0.528153
v 0.371879 0.791036 0.505258
v 0.390175 0.861084 0.594473
v 0.359654 0.723929 0.438739
v 0.436536 0.733367 0.437846
v 0.335198 0.682105 0.410014
v 0.517102 0.798656 0.524757
v 0.488613 0.764529 0.473410
v 0.528277 0.691250 0.409154
v 0.496566 0.659545 0.378015
v 0.557241 0.708662 0.434084
v 0.565582 0.787622 0.526552
v 0.591507 0.740224 0.483158
v 0.573272 0.629876 0.383677
v 0.630701 0.678031 0.450978
v 0.641718 0.588946 0.400711
v 0.722109 0.641422 0.492397
v 0.495196 0.567949 0.323072
v 0.561724 0.595819 0.360833
v 0.721320 0.602953 0.462941
v 0.724823 0.556786 0.437387
v 1.010636 0.641323 0.832676
v 1.045899 0.600313 0.850696
v 0.993480 0.602311 0.749339
v 1.037281 0.533335 0.767363
v 1.039313 0.650779 0.911265
v 1.063270 0.606514 0.900786
v 0.921549 0.658368 0.701644
v 0.924512 0.684570 0.738890
v 1.069006 0.657993 1.010423
v 1.095763 0.614240 1.007814
v 0.839308 0.800092 0.803096
v 0.911828 0.779910 0.885296
v 0.905970 0.750259 0.815515
v 0.871899 0.731276 0.730464
v 0.981410 0.725129 0.925944
v 0.969684 0.701011 0.849041
v 0.839979 0.702113 0.653563
v 0.871782 0.643890 0.625326
v 0.781837 0.710080 0.603169
v 0.797600 0.790831 0.733133
v 0.919453 0.583345 0.623847
v 0.929567 0.698516 0.768844
v 0.972715 0.560399 0.681482
v 0.929118 0.540844 0.606898
v 0.965843 0.482644 0.623225
v 0.999726 0.481819 0.667791
v 0.459853 0.899296 0.659096
v 0.483692 0.838676 0.566672
v 0.533280 0.883330 0.656365
v 0.565847 0.848153 0.623951
v 0.569676 0.878557 0.673187
v 0.607688 0.840550 0.622384
v 0.632371 0.873254 0.695971
v 0.642060 0.819191 0.613985
v 0.680952 0.829375 0.664924
v 0.722414 0.850456 0.743528
v 0.670965 0.728707 0.524486
v 0.721970 0.727328 0.568003
v 0.769759 0.650033 0.533677
v 0.839201 0.598098 0.552214
v 0.822048 0.541567 0.498890
v 0.856378 0.533766 0.524543
v 0.849979 0.534041 0.506404
v 0.819248 0.503024 0.478066
v 0.879613 0.497113 0.530039
v 0.780297 0.878145 0.894230
v 0.862987 0.816291 0.878172
v 0.775945 0.840616 0.791926
v 0.517648 0.920834 0.714676
v 0.643309 0.897819 0.752504
v 0.399701 0.961504 0.766948
v 0.390392 0.901315 0.656075
v 1.093260 0.651523 1.082095
v 0.943829 0.805117 1.032495
v 0.973328 0.765479 1.002287
v 1.110504 0.645450 1.158752
v 1.141885 0.558523 1.082382
v -0.734586 0.358832 0.970014
v -0.713674 0.284070 0.894848
v -0.741427 0.288187 0.971973
v -0.726294 0.183063 0.883677
v -0.710757 0.114031 0.831419
v -0.732035 0.127384 0.885352
v -0.680549 0.251875 0.815502
v -0.672332 0.143286 0.766307
v -0.652541 0.190137 0.747984
v -0.733711 0.478175 0.989225
v -0.691949 0.464139 0.887079
v -0.723372 0.441947 0.950232
v -0.638394 0.426305 0.778092
v -0.631941 0.508712 0.804794
v -0.743192 0.425203 1.014888
v -0.740552 0.462521 1.007055
v -0.705216 0.334656 0.889186
v -0.692123 0.421902 0.874867
v -0.659399 0.381942 0.807610
v -0.652540 0.330126 0.786259
v -0.585784 0.566758 0.759222
v -0.618398 0.591967 0.828772
v -0.574793 0.479186 0.709293
v -0.543728 0.548471 0.697489
v -0.603792 0.406423 0.721496
v -0.495966 0.504721 0.628637
v -0.594984 0.758284 1.033832
v -0.661781 0.626058 0.957581
v -0.674523 0.656042 1.063304
v -0.683147 0.616813 1.011878
v -0.698465 0.634676 1.112948
v -0.569417 0.760259 0.963041
v -0.614805 0.648041 0.887429
v -0.552244 0.739136 0.887526
v -0.544231 0.714511 0.838592
v -0.743375 0.494501 1.042611
v -0.702965 0.507772 0.943286
v -0.625415 0.240085 0.724163
v -0.519373 0.640871 0.735260
v -0.577190 0.337964 0.677118
v -0.273100 0.763868 0.650414
v -0.330680 0.699664 0.623447
v -0.381772 0.755217 0.709211
v -0.394519 0.708172 0.674584
v -0.248951 0.849136 0.737470
v -0.196159 0.830804 0.686967
v -0.280186 0.803898 0.695976
v -0.417686 0.798302 0.791595
v -0.341444 0.818537 0.758158
v -0.451400 0.742363 0.758259
v -0.290355 0.866462 0.790839
v -0.252002 0.882253 0.790386
v -0.484024 0.679005 0.728253
v -0.507136 0.719342 0.793569
v -0.442027 0.618325 0.644494
v -0.550642 0.648792 0.781924
v -0.480140 0.572133 0.649410
v -0.166523 0.933362 0.827879
v -0.161327 0.890030 0.755898
v -0.327564 0.977501 1.096371
v -0.269663 1.009438 1.124782
v -0.251348 0.989678 1.020112
v -0.484047 0.864907 1.016156
v -0.396632 0.908085 0.996760
v -0.446814 0.866706 0.953171
v -0.381581 0.888824 0.918260
v -0.363618 0.895708 0.916960
v -0.353091 0.915810 0.949596
v -0.220796 0.984190 0.971945
v -0.306407 0.917313 0.897561
v -0.414776 0.938595 1.155930
v -0.502786 0.882217 1.147335
v -0.345452 0.987364 1.209513
v -0.520635 0.880856 1.251604
v -0.564942 0.827519 1.162263
v -0.297416 0.898632 0.852168
v -0.199925 0.940759 0.861624
v -0.153878 0.984343 0.926134
v -0.103929 0.934470 0.804445
v -0.547927 0.814779 1.037585
v -0.519152 0.809897 0.950386
v -0.447283 0.837381 0.887247
v -0.390768 0.834995 0.823818
v -0.483478 0.774314 0.835493
v -0.608840 0.768244 1.130924
v -0.239445 1.042168 1.324992
v -0.277695 1.020241 1.213677
v -0.352008 0.991335 1.285659
v -0.231899 1.043954 1.283731
v -0.164008 1.062235 1.348863
v -0.055933 1.089276 1.331590
v -0.073397 1.080503 1.262914
v -0.083068 1.034420 1.034402
v -0.026004 1.017194 0.948501
v -0.173993 1.021967 1.043242
v -0.060834 1.064829 1.133845
v 0.010371 1.101524 1.259329
v -0.197519 0.734285 0.587596
v -0.165009 0.773531 0.612659
v 0.126722 1.022291 0.899370
v 0.109902 0.969381 0.804144
v 0.015713 0.977224 0.844226
v -0.003009 0.935701 0.778963
v 0.232024 0.976627 0.806620
v 0.236935 1.005409 0.865325
v 0.182797 0.942550 0.744952
v 0.141422 0.917762 0.714352
v 0.251060 0.924220 0.711458
v 0.032645 0.922227 0.752170
v 0.175949 0.892800 0.673839
v 0.108491 0.881469 0.674075
v -0.007394 0.902062 0.730541
v -0.125160 0.839819 0.676076
v -0.004457 0.867564 0.684197
v 0.036110 0.824988 0.624590
v -0.008208 1.038977 0.992179
v 0.046889 1.039842 0.963633
v 0.151868 1.041256 0.942251
v 0.007407 1.002396 0.897658
v 0.020377 1.070806 1.072764
v 0.125791 1.082158 1.057721
v 0.083773 1.105482 1.189681
v 0.006910 1.087565 1.159172
v -0.082380 0.978810 0.880374
v 0.588868 0.977279 0.906379
v 0.457758 1.007973 0.901800
v 0.533438 1.011685 0.965013
v 0.536691 0.951167 0.787130
v 0.660170 0.916355 0.811410
v 0.656387 0.967305 0.946751
v 0.712382 0.929618 0.915828
v 0.741812 0.936954 0.985111
v 0.791878 0.899764 0.983747
v 0.846373 0.844744 0.929725
v 0.770868 0.955415 1.127554
v 0.772853 0.942091 1.069238
v 0.695712 0.988723 1.088594
v 0.472067 0.958879 0.776531
v 0.416723 1.033237 0.958038
v 0.638216 0.998903 1.032088
v 0.641174 1.013160 1.094434
v 0.303061 1.008967 0.882599
v 0.343460 0.983273 0.820498
v 0.327375 0.944144 0.739244
v 0.416025 1.005736 0.883548
v 0.391289 1.111972 1.352478
v 0.495641 1.085007 1.319337
v 0.395015 1.110715 1.286080
v 0.494864 1.082060 1.380128
v 0.550447 1.057925 1.387584
v 0.545741 1.062057 1.287056
v 0.488004 1.081337 1.230778
v 0.650620 1.018572 1.436513
v 0.604619 1.042208 1.358761
v 0.727623 0.988963 1.222911
v 0.426499 1.093541 1.191997
v 0.377989 1.092004 1.136896
v 0.415622 1.082222 1.110473
v 0.355891 1.107009 1.244792
v 0.505565 1.070756 1.176790
v 0.507805 1.057277 1.096215
v 0.445835 1.056458 1.039213
v 0.603959 1.035469 1.162203
v 0.588927 1.025194 1.074809
v 0.159219 1.104166 1.153443
v 0.171126 1.080393 1.051345
v 0.187439 1.057046 0.982210
v 0.231806 1.058356 0.995991
v 0.296379 1.099626 1.178813
v 0.231102 1.034267 0.940212
v 0.340790 1.061892 1.022905
v 0.262447 1.025301 0.921223
v 0.327358 1.026986 0.937342
v 0.286731 1.026973 0.923724
v 0.151998 1.114226 1.212012
v 0.244827 1.112146 1.253368
v 0.306066 1.078390 1.076866
v 0.421884 1.093663 1.456774
v 0.381521 1.109959 1.418573
v 0.484630 1.068784 1.491050
v 0.029777 1.115257 1.428288
v 0.130338 1.126262 1.367595
v 0.071926 1.122741 1.352874
v 0.080047 1.120069 1.460870
v 0.138878 1.122774 1.291079
v 0.096642 1.116283 1.248769
v 0.157511 1.124781 1.414518
v 0.728800 0.979420 1.418761
v 0.791244 0.935565 1.454814
v 0.798597 0.947696 1.331234
v 0.869958 0.892475 1.376754
v 0.718463 0.994000 1.327716
v 0.791680 0.954638 1.261981
v 0.835759 0.920848 1.281002
v 0.823187 0.925609 1.187930
v 0.947489 0.840931 1.294005
v 0.957521 0.824218 1.177188
v 0.854206 0.890669 1.125114
v 0.988547 0.806011 1.383251
v 0.989362 0.808349 1.274618
v 0.974170 0.801781 1.112668
v 0.915539 0.830699 1.055468
v 0.996113 0.790940 1.180743
v 1.022962 0.762898 1.376342
v 1.104540 0.669565 1.270695
v 1.101769 0.667079 1.387973
v 1.129119 0.630804 1.329015
v 1.144562 0.595158 1.223977
v 0.648331 1.029631 1.354946
v 0.683806 1.014392 1.300476
v -0.235671 -0.969085 0.769270
v -0.254042 -0.996299 0.859524
v -0.306734 -0.952821 0.821098
v -0.348491 -0.899504 0.756974
v -0.302218 -0.880164 0.671002
v -0.287164 -0.911456 0.712321
v -0.294429 -1.022040 1.008529
v -0.278497 -1.005340 0.923494
v -0.194590 -1.046360 0.951787
v -0.145754 -1.093809 1.125016
v -0.159505 -1.098539 1.254756
v -0.216862 -1.078917 1.174374
v -0.207354 -1.069879 1.081723
v -0.569299 -0.776728 0.901623
v -0.552823 -0.743521 0.810742
v -0.514904 -0.822465 0.863888
v -0.530489 -0.730787 0.751980
v -0.482189 -0.789209 0.756365
v -0.437206 -0.773565 0.673677
v -0.526000 -0.710907 0.724719
v -0.487430 -0.705506 0.663434
v -0.688697 -0.607451 0.923462
v -0.676739 -0.511597 0.803604
v -0.631414 -0.635076 0.824238
v -0.619057 -0.581032 0.754735
v -0.597523 -0.621667 0.749151
v -0.603797 -0.692167 0.839252
v -0.584354 -0.607737 0.716395
v -0.737198 -0.590446 1.049745
v -0.723488 -0.524174 0.926536
v -0.676551 -0.729534 1.110030
v -0.692806 -0.665538 1.023530
v -0.651535 -0.723610 1.002549
v -0.661361 -0.666634 0.930544
v -0.586810 -0.811035 1.023746
v -0.432244 -0.852746 0.781782
v -0.456272 -0.889474 0.902209
v -0.385368 -0.918749 0.854640
v -0.398130 -0.938788 0.925575
v -0.364319 -0.967020 0.930845
v -0.344601 -0.940845 0.835124
v -0.340304 -1.032989 1.266673
v -0.412509 -0.993103 1.205793
v -0.322128 -1.036917 1.165486
v -0.407176 -0.989875 1.140083
v -0.291361 -1.052459 1.208277
v -0.238660 -1.071146 1.305780
v -0.298286 -1.042031 1.115902
v -0.388568 -0.992718 1.078607
v -0.369363 -0.977397 0.973903
v -0.563476 -0.860623 1.104972
v -0.613606 -0.817514 1.179962
v -0.565287 -0.872277 1.187731
v -0.510993 -0.874298 0.987152
v -0.492310 -0.923620 1.130835
v -0.535858 -0.902745 1.255378
v -0.422810 -0.954810 1.032233
v -0.456208 -0.966364 1.330873
v -0.411747 -0.996439 1.331144
v -0.313635 -1.034465 1.391021
v -0.390211 -0.999489 1.400552
v -0.603533 -0.839155 1.276274
v -0.180561 -1.086928 1.360593
v -0.094988 -1.108027 1.358699
v -0.288733 -1.024128 1.485366
v -0.158065 -1.061684 1.516486
v -0.158575 -1.043447 1.566779
v -0.156819 -1.077921 1.452677
v -0.754059 -0.596322 1.150099
v -0.729975 -0.640947 1.123731
v -0.749295 -0.627909 1.216679
v -0.704994 -0.696171 1.150991
v -0.684272 -0.739052 1.215793
v -0.699839 -0.723573 1.266050
v -0.661713 -0.770864 1.275924
v -0.624455 -0.812372 1.355781
v -0.586856 -0.857488 1.381967
v -0.419387 -0.954413 1.539472
v -0.406770 -0.978561 1.473550
v -0.296312 -1.004718 1.539310
v -0.430355 -0.976954 1.404747
v -0.163713 -1.018126 1.619792
v -0.006821 -1.027396 1.676188
v -0.146135 -0.989442 1.681844
v -0.014517 -1.048189 1.632643
v -0.717584 -0.352044 0.780689
v -0.727158 -0.423873 0.833097
v -0.758231 -0.343906 0.866008
v -0.768415 -0.428667 0.939152
v -0.785845 -0.255283 0.913357
v -0.796385 -0.291255 0.962584
v -0.779189 -0.398282 0.950684
v -0.799062 -0.425688 1.048703
v -0.745249 -0.258453 0.815841
v -0.758873 -0.511246 1.025372
v -0.808054 -0.347408 1.477987
v -0.829929 -0.279223 1.387669
v -0.817410 -0.380697 1.425446
v -0.824627 -0.389919 1.380108
v -0.775542 -0.368954 1.571440
v -0.788460 -0.415612 1.500911
v -0.819048 -0.407979 1.387598
v -0.782925 -0.480589 1.444381
v -0.789684 -0.494836 1.377987
v -0.764777 -0.571763 1.424252
v -0.757530 -0.547553 1.488724
v -0.771630 -0.585296 1.324021
v -0.773248 -0.461055 1.503617
v -0.696212 -0.675459 1.524071
v -0.732091 -0.543748 1.564393
v -0.704681 -0.702635 1.421501
v -0.828523 -0.396634 1.304624
v -0.839684 -0.279049 1.286271
v -0.837932 -0.289492 1.212996
v -0.823790 -0.420263 1.244998
v -0.817399 -0.436343 1.313993
v -0.746574 -0.451811 1.578049
v -0.717850 -0.442450 1.644137
v -0.759970 -0.365119 1.604501
v -0.717813 -0.523840 1.607664
v -0.699437 -0.499433 1.656000
v -0.695513 -0.381680 1.712880
v -0.788294 -0.521543 1.271125
v -0.723772 -0.681641 1.312007
v -0.806934 -0.468253 1.251523
v -0.783357 -0.290051 1.547080
v -0.722994 -0.347330 1.671206
v -0.663230 -0.403787 1.757169
v -0.680336 -0.650210 1.595029
v -0.642747 -0.675572 1.633553
v -0.643289 -0.765541 1.475503
v -0.627821 -0.743609 1.567363
v -0.560431 -0.804579 1.620937
v -0.614672 -0.718545 1.624933
v -0.576870 -0.820298 1.562470
v -0.582996 -0.844595 1.477536
v -0.658302 -0.526405 1.708246
v -0.596438 -0.548235 1.785312
v -0.626241 -0.454476 1.791576
v -0.657242 -0.621050 1.661555
v -0.631133 -0.624745 1.699262
v -0.804591 -0.452182 1.146716
v -0.815989 -0.397315 1.104899
v -0.779829 -0.513493 1.143717
v -0.841899 -0.245091 1.320181
v -0.839890 -0.157925 1.252336
v -0.842481 -0.242058 1.260431
v -0.827848 -0.235905 1.423451
v -0.807431 -0.225639 1.494158
v -0.816497 -0.136744 1.440041
v -0.792353 -0.130680 1.507140
v -0.791006 -0.216717 1.535153
v -0.774134 -0.223408 1.570602
v -0.739342 -0.219320 1.635936
v -0.833552 -0.146859 1.353755
v -0.807189 0.052145 1.389176
v -0.816604 0.048955 1.329481
v -0.808997 0.023293 1.383091
v -0.822435 0.034490 1.260011
v -0.826395 -0.045553 1.257763
v -0.824803 -0.061533 1.323791
v -0.810855 -0.044165 1.405667
v -0.790541 -0.039958 1.472695
v -0.832133 -0.111827 1.253450
v -0.833918 -0.150831 1.136521
v -0.813000 -0.151506 1.024491
v -0.825797 -0.252205 1.069005
v -0.836822 -0.253891 1.151056
v -0.825003 -0.293479 1.095155
v -0.798365 -0.144382 0.969851
v -0.805770 -0.231625 0.980338
v -0.823183 -0.039945 1.185281
v -0.817700 -0.038598 1.136886
v -0.797564 -0.032153 1.027977
v -0.818238 -0.077894 1.108965
v -0.808020 0.038439 1.092282
v -0.799561 0.143390 1.316845
v -0.802780 0.138123 1.212673
v -0.796266 0.222364 1.234097
v -0.779714 0.297442 1.224725
v -0.769047 0.329498 1.109599
v -0.774139 0.283101 1.111840
v -0.791220 0.216183 1.127172
v -0.767924 0.399472 1.146365
v -0.759934 0.411322 1.088171
v -0.785239 0.035750 0.992618
v -0.769881 0.109318 0.983929
v -0.754711 0.031607 0.895042
v -0.780068 -0.060045 0.950122
v -0.765493 0.488220 1.168053
v -0.757270 0.469672 1.086667
v -0.557162 -0.498027 1.844430
v -0.676235 0.067565 1.732364
v -0.680101 0.144002 1.709474
v -0.717991 0.072243 1.622131
v -0.773075 0.040463 1.501710
v -0.728476 -0.020870 1.607958
v -0.683647 -0.039669 1.721359
v -0.766770 -0.041144 1.532653
v -0.729319 -0.101138 1.632512
v -0.699600 -0.163457 1.702350
v -0.699416 -0.203923 1.711217
v -0.666165 0.313461 1.729823
v -0.661475 0.227949 1.750158
v -0.649127 0.285720 1.774773
v -0.651387 0.193969 1.776779
v -0.607348 0.218475 1.862852
v -0.615511 0.348946 1.841628
v -0.565088 0.206319 1.899974
v -0.589519 0.236749 1.883793
v -0.629321 0.148260 1.822854
v -0.591634 0.143559 1.884644
v -0.613640 0.069613 1.843567
v -0.646005 0.020150 1.792555
v -0.768499 0.319500 1.363562
v -0.761384 0.314201 1.413661
v -0.767220 0.439015 1.338516
v -0.776273 0.330803 1.269405
v -0.782727 0.253583 1.340427
v -0.742428 0.216075 1.529842
v -0.753483 0.164190 1.509632
v -0.578391 0.394778 1.889215
v -0.598826 0.293438 1.874098
v -0.629399 0.419415 1.806156
v -0.530016 0.335400 1.924088
v -0.555362 0.354950 1.914611
v -0.570937 0.312418 1.909666
v -0.518945 0.278791 1.942128
v -0.654930 0.430052 1.748342
v -0.710971 0.407768 1.596048
v -0.632640 -0.174280 1.809143
v -0.624456 -0.073734 1.825438
v -0.669922 -0.146693 1.755768
v -0.607565 -0.145507 1.838315
v -0.666736 -0.213130 1.762314
v -0.564723 -0.182905 1.873409
v -0.591963 -0.175650 1.842802
v -0.588600 -0.230615 1.856726
v -0.642746 -0.287005 1.790240
v -0.600924 -0.296175 1.836878
v -0.685397 -0.326209 1.736806
v -0.620008 -0.362519 1.812976
v -0.478916 0.118710 2.003285
v -0.493192 0.041952 1.987964
v -0.442560 0.071955 2.054908
v -0.527886 0.091715 1.938700
v -0.558201 0.029799 1.895305
v -0.523278 -0.022514 1.934955
v -0.546361 0.149869 1.913890
v -0.532895 0.211905 1.928492
v -0.498001 0.182314 1.980601
v -0.552607 0.107063 1.910963
v -0.596870 -0.020598 1.864808
v -0.591408 -0.089101 1.852647
v -0.553585 -0.074366 1.892645
v -0.534380 -0.083781 1.922339
v -0.549068 -0.145353 1.890539
v -0.375919 0.228346 2.118128
v -0.435436 0.262373 2.049599
v -0.417399 0.187851 2.077618
v -0.470862 0.253916 2.001914
v -0.448026 0.176455 2.041539
v -0.493469 0.322291 1.965572
v -0.513185 0.227582 1.957191
v -0.417512 0.312971 2.057960
v -0.425215 0.133971 2.076385
v -0.531263 -0.213358 1.899766
v -0.556533 -0.272284 1.869849
v -0.550838 -0.343685 1.878932
v -0.475062 -0.047917 2.000662
v -0.487911 -0.125857 1.972120
v -0.504752 -0.166586 1.933045
v -0.756551 0.490942 1.364444
v -0.751596 0.446636 1.437770
v -0.665111 0.643521 1.560501
v -0.621036 0.657048 1.677901
v -0.590604 0.728301 1.626745
v -0.678641 0.603592 1.577253
v -0.625429 0.743321 1.459952
v -0.652107 0.690761 1.492718
v -0.606470 0.741777 1.552258
v -0.576450 0.804367 1.500372
v -0.693569 0.626444 1.482280
v -0.731922 0.556336 1.369994
v -0.710523 0.565506 1.481372
v -0.699787 0.633770 1.419465
v -0.701834 0.538182 1.547720
v -0.744251 0.473051 1.457172
v -0.712683 0.456825 1.577007
v -0.733464 0.422836 1.520959
v -0.630724 0.580122 1.753452
v -0.666847 0.546711 1.646843
v -0.633117 0.494288 1.772727
v -0.558489 0.690659 1.760422
v -0.597857 0.621517 1.785304
v -0.601773 0.563131 1.832861
v -0.554003 0.627075 1.853765
v -0.521250 0.847572 1.578325
v -0.504089 0.828901 1.658049
v -0.508293 0.764481 1.747883
v -0.514657 0.696282 1.835550
v -0.478143 0.735496 1.842906
v -0.474755 0.796903 1.767738
v -0.446980 0.789114 1.826661
v -0.572985 0.824036 1.423403
v -0.599141 0.788270 1.391654
v -0.635438 0.739680 1.403846
v -0.578500 0.822381 1.284505
v -0.641694 0.736447 1.328356
v -0.705584 0.637554 1.337486
v -0.624115 0.760593 1.236582
v -0.708467 0.637021 1.250249
v -0.758183 0.504422 1.269458
v -0.768855 0.457382 1.266541
v -0.495030 0.562877 1.933757
v -0.564732 0.541749 1.890509
v -0.537408 0.512061 1.914648
v -0.554300 0.574767 1.887056
v -0.554094 0.485212 1.904422
v -0.600098 0.484896 1.844918
v -0.563181 0.456373 1.900100
v -0.500615 0.452611 1.936640
v -0.528806 0.431158 1.920251
v -0.590444 0.425207 1.873080
v -0.445827 0.390411 2.006382
v -0.458847 0.466717 1.979481
v -0.516296 0.374029 1.933620
v -0.464727 0.512776 1.946848
v -0.442590 0.573166 1.944287
v -0.344115 0.311052 2.124270
v -0.395529 0.347001 2.070241
v -0.349045 0.240049 2.137336
v -0.358983 0.475795 2.030424
v -0.379597 0.540616 1.988948
v -0.398503 0.412130 2.037719
v -0.373656 0.400738 2.058960
v -0.290248 0.382087 2.119932
v -0.289179 0.451887 2.080009
v -0.494910 0.624767 1.916690
v -0.423124 0.684010 1.931822
v -0.442563 0.618539 1.934662
v -0.390604 0.642293 1.944086
v -0.338592 0.686667 1.963746
v -0.336679 0.631643 1.962249
v -0.381185 0.590513 1.969308
v -0.329370 0.608226 1.976381
v -0.305925 0.561793 2.010451
v -0.281217 0.663733 1.970889
v -0.233024 0.636775 1.999136
v -0.338523 0.504962 2.020340
v -0.249053 0.502922 2.063555
v -0.237776 0.586293 2.023992
v -0.164005 0.597312 2.032320
v -0.213628 0.543430 2.060507
v -0.362587 0.781449 1.896544
v -0.448730 0.742753 1.877448
v -0.419071 0.722840 1.913792
v -0.373525 0.810537 1.860926
v -0.365510 0.730139 1.929447
v -0.279076 0.759322 1.937698
v -0.238499 0.698746 1.972219
v -0.157151 0.659924 1.996619
v -0.268625 0.434678 2.098539
v -0.184427 0.494476 2.092737
v -0.221068 0.452281 2.109944
v -0.495450 -0.256819 1.932352
v -0.525342 -0.306245 1.891763
v -0.569797 -0.411108 1.852585
v -0.457567 0.010082 2.034845
v -0.135510 0.537011 2.072025
v -0.473361 0.863426 1.637154
v -0.427478 0.896794 1.634303
v -0.437447 0.908792 1.582583
v -0.530136 0.866701 1.478587
v -0.448417 0.927322 1.458322
v -0.527202 0.878946 1.334921
v -0.435493 0.942560 1.346955
v -0.360214 0.956544 1.573370
v -0.361031 0.971701 1.512816
v -0.360589 0.987059 1.415547
v -0.246180 1.029740 1.495177
v -0.225644 0.848312 1.883202
v -0.183399 0.881801 1.852735
v -0.235508 0.884371 1.825533
v -0.227120 0.950810 1.720865
v -0.147735 0.963852 1.742224
v -0.240814 0.981505 1.654034
v -0.134553 1.010970 1.655741
v -0.040035 0.990313 1.742400
v -0.128545 0.921157 1.818568
v -0.187454 0.839229 1.898389
v 0.002418 0.932615 1.837958
v -0.089347 0.902173 1.855862
v -0.082129 0.867279 1.889278
v -0.009097 0.970254 1.785670
v 0.004250 0.891623 1.877997
v 0.002986 0.860699 1.898477
v 0.081651 0.926341 1.858808
v -0.296391 0.890615 1.774852
v -0.401647 0.850713 1.768861
v -0.363899 0.888791 1.723688
v -0.275812 0.799789 1.914281
v -0.195214 0.778738 1.938476
v -0.092286 0.813836 1.925971
v -0.113775 0.725940 1.973214
v -0.442347 0.837606 1.744201
v -0.229316 1.004385 1.608534
v -0.292876 0.983109 1.587044
v -0.244507 1.018755 1.548006
v -0.139620 1.034131 1.587380
v -0.131697 1.054732 1.513811
v -0.348816 0.936203 1.640811
v -0.056423 1.044013 1.625394
v -0.063654 1.019896 1.673968
v -0.057361 0.748360 1.963361
v 0.026528 0.748664 1.948885
v -0.050406 0.808478 1.928701
v 0.014830 0.794073 1.933268
v 0.086447 0.875869 1.900494
v 0.111108 0.803730 1.931263
v 0.189146 0.841316 1.900962
v -0.092979 0.669811 1.987609
v -0.043091 0.702303 1.978104
v -0.033980 0.633338 2.012780
v 0.065417 0.990920 1.781843
v 0.131329 0.974362 1.799517
v 0.041664 1.045236 1.688450
v 0.063966 1.078578 1.623088
v -0.054977 1.070424 1.534171
v -0.008956 1.081723 1.558931
v 0.033745 1.023101 1.725098
v 0.129704 1.073199 1.654624
v 0.088293 1.029478 1.730092
v 0.115030 0.750340 1.953326
v 0.207184 0.977665 1.784747
v 0.164233 1.007722 1.758427
v 0.165916 0.925347 1.841857
v 0.139841 1.048140 1.702545
v 0.207251 1.061497 1.664123
v -0.384313 -0.929347 1.636950
v -0.309270 -0.927850 1.679376
v -0.391690 -0.892511 1.693509
v -0.344554 -0.956120 1.608523
v -0.252318 -0.985941 1.616851
v -0.450846 -0.888951 1.630755
v -0.436553 -0.602056 1.881239
v -0.538268 -0.558457 1.838191
v -0.500466 -0.636265 1.821751
v -0.566118 -0.629308 1.772864
v -0.541662 -0.671548 1.766015
v -0.455888 -0.671189 1.838248
v -0.397760 -0.633857 1.893430
v -0.376502 -0.610883 1.910282
v -0.526269 -0.710757 1.754985
v -0.461212 -0.738302 1.787767
v -0.552534 -0.747959 1.696047
v -0.493264 -0.799900 1.702742
v -0.438552 -0.775602 1.781755
v -0.383136 -0.648320 1.900792
v -0.435786 -0.729064 1.819522
v -0.394312 -0.723746 1.854481
v -0.350294 -0.714061 1.882183
v -0.317614 -0.647221 1.916684
v -0.403909 -0.819580 1.768473
v -0.366461 -0.783506 1.820718
v -0.311139 -0.724142 1.878083
v -0.279991 -0.687829 1.909203
v -0.263657 -0.757299 1.868922
v -0.341692 -0.827059 1.790115
v -0.277670 -0.820104 1.811747
v -0.346206 -0.873964 1.738955
v -0.286691 -0.878165 1.753214
v -0.167264 -0.771051 1.911953
v -0.163434 -0.712945 1.950714
v -0.280458 -0.911759 1.716062
v -0.350935 -0.552845 1.945148
v -0.309196 -0.586434 1.947347
v -0.408077 -0.543549 1.918806
v -0.246181 -0.609390 1.952944
v -0.279844 -0.570914 1.955311
v -0.221562 -0.573686 1.975225
v -0.240720 -0.657191 1.947372
v -0.234349 -0.527840 1.988909
v -0.170382 -0.593355 1.986470
v -0.176053 -0.547754 1.992220
v -0.189368 -0.631714 1.976672
v -0.179109 -0.932203 1.741681
v -0.127141 -0.961792 1.732438
v -0.259161 -0.965197 1.650591
v -0.136795 -0.559498 2.005579
v -0.081649 -0.630890 2.000435
v -0.078787 -0.565801 2.015262
v -0.139958 -0.657876 1.981093
v -0.071793 -0.687562 1.987455
v -0.060711 -0.774836 1.947139
v -0.354362 -0.508912 1.952863
v -0.458606 -0.199637 1.993025
v -0.447855 -0.241010 1.980977
v -0.483038 -0.282684 1.933992
v -0.512782 -0.373071 1.887368
v -0.517568 -0.427789 1.891322
v -0.464753 -0.395893 1.919912
v -0.441544 -0.354591 1.946111
v -0.413925 -0.260221 2.007411
v -0.346699 -0.275455 2.056581
v -0.361514 -0.335066 2.016268
v -0.434197 -0.396432 1.942381
v -0.344880 -0.332233 2.029286
v -0.316475 -0.362018 2.029457
v -0.419552 -0.460152 1.926895
v -0.372765 -0.417195 1.969005
v -0.328472 -0.412661 1.998760
v -0.445960 -0.499898 1.915588
v -0.336786 -0.480057 1.968248
v -0.439817 -0.084601 2.046884
v -0.392912 -0.023631 2.120669
v -0.391534 -0.134289 2.083896
v -0.392153 -0.097892 2.100807
v -0.350965 -0.115843 2.138837
v -0.345349 -0.148950 2.126910
v -0.262355 -0.084910 2.228248
v -0.306149 -0.132299 2.173693
v -0.382018 -0.188506 2.072531
v -0.314676 -0.222867 2.115614
v -0.345526 -0.231184 2.084034
v -0.252399 -0.348245 2.073893
v -0.282796 -0.308028 2.098516
v -0.262187 -0.402610 2.036788
v -0.288398 -0.479590 1.984136
v -0.218837 -0.420175 2.048821
v -0.217124 -0.356374 2.088804
v -0.226509 -0.487395 2.009808
v -0.183388 -0.401120 2.072600
v -0.175019 -0.494450 2.020403
v -0.160297 -0.433695 2.054993
v -0.292622 -0.542530 1.965233
v -0.137264 -0.441556 2.052379
v -0.130140 -0.470268 2.043745
v -0.082268 -0.431607 2.085754
v -0.035616 -0.497656 2.057590
v -0.249064 -0.132844 2.215381
v -0.254800 -0.205782 2.174190
v -0.187155 -0.165323 2.236537
v -0.217074 -0.223843 2.184220
v -0.239239 -0.242946 2.159517
v -0.155543 -0.218426 2.213322
v -0.305613 -0.287071 2.088556
v -0.241537 -0.296667 2.123405
v -0.206384 -0.301662 2.132113
v -0.186377 -0.259423 2.172094
v -0.174287 -0.367856 2.098668
v -0.136140 -0.295308 2.169071
v -0.113962 -0.318028 2.163908
v -0.058872 -0.263984 2.206215
v -0.081119 -0.238780 2.222346
v -0.087025 -0.337854 2.152617
v -0.125403 -0.366420 2.115057
v -0.093227 -0.401702 2.107619
v 0.099309 0.098598 2.277128
v 0.020234 0.044353 2.304393
v 0.083378 0.047065 2.285896
v -0.201805 -0.021123 2.276817
v -0.194289 0.008474 2.298798
v -0.247583 -0.010286 2.258348
v -0.203314 0.052436 2.284775
v -0.162368 0.035477 2.305718
v -0.125982 -0.022627 2.309587
v -0.130983 0.051694 2.311205
v -0.167657 -0.037294 2.297153
v -0.142217 -0.088728 2.288492
v -0.206222 -0.104476 2.251692
v -0.177701 0.087339 2.285364
v -0.163915 0.078360 2.298484
v -0.150980 0.127118 2.296328
v -0.081975 0.095477 2.308275
v -0.056262 0.055611 2.314593
v -0.267672 -0.035952 2.237260
v -0.032982 -0.000503 2.310046
v -0.006964 -0.067451 2.300287
v -0.098426 -0.089734 2.299305
v -0.058863 -0.085863 2.299196
v -0.059676 -0.133107 2.281889
v -0.168973 0.180901 2.275640
v -0.091079 0.151997 2.303267
v -0.045215 0.168652 2.296698
v -0.142099 0.224745 2.278490
v -0.089137 0.241003 2.283065
v 0.000340 0.217690 2.275697
v -0.020164 0.099448 2.308318
v -0.074363 0.290973 2.260762
v 0.032633 0.153764 2.290685
v -0.120534 -0.162417 2.245700
v -0.106122 -0.146522 2.269305
v -0.092860 -0.184295 2.244600
v -0.299311 0.246378 2.180270
v -0.237979 0.234404 2.226430
v -0.274712 0.304264 2.171159
v -0.342869 0.201716 2.156272
v -0.294949 0.179123 2.206650
v -0.270434 0.196800 2.225269
v -0.226571 0.359998 2.163701
v -0.226149 0.307196 2.200667
v -0.351618 0.147400 2.157320
v -0.298690 0.154299 2.211372
v -0.301635 0.087814 2.220813
v -0.363703 0.138848 2.138810
v -0.369867 0.074555 2.145938
v -0.314983 0.070608 2.200851
v -0.355384 0.028498 2.161477
v -0.184093 0.220910 2.267454
v -0.174574 0.288080 2.236568
v -0.218308 0.196213 2.255439
v -0.210650 0.122889 2.272933
v -0.162810 0.324264 2.221869
v -0.133206 0.281062 2.258612
v -0.110767 0.335500 2.224797
v -0.187510 0.140331 2.280731
v -0.271916 0.121878 2.239713
v -0.253529 0.067229 2.261373
v -0.282486 0.018745 2.236428
v -0.336139 -0.012969 2.173557
v -0.306995 -0.019527 2.211066
v -0.282189 -0.059859 2.224564
v 0.037276 -0.029178 2.293786
v -0.021060 -0.143051 2.276506
v 0.045453 -0.108541 2.270742
v -0.015328 -0.186485 2.253913
v -0.005973 -0.265170 2.217566
v -0.013203 -0.334289 2.174254
v 0.137628 0.175145 2.246633
v 0.219918 0.154410 2.214115
v 0.227273 0.240172 2.197749
v 0.242794 0.336388 2.155682
v 0.157709 0.236236 2.218302
v 0.109962 0.146046 2.266816
v 0.181115 0.116209 2.233588
v -0.030827 0.365436 2.219586
v 0.017800 0.272001 2.260396
v 0.037953 0.330171 2.236058
v 0.068271 0.260804 2.253431
v 0.023173 0.451585 2.159641
v 0.082389 0.398886 2.186343
v 0.128631 0.320083 2.201736
v 0.140273 0.277499 2.221060
v 0.167554 0.358087 2.173167
v 0.090354 0.203929 2.266794
v 0.178714 0.316677 2.183352
v -0.236548 0.415851 2.129660
v -0.180462 0.366333 2.185062
v -0.174233 0.444796 2.129286
v -0.153223 0.428412 2.150546
v -0.099832 0.451285 2.138693
v -0.132746 0.392154 2.179494
v -0.170931 0.380568 2.174350
v -0.054804 0.395608 2.192359
v -0.010137 0.493470 2.120335
v 0.211606 0.358004 2.151349
v -0.022456 -0.864730 1.884277
v 0.028763 -0.864193 1.902215
v 0.024522 -0.937567 1.818217
v 0.035726 -0.898369 1.866503
v 0.010205 -0.477890 2.076437
v 0.031614 -0.552788 2.041370
v -0.007234 -0.593529 2.019272
v 0.050539 -0.457305 2.098776
v 0.097517 -0.526056 2.061054
v 0.071424 -0.602194 2.018867
v 0.046143 -0.659124 1.996323
v 0.116385 -0.659066 1.997466
v -0.030143 -0.645214 1.995751
v 0.037522 -0.727649 1.984967
v 0.043632 -0.802689 1.950619
v 0.010811 -0.425122 2.112975
v 0.026559 -0.326816 2.179152
v 0.119466 -0.475764 2.088775
v 0.188014 0.018761 2.227577
v 0.159817 0.043628 2.247632
v 0.100317 -0.021646 2.270375
v 0.140996 -0.039512 2.250028
v 0.215973 -0.080546 2.197573
v 0.274408 0.040759 2.185266
v 0.276594 -0.009531 2.180609
v 0.273998 -0.043502 2.171466
v 0.117884 -0.191116 2.214151
v 0.163099 -0.230050 2.185011
v 0.175876 -0.160656 2.190975
v 0.209039 -0.203149 2.170429
v 0.039389 -0.252142 2.220870
v 0.090722 -0.342931 2.160861
v 0.110036 -0.267881 2.192624
v 0.190911 -0.291300 2.154236
v 0.163160 -0.335899 2.148778
v 0.103623 -0.406988 2.127080
v 0.161104 -0.425721 2.107352
v 0.062616 -0.147117 2.252958
v 0.126396 -0.142908 2.225538
v 0.220054 0.051033 2.212777
v 0.145830 0.393273 2.162767
v 0.168075 0.463694 2.110401
v 0.113587 0.477145 2.126544
v 0.051903 0.508160 2.108223
v -0.005689 0.648751 2.004886
v -0.002116 0.573846 2.057284
v -0.068798 0.562160 2.061687
v 0.072231 0.612176 2.027620
v 0.105538 0.558913 2.061125
v 0.041159 0.687169 1.983985
v 0.099532 0.667720 1.988291
v 0.157907 0.647500 1.995623
v 0.158748 0.531671 2.073940
v 0.217462 0.545309 2.042682
v 0.201069 0.603880 2.008006
v 0.204685 0.459883 2.099725
v 0.247945 0.412256 2.113974
v 0.198053 0.751417 1.948672
v 0.230199 0.716727 1.944802
v 0.220389 0.647327 1.981092
v 0.285664 0.698376 1.945635
v 0.268291 0.510701 2.037055
v -0.705556 -0.713755 1.362076
v -0.078415 -0.967036 1.741507
v -0.000043 -0.989444 1.740529
v -0.689150 -0.407536 0.747397
v -0.633566 -0.511118 0.725246
v -0.773698 -0.218847 0.878294
v -0.762482 -0.166259 0.858160
v -0.583885 -0.695999 1.695035
v -0.790459 0.061971 1.443615
v 0.133783 1.101420 1.572566
v -0.088439 -0.830163 1.896420
v 0.281928 0.306345 2.150054
v 0.233720 0.102805 2.206403
v -0.222093 -0.894650 0.623206
v -0.186131 -0.893358 0.595648
v -0.178046 -0.960339 0.704449
v -0.123221 -0.915391 0.599202
v -0.120948 -0.952822 0.660474
v -0.085865 -0.934515 0.612965
v -0.165230 -1.030785 0.866425
v -0.172354 -1.003419 0.799237
v -0.091619 -1.028190 0.803697
v -0.094025 -1.057135 0.893251
v -0.118288 -0.990653 0.726997
v -0.006447 -1.027951 0.783268
v -0.055152 -0.977091 0.678514
v -0.109249 -1.081014 1.000339
v -0.020797 -1.085716 0.974406
v -0.020075 -1.052606 0.851403
v -0.044644 -1.108687 1.091084
v 0.036501 -1.098417 1.033002
v 0.104333 -1.081745 0.955337
v 0.125690 -0.991824 0.731834
v 0.177841 -0.992091 0.755755
v 0.109630 -1.027412 0.800009
v 0.116461 -1.100903 1.048164
v 0.090222 -1.046595 0.844421
v 0.150757 -1.040355 0.863255
v 0.170083 -1.068094 0.956634
v 0.252364 -1.031270 0.890972
v -0.000563 -0.943490 0.616242
v 0.039170 -0.996692 0.714517
v 0.175650 -1.093840 1.072155
v 0.244802 -1.056069 0.960150
v 0.282258 -1.078614 1.089708
v 0.318068 -1.039651 0.977251
v -0.035614 -1.115441 1.376718
v -0.044886 -1.120229 1.259838
v 0.017771 -1.120323 1.287051
v 0.026068 -1.111914 1.396770
v 0.123721 -1.120722 1.313931
v 0.125018 -1.122600 1.240853
v -0.053933 -1.118882 1.225042
v 0.119522 -1.121457 1.207564
v 0.009545 -1.115059 1.153610
v 0.116134 -1.114970 1.134273
v 0.196403 -0.958361 0.699424
v 0.214376 -0.922957 0.648804
v 0.299354 -0.935390 0.711714
v 0.281339 -0.979497 0.785133
v 0.469140 -0.943722 0.890192
v 0.389827 -0.996597 0.925064
v 0.364365 -0.961136 0.808880
v 0.528973 -0.821803 0.741737
v 0.473274 -0.903356 0.806787
v 0.436100 -0.859309 0.700386
v 0.375280 -0.909721 0.723835
v 0.331634 -1.007923 0.891694
v 0.391334 -1.019196 0.997093
v 0.605196 -0.823920 0.843566
v 0.554625 -0.903557 0.920475
v 0.724934 -0.743577 0.887468
v 0.651337 -0.836547 0.949222
v 0.469280 -0.988192 1.018702
v 0.410858 -1.041554 1.126559
v 0.385372 -1.046331 1.096102
v 0.548488 -0.942116 1.008980
v 0.661893 -0.883116 1.112370
v 0.599199 -0.941945 1.162025
v 0.574398 -0.949688 1.102018
v 0.701786 -0.859398 1.146531
v 0.676339 -0.851163 1.038235
v 0.751432 -0.801153 1.079426
v 0.524982 -0.976338 1.083757
v 0.544363 -0.976101 1.143061
v 0.199119 -1.075892 1.512609
v 0.309285 -1.063650 1.470606
v 0.307055 -1.033206 1.574308
v 0.152410 -1.099499 1.464421
v 0.158744 -1.079208 1.541781
v 0.212057 -1.095646 1.409895
v 0.216205 -1.104046 1.310156
v 0.290876 -1.089558 1.331452
v 0.278866 -1.093436 1.233853
v 0.363802 -1.063458 1.167132
v 0.348078 -1.074123 1.267457
v 0.418961 -1.038078 1.419122
v 0.420754 -1.014622 1.522981
v 0.591670 -0.960973 1.291805
v 0.659636 -0.902698 1.237376
v 0.653496 -0.909218 1.326712
v 0.511610 -1.004639 1.248571
v 0.414070 -1.050911 1.241681
v 0.038190 -1.066546 1.581248
v 0.128360 -1.045490 1.635004
v 0.027779 -1.094461 1.490065
v 0.174228 -1.038545 1.640343
v 0.236903 -1.013754 1.655981
v 0.236415 -0.985035 1.709498
v 0.225610 -1.042005 1.595143
v 0.139563 -1.115209 1.372177
v 0.849310 -0.684033 1.034513
v 0.818262 -0.682697 0.954972
v 0.877101 -0.614650 0.985969
v 0.860336 -0.596903 0.919378
v 0.789217 -0.641806 0.828341
v 0.866726 -0.696711 1.140244
v 0.888710 -0.627307 1.049652
v 0.916353 -0.629856 1.190650
v 0.797569 -0.764524 1.118052
v 0.774404 -0.759432 1.030817
v 0.910866 -0.607233 1.503947
v 0.928097 -0.528160 1.551822
v 0.889568 -0.584689 1.602440
v 0.941260 -0.543129 1.467145
v 0.913817 -0.624589 1.450290
v 0.837623 -0.611896 1.684414
v 0.868833 -0.546425 1.686997
v 0.794496 -0.645603 1.711661
v 0.850444 -0.657505 1.603961
v 0.921449 -0.493064 1.612671
v 0.865517 -0.682765 1.506317
v 0.512893 -0.926375 1.645624
v 0.419015 -0.986158 1.607692
v 0.509770 -0.957428 1.577115
v 0.504728 -0.984850 1.489712
v 0.521386 -0.997292 1.384450
v 0.587729 -0.953599 1.429217
v 0.582036 -0.928948 1.539058
v 0.674271 -0.876550 1.465179
v 0.659415 -0.899381 1.397880
v 0.713685 -0.863096 1.240563
v 0.666161 -0.778301 1.697793
v 0.616287 -0.863434 1.625451
v 0.693004 -0.802489 1.628513
v 0.758111 -0.705737 1.678677
v 0.561674 -0.830422 1.743171
v 0.495522 -0.908393 1.694844
v 0.570420 -0.873340 1.672985
v 0.676778 -0.834618 1.581423
v 0.777576 -0.754282 1.568655
v 0.719891 -0.824669 1.522869
v 0.772274 -0.787815 1.490428
v 0.875604 -0.692469 1.434459
v 0.711604 -0.852587 1.433059
v 0.712758 -0.866291 1.340140
v 0.919485 -0.632741 1.356169
v 0.881602 -0.698774 1.321983
v 0.775558 -0.807743 1.375419
v 0.792074 -0.794492 1.274542
v 0.875515 -0.704512 1.237971
v 0.910203 -0.650579 1.257996
v 0.928418 -0.613399 1.263710
v 0.765753 -0.809687 1.175825
v 0.833548 -0.745559 1.232727
v 0.329004 -0.985392 1.671907
v 0.418700 -0.950112 1.681902
v 0.410652 -0.913743 1.747462
v 0.168316 -0.962114 1.775565
v 0.156949 -0.999901 1.720830
v 0.114830 -0.988274 1.739184
v 0.309961 -0.947446 1.743187
v 0.246773 -0.948466 1.761239
v 0.763969 -0.606549 1.797166
v 0.812816 -0.592450 1.747290
v 0.718567 -0.682142 1.753216
v 0.832166 -0.532407 1.766001
v 0.889886 -0.449987 1.708734
v 0.772447 -0.686612 0.872328
v 0.060355 -1.038885 1.647459
v 0.475886 -0.860897 1.781633
v 0.943882 -0.538432 1.120465
v 0.903012 -0.584624 1.033686
v 0.924172 -0.509207 0.996934
v 0.971517 -0.457512 1.065863
v 0.902802 -0.505211 0.934724
v 0.984818 -0.366177 1.597395
v 1.003275 -0.380606 1.527106
v 1.036357 -0.314158 1.562145
v 0.962847 -0.448679 1.555343
v 1.018896 -0.400977 1.434369
v 1.039821 -0.335909 1.507859
v 0.977725 -0.474317 1.461804
v 1.059305 -0.342486 1.418959
v 0.950873 -0.548521 1.396386
v 1.035873 -0.388845 1.362326
v 1.089674 -0.312233 1.330221
v 1.042492 -0.383978 1.311272
v 1.043826 -0.379867 1.261081
v 1.114215 -0.278327 1.302168
v 1.012241 -0.438072 1.319477
v 1.011378 -0.433346 1.231718
v 0.956578 -0.547650 1.233511
v 0.997019 -0.446110 1.164608
v 0.973311 -0.499272 1.168559
v 0.965871 -0.532434 1.315682
v 1.080365 -0.235114 1.581318
v 1.093181 -0.269533 1.485225
v 1.126259 -0.172876 1.536121
v 1.144266 -0.176614 1.459717
v 1.106549 -0.278784 1.396965
v 1.157820 -0.170428 1.378978
v 1.124496 -0.250391 1.349623
v 1.162579 -0.168831 1.274869
v 0.962608 -0.411884 0.981404
v 0.988679 -0.394974 1.027071
v 1.030661 -0.338814 1.061435
v 1.047969 -0.337787 1.118187
v 1.010045 -0.339736 0.993234
v 1.097224 -0.280890 1.144634
v 1.086500 -0.264455 1.061356
v 1.121376 -0.222083 1.118089
v 1.001939 -0.401390 1.087940
v 1.134202 -0.218975 1.187707
v 1.105144 -0.288968 1.245142
v 1.027779 -0.396688 1.196468
v 0.930159 -0.588493 1.169425
v 1.201954 -0.008987 1.335671
v 1.174961 -0.113316 1.255219
v 1.203568 -0.004873 1.251518
v 1.186534 -0.058409 1.217480
v 1.164246 -0.134972 1.184509
v 1.151756 -0.189095 1.224787
v 1.150532 -0.161118 1.131024
v 0.956823 -0.335676 1.681546
v 0.928376 -0.406840 1.671203
v 1.093211 -0.151815 1.642557
v 1.134274 -0.050243 1.602158
v 1.051880 -0.230503 1.649762
v 0.998077 -0.275466 1.687860
v 1.220575 0.234781 1.348341
v 1.218882 0.287361 1.349494
v 1.215312 0.246422 1.404068
v 1.199113 0.174671 1.453161
v 1.213871 0.156182 1.341934
v 1.188455 0.081388 1.494403
v 1.204765 0.097915 1.407601
v 0.292118 1.081798 1.568778
v 0.287852 1.056034 1.641831
v 0.375930 1.084857 1.540414
v 0.290261 1.013802 1.715340
v 0.354487 1.013365 1.700603
v 0.369103 1.050964 1.632784
v 0.232723 -0.590994 2.020308
v 0.283654 -0.663272 1.990849
v 0.311972 -0.592641 2.003916
v 0.314327 -0.638526 1.987775
v 0.355136 -0.629649 1.983786
v 0.320000 -0.689230 1.990034
v 0.357939 -0.604791 1.981356
v 0.375676 -0.539363 2.004564
v 0.407664 -0.623699 1.966553
v 0.212455 -0.652494 2.005020
v 0.257498 -0.702485 1.997756
v 0.242628 -0.751565 1.981964
v 0.293433 -0.785869 1.946612
v 0.179490 -0.800797 1.959183
v 0.254403 -0.825131 1.918132
v 0.198148 -0.831381 1.929477
v 0.317433 -0.541124 2.019846
v 0.247276 -0.531306 2.042352
v 0.137843 -0.899546 1.856623
v 0.248576 -0.413276 2.088064
v 0.200616 -0.463252 2.083452
v 0.306509 -0.463690 2.056394
v 0.162591 -0.589955 2.025167
v 0.150297 -0.663273 2.000408
v 0.176920 -0.730456 1.993214
v 0.366700 -0.693454 1.972746
v 0.401638 -0.677859 1.970302
v 0.363703 -0.745562 1.958606
v 0.449954 -0.727318 1.939878
v 0.437766 -0.674142 1.956110
v 0.492428 -0.695092 1.927432
v 0.474940 -0.628834 1.956316
v 0.402889 -0.792908 1.911330
v 0.461649 -0.807473 1.864017
v 0.499535 -0.755463 1.886835
v 0.362290 -0.802589 1.915084
v 0.341260 -0.855540 1.854851
v 0.395098 -0.839699 1.860058
v 0.402857 -0.274549 2.073354
v 0.471021 -0.335564 2.029487
v 0.486318 -0.292482 2.037436
v 0.449718 -0.395944 2.022776
v 0.373304 -0.369371 2.062104
v 0.439172 -0.456235 2.007842
v 0.553071 -0.351106 1.988460
v 0.473085 -0.460558 1.994285
v 0.317518 -0.380056 2.079741
v 0.355363 -0.475874 2.032739
v 0.432030 -0.532603 1.981394
v 0.314969 -0.303442 2.103899
v 0.567488 -0.400145 1.972820
v 0.531792 -0.473154 1.973051
v 0.588982 -0.440906 1.949661
v 0.585897 -0.475592 1.950649
v 0.451355 -0.561220 1.971089
v 0.508651 -0.546971 1.962450
v 0.597935 -0.524602 1.938896
v 0.507594 -0.578561 1.964050
v 0.536132 -0.631374 1.936646
v 0.581050 -0.581259 1.940155
v 0.632668 -0.433375 1.935574
v 0.636936 -0.384919 1.942460
v 0.618766 -0.547456 1.932509
v 0.691932 -0.488682 1.921344
v 0.581175 -0.614755 1.925655
v 0.574182 -0.678101 1.892223
v 0.669097 -0.427782 1.924570
v 0.723838 -0.513145 1.899727
v 0.733181 -0.426758 1.911201
v 0.680321 -0.593153 1.877081
v 0.757113 -0.558132 1.852308
v 0.674377 -0.652980 1.828578
v 0.540019 -0.743464 1.857339
v 0.335570 -0.242513 2.110347
v 0.313194 -0.101254 2.147430
v 0.270878 -0.129234 2.154541
v 0.240106 -0.160448 2.165262
v 0.291500 -0.186028 2.138389
v 0.379465 -0.150658 2.105535
v 0.272607 -0.247926 2.134178
v 0.243139 -0.269625 2.137837
v 0.230584 -0.327876 2.128481
v 0.428799 -0.206743 2.076359
v 0.780163 -0.337469 1.910514
v 0.846749 -0.283238 1.882840
v 0.801199 -0.245630 1.921527
v 0.811213 -0.355723 1.880609
v 0.879855 -0.298587 1.839938
v 0.764470 -0.451380 1.890288
v 0.829413 -0.417386 1.833992
v 0.781379 -0.549613 1.831870
v 0.607368 -0.117028 2.010647
v 0.621363 -0.204936 1.988396
v 0.647307 -0.125395 1.992624
v 0.708495 -0.207034 1.945464
v 0.552301 -0.259682 2.010344
v 0.659222 -0.251895 1.957250
v 0.569716 -0.329940 1.987913
v 0.604259 -0.300736 1.970036
v 0.656920 -0.314814 1.944957
v 0.717208 -0.185006 1.946519
v 0.719752 -0.291747 1.913770
v 0.743917 -0.241844 1.929922
v 0.761333 -0.198901 1.928202
v 0.754773 -0.286929 1.927328
v 0.698937 -0.369231 1.926457
v 0.714643 -0.328632 1.919844
v 0.730942 -0.338459 1.924709
v 0.553693 -0.144157 2.032150
v 0.574889 -0.086389 2.038813
v 0.488100 -0.124929 2.062640
v 0.499791 -0.223493 2.040790
v 0.620302 -0.053742 2.024845
v 0.647494 -0.350409 1.945701
v 0.267070 0.090855 2.192464
v 0.361306 0.130244 2.147651
v 0.287005 0.151882 2.183247
v 0.324045 0.221146 2.158665
v 0.384782 0.003761 2.130232
v 0.382980 -0.036107 2.127055
v 0.400730 0.074313 2.132880
v 0.456984 0.035702 2.098327
v 0.501389 0.097203 2.075893
v 0.473379 -0.048531 2.087194
v 0.426490 -0.076782 2.099583
v 0.525273 0.027961 2.067997
v 0.587774 -0.007237 2.039006
v 0.220706 -0.406993 2.101890
v 0.816602 -0.115039 1.929523
v 0.827009 -0.069575 1.927705
v 0.772187 -0.103037 1.941121
v 0.750723 -0.146230 1.942728
v 0.798198 -0.169347 1.921453
v 0.847967 -0.173169 1.917475
v 0.839261 -0.096820 1.926654
v 0.891485 -0.202761 1.891386
v 0.891752 -0.105700 1.920441
v 0.907596 -0.245784 1.849405
v 0.981827 -0.176962 1.825659
v 0.928175 -0.261392 1.812823
v 0.655624 0.008373 2.011394
v 0.709406 -0.019141 1.981769
v 0.678699 0.053780 1.993106
v 0.795942 -0.030779 1.947329
v 0.726420 -0.068937 1.972220
v 0.680074 -0.083906 1.984710
v 0.718470 0.032970 1.975056
v 0.881178 0.339039 1.898465
v 0.808727 0.337567 1.898773
v 0.842947 0.310330 1.900046
v 0.845928 0.274042 1.909982
v 0.874521 0.286419 1.910132
v 0.776575 0.278641 1.923532
v 0.810592 0.236229 1.918170
v 0.861865 0.243766 1.913169
v 0.829822 0.193193 1.928101
v 0.722476 0.230030 1.954257
v 0.758700 0.170125 1.956818
v 0.791462 0.114504 1.946056
v 0.723193 0.101175 1.975618
v 1.113701 -0.013251 1.668856
v 1.098253 0.055833 1.716725
v 1.057543 -0.023142 1.779800
v 1.126763 0.069814 1.663339
v 0.957729 0.315146 1.892461
v 0.913699 0.313794 1.905812
v 0.929146 0.223522 1.913851
v 0.892117 0.163155 1.934522
v 0.857499 0.176875 1.925065
v 0.875705 0.153551 1.935979
v 0.940431 0.136557 1.910422
v 0.992234 0.228634 1.870225
v 0.982067 0.137263 1.876006
v 0.831363 0.154091 1.932136
v 0.839344 0.108024 1.932522
v 0.799642 0.046216 1.942546
v 0.836348 0.050912 1.927524
v 0.841550 -0.012288 1.932971
v 0.884159 0.034989 1.942591
v 0.909975 0.081348 1.935805
v 0.953906 -0.000631 1.913460
v 0.888358 -0.037657 1.933618
v 0.966781 0.069251 1.905117
v 1.033631 0.173740 1.815323
v 1.020238 0.131987 1.835536
v 1.086127 0.129488 1.731887
v 1.021806 0.054818 1.850745
v 0.997985 -0.003360 1.877409
v 0.982419 -0.132185 1.854887
v 1.023030 -0.034703 1.835682
v 0.928183 -0.125742 1.899760
v 1.021373 -0.141250 1.795368
v 1.018594 -0.198088 1.750439
v 1.055382 -0.159301 1.720024
v 1.054344 -0.130754 1.738177
v 0.942784 0.751692 1.635103
v 0.964360 0.753590 1.600155
v 0.920742 0.793900 1.598811
v 0.799997 0.898524 1.555006
v 0.969326 0.792266 1.518240
v 1.021466 0.721616 1.534263
v 1.185730 0.460873 1.467876
v 1.194777 0.393955 1.477567
v 1.201082 0.438318 1.407804
v 0.988983 0.374579 1.859399
v 0.966430 0.444430 1.853880
v 0.984513 0.309109 1.879102
v 0.995027 0.481183 1.817749
v 1.020298 0.365502 1.837972
v 1.031776 0.483347 1.776539
v 1.053023 0.357675 1.799383
v 1.027915 0.283729 1.839913
v 1.082143 0.411453 1.735745
v 1.087857 0.513415 1.675236
v 1.148686 0.419494 1.612829
v 1.120496 0.536244 1.592508
v 1.140430 0.514499 1.563982
v 1.167303 0.413056 1.570721
v 1.154101 0.315045 1.624690
v 1.186105 0.290494 1.533039
v 0.959224 0.668852 1.700764
v 1.005566 0.674781 1.633982
v 1.079890 0.627186 1.574746
v 0.883403 0.695701 1.759094
v 0.947716 0.615927 1.768398
v 1.057899 0.591869 1.659033
v 1.005371 0.538987 1.772655
v 1.084290 0.667843 1.478238
v 1.113393 0.603338 1.525026
v 1.115545 0.638764 1.431181
v 1.148597 0.560410 1.471659
v 0.843645 0.374567 1.891816
v 0.871429 0.396317 1.883412
v 0.941329 0.553798 1.820536
v 0.911928 0.474942 1.865057
v 0.923952 0.521397 1.846896
v 1.080116 0.300098 1.764540
v 1.108908 0.331757 1.714838
v 1.150436 0.238181 1.627108
v 1.169914 0.256208 1.582697
v 1.200863 0.235893 1.475761
v 1.185322 0.165591 1.516729
v 1.145500 0.153739 1.622102
v 1.109265 0.184090 1.696785
v 1.165692 0.151391 1.572473
v 1.164906 0.098840 1.573049
v 1.162671 0.039441 1.567436
v 0.674540 0.146770 1.989238
v 0.871493 0.445682 1.877005
v 0.638767 0.088018 2.007980
v 0.397342 0.303593 2.086576
v 0.404752 0.174070 2.119139
v 0.426927 0.239781 2.089937
v 0.416819 0.324368 2.061164
v 0.459223 0.269911 2.053526
v 0.464013 0.198177 2.078531
v 0.487958 0.238248 2.054733
v 0.498947 0.145882 2.070897
v 0.532380 0.209777 2.038180
v 0.479774 0.298828 2.033539
v 0.527795 0.316558 1.996925
v 0.460786 0.339947 2.027047
v 0.590500 0.272077 1.987332
v 0.537646 0.240943 2.022481
v 0.593267 0.252126 1.992289
v 0.620332 0.185490 2.004502
v 0.571807 0.163010 2.032988
v 0.589933 0.091362 2.033216
v 0.587660 0.052063 2.037706
v 0.676159 0.203469 1.976777
v 0.346992 0.420323 2.067609
v 0.283498 0.355424 2.131660
v 0.342847 0.362514 2.090979
v 0.286270 0.452694 2.071466
v 0.366806 0.467663 2.025315
v 0.370295 0.395612 2.055435
v 0.387694 0.329165 2.079072
v 0.435911 0.383969 2.025481
v 0.336414 0.294837 2.127888
v 0.424487 0.460930 1.995541
v 0.488459 0.709402 1.894644
v 0.379339 0.701400 1.933037
v 0.414287 0.670013 1.932086
v 0.429722 0.649825 1.925084
v 0.492920 0.599812 1.914191
v 0.531185 0.646446 1.896482
v 0.548154 0.693457 1.880584
v 0.492458 0.927717 1.759373
v 0.501816 0.870568 1.818175
v 0.572732 0.870858 1.793772
v 0.563975 0.924575 1.733149
v 0.625533 0.909507 1.717207
v 0.516724 0.984523 1.659804
v 0.629993 0.949166 1.659965
v 0.673020 0.838377 1.763565
v 0.659884 0.677590 1.855920
v 0.654164 0.742149 1.841529
v 0.516501 0.787349 1.863551
v 0.545466 0.822647 1.838830
v 0.657416 0.789719 1.816434
v 0.464493 0.813030 1.865466
v 0.414321 0.879665 1.841055
v 0.369562 0.830197 1.882739
v 0.708012 0.771490 1.811657
v 0.726672 0.878369 1.670706
v 0.749162 0.806754 1.751209
v 0.591766 0.643983 1.884875
v 0.728543 0.928023 1.583827
v 0.646325 0.997105 1.542384
v 0.633930 0.973674 1.610368
v 0.788065 0.847810 1.662211
v 0.785006 0.876239 1.619070
v 0.299098 0.851298 1.884252
v 0.318039 0.919748 1.827291
v 0.423363 0.910988 1.808939
v 0.403323 0.934864 1.787635
v 0.449668 0.973817 1.716969
v 0.456461 1.032504 1.621928
v 0.321918 0.755681 1.922872
v 0.349924 0.667550 1.946733
v 0.302862 0.617094 1.975267
v 0.330832 0.614744 1.962361
v 0.392700 0.642281 1.937231
v 0.339396 0.568361 1.986442
v 0.372020 0.586708 1.962601
v 0.423977 0.578087 1.949550
v 0.266424 0.789936 1.917111
v 0.261168 0.587527 2.000133
v 0.294037 0.532225 2.019344
v 0.356565 0.521953 1.998904
v 0.418609 0.520658 1.977473
v 0.518439 0.548648 1.923938
v 0.543301 0.423225 1.955688
v 0.590683 0.452150 1.923590
v 0.578333 0.503946 1.916517
v 0.729478 0.695179 1.837324
v 0.805095 0.714258 1.803172
v 0.571437 0.602704 1.893111
v 0.611512 0.552762 1.891126
v 0.644649 0.616284 1.872949
v 0.622313 0.486260 1.903557
v 0.655402 0.403312 1.920037
v 0.606808 0.370620 1.943642
v 0.752756 0.382556 1.900306
v 0.689996 0.314159 1.935301
v 0.715775 0.420276 1.899250
v 0.642133 0.293932 1.962971
v 0.694848 0.476105 1.891126
v 0.747707 0.315520 1.921615
v 0.703353 0.270101 1.951470
v 0.771853 0.420889 1.885148
v 0.803524 0.412925 1.885087
v 0.781192 0.348243 1.906036
v 0.680589 0.538070 1.874621
v 0.744763 0.634835 1.851863
v 0.721080 0.562071 1.872545
v 0.791284 0.565804 1.857423
v 0.702751 0.533968 1.871053
v 0.737195 0.527512 1.867471
v 0.735129 0.466129 1.883225
v 0.780781 0.451645 1.886491
v 0.797563 0.484562 1.881380
v 0.824396 0.638103 1.835596
v 0.846902 0.654098 1.821481
v 0.817742 0.753975 1.759621
v 0.882513 0.605741 1.825409
v 0.853167 0.561308 1.849534
v 0.830518 0.424577 1.879215
v 0.852399 0.402906 1.891860
v 0.535747 0.360006 1.979855
v 0.487189 0.416643 1.987199
v 0.478926 0.451907 1.975851
v 0.840031 0.769311 1.721924
v 0.839234 -0.375777 1.838531
v 1.194788 -0.009851 1.407461
v 1.211132 0.073790 1.327392
v 1.182730 -0.018611 1.466966
v 0.286351 0.223679 2.172801
v 0.893181 0.757758 1.685054
v 0.302033 0.993852 1.739399
v 0.266729 0.935172 1.811390
v -0.278527 -0.845336 0.601503
v -0.375805 -0.785272 0.615312
v -0.155163 -0.863790 0.541384
v -0.075153 -0.882002 0.538084
v -0.434608 -0.713564 0.607078
v -0.609568 -0.495146 0.677704
v -0.557142 -0.585704 0.659037
v -0.397197 -0.523822 0.458298
v -0.393653 -0.540141 0.457353
v 0.316734 -0.883919 0.643833
v 0.736569 -0.693971 0.825334
v 1.094426 -0.212827 1.002486
v 1.133973 -0.152718 1.042173
v 1.176491 -0.053380 1.123200
v -0.412155 -0.315498 0.411838
v -0.533612 -0.179537 0.511425
v -0.425552 0.123904 0.479980
v 0.039470 -0.250291 0.144753
v -0.741761 -0.189320 0.808054
v -0.646558 0.060068 0.697235
v -0.102647 0.194758 0.259797
v 0.305443 0.306630 0.162754
v 0.696060 0.416316 0.362312
v 1.188816 0.460413 1.137106
v 1.168643 0.492788 1.077579
v 1.094546 0.448753 0.818500
v 1.223629 0.257158 1.285614
v 1.215011 0.104143 1.266609
v 1.211373 0.080359 1.203820
v 1.207963 0.099272 1.153495
v 1.198643 0.007408 1.169173
v 1.138308 0.523788 1.005606
v 1.088977 0.552017 0.894705
v 0.899969 0.422848 0.527667
v 1.168057 0.515965 1.125519
v 1.177718 0.524152 1.237131
v 1.196266 0.472798 1.333210
v 1.170635 0.538340 1.370550
v -0.489132 0.155334 0.542141
v -0.674105 0.105393 0.756191
v -0.230383 0.514162 0.455318
v -0.270426 0.604961 0.524751
v 0.809492 0.742528 0.673545
v -0.762517 0.207672 0.991932
v -0.756199 0.309954 1.035149
v -0.748437 0.510826 1.101043
v -0.674149 0.681985 1.183213
v -0.212104 1.027296 1.111540
v -0.303582 0.968150 1.022536
v -0.414235 0.951639 1.253954
v -0.393300 0.867035 0.894068
v -0.244384 1.037391 1.431328
v -0.225834 1.040047 1.215286
v -0.180065 1.044206 1.174484
v -0.349780 0.994264 1.348510
v -0.005448 1.096406 1.497126
v 0.048519 1.106693 1.514383
v -0.056289 1.085733 1.429821
v -0.197131 1.050138 1.429970
v 0.614393 1.039874 1.254243
v 0.673722 1.017235 1.208193
v 0.294022 1.114761 1.349684
v 0.295044 1.100360 1.494580
v 0.312233 1.110419 1.422110
v 0.249288 1.109326 1.470659
v 0.367201 1.100598 1.489527
v 0.476241 1.050595 1.561833
v 0.547063 1.026636 1.540171
v 0.155488 1.115628 1.515890
v 0.238337 1.117830 1.380257
v 0.547572 1.046359 1.465270
v 0.699583 0.979367 1.496621
v 0.880407 0.870378 1.465777
v 0.984748 0.795303 1.465295
v 1.029616 0.747265 1.424117
v -0.722960 0.592755 1.166060
v 0.618663 1.016043 1.499148
v -0.039954 -1.098168 1.470944
v -0.019687 -1.076553 1.558654
v -0.724042 0.332263 1.557587
v -0.727723 0.266539 1.556167
v -0.746859 0.309217 1.479480
v 0.209844 1.017982 1.734827
v 0.203642 1.099418 1.557156
v -0.158147 -0.865460 1.824933
v -0.094685 -0.881160 1.840928
v 0.108235 -0.811624 1.948332
v 0.177202 -0.497390 2.074361
v 0.110237 -0.578778 2.032784
v 0.119690 -0.703461 2.003959
v 0.208396 -0.148054 2.184719
v 0.069172 -0.953776 1.794919
v 0.249158 0.882291 1.865279
v 0.164150 -1.110707 1.166519
v 0.729134 -0.789218 0.991053
v -0.009085 -1.098798 1.478677
v 0.787435 0.914057 1.533841
v 1.133489 0.396395 1.655087
v 1.129262 0.251088 1.671204
v -0.143338 -0.807943 0.480307
v 0.713696 0.779657 0.623609
v -0.511088 0.790638 0.900529
v -0.389446 -0.830417 0.689931
v -0.508492 -0.923940 1.319806
v -0.466154 -0.942838 1.440905
v -0.500603 -0.920684 1.427337
v -0.818893 0.049247 1.187370
v -0.795334 0.129150 1.105026
v -0.774152 0.224991 1.411690
v -0.769721 0.189259 1.446519
v -0.781116 0.156178 1.414969
v -0.523875 -0.884534 1.504990
v -0.056583 -0.361135 2.144358
v -0.040293 -0.421439 2.108564
v 0.415961 -1.050326 1.318609
v 0.492949 -1.014988 1.310029
v 0.591661 -0.779933 1.766702
v 0.653724 -0.725456 1.773189
v 1.165946 -0.033214 1.518695
v 1.168804 -0.100869 1.425348
v 0.895391 -0.327264 1.790813
vt 0.844798 0.231248
vt 0.849365 0.221006
vt 0.857900 0.227626
vt 0.872323 0.213033
vt 0.879430 0.228818
vt 0.809986 0.230910
vt 0.812046 0.218180
vt 0.823430 0.233907
vt 0.815635 0.242974
vt 0.777118 0.237855
vt 0.779661 0.221801
vt 0.790922 0.238860
vt 0.820083 0.213121
vt 0.841136 0.210195
vt 0.867067 0.163165
vt 0.874790 0.151275
vt 0.880480 0.171849
vt 0.885094 0.148865
vt 0.891701 0.162565
vt 0.866709 0.199393
vt 0.871998 0.183967
vt 0.873728 0.201933
vt 0.892384 0.194528
vt 0.898903 0.179214
vt 0.808809 0.194334
vt 0.812686 0.181372
vt 0.823611 0.197930
vt 0.840261 0.173428
vt 0.841593 0.186399
vt 0.859358 0.181155
vt 0.839348 0.164369
vt 0.820448 0.162505
vt 0.850363 0.158503
vt 0.829595 0.133777
vt 0.842995 0.133916
vt 0.843549 0.150715
vt 0.857717 0.136109
vt 0.873439 0.142059
vt 0.861349 0.146390
vt 0.797908 0.164393
vt 0.792662 0.176905
vt 0.896302 0.148231
vt 0.899886 0.158869
vt 0.896865 0.102813
vt 0.892588 0.120243
vt 0.886510 0.095487
vt 0.823996 0.111226
vt 0.839822 0.108841
vt 0.853456 0.108223
vt 0.856560 0.124622
vt 0.869236 0.122879
vt 0.870199 0.105577
vt 0.874811 0.115234
vt 0.885375 0.131268
vt 0.899066 0.132007
vt 0.914421 0.121446
vt 0.906581 0.142592
vt 0.853147 0.084236
vt 0.867367 0.093889
vt 0.860701 0.071565
vt 0.869978 0.081453
vt 0.219668 0.090587
vt 0.228189 0.078730
vt 0.229794 0.100124
vt 0.243696 0.069411
vt 0.254527 0.080962
vt 0.241990 0.080474
vt 0.254283 0.067725
vt 0.263364 0.069887
vt 0.272181 0.084534
vt 0.250800 0.099484
vt 0.239839 0.096243
vt 0.245934 0.090269
vt 0.878544 0.108356
vt 0.878989 0.089672
vt 0.239331 0.108308
vt 0.246939 0.114340
vt 0.256453 0.095652
vt 0.260384 0.112276
vt 0.257431 0.121974
vt 0.273531 0.104345
vt 0.271018 0.117804
vt 0.912479 0.161577
vt 0.920909 0.137690
vt 0.931018 0.169684
vt 0.297051 0.187679
vt 0.283074 0.157820
vt 0.307081 0.174666
vt 0.279587 0.117717
vt 0.283423 0.127022
vt 0.285862 0.114040
vt 0.297880 0.101885
vt 0.298401 0.122886
vt 0.297909 0.137696
vt 0.312051 0.118196
vt 0.319068 0.143986
vt 0.288350 0.146369
vt 0.305335 0.153020
vt 0.275752 0.141231
vt 0.282296 0.102613
vt 0.346027 0.150390
vt 0.356738 0.179502
vt 0.342708 0.165565
vt 0.361905 0.154248
vt 0.913881 0.187167
vt 0.916876 0.195452
vt 0.906632 0.197937
vt 0.925280 0.217922
vt 0.933862 0.211111
vt 0.930100 0.185998
vt 0.937562 0.182986
vt 0.952732 0.199685
vt 0.958140 0.226968
vt 0.305571 0.198624
vt 0.314470 0.192016
vt 0.325161 0.210219
vt 0.322632 0.173659
vt 0.342193 0.234285
vt 0.343639 0.221057
vt 0.344869 0.182130
vt 0.347160 0.202006
vt 0.333360 0.156080
vt 0.315519 0.158849
vt 0.332315 0.137785
vt 0.383416 0.128618
vt 0.392380 0.143884
vt 0.366396 0.144964
vt 0.405143 0.119168
vt 0.356650 0.127645
vt 0.347784 0.103608
vt 0.370898 0.103616
vt 0.380165 0.110358
vt 0.385586 0.089282
vt 0.318998 0.077318
vt 0.321229 0.095430
vt 0.313649 0.089290
vt 0.335683 0.097069
vt 0.329853 0.122203
vt 0.349584 0.080348
vt 0.298197 0.084400
vt 0.291453 0.087689
vt 0.262670 0.042949
vt 0.272798 0.055608
vt 0.251428 0.044180
vt 0.295933 0.076748
vt 0.274864 0.079092
vt 0.280500 0.068464
vt 0.289316 0.058845
vt 0.279456 0.043523
vt 0.291501 0.066404
vt 0.312967 0.062124
vt 0.307895 0.054546
vt 0.302221 0.074804
vt 0.287550 0.044352
vt 0.300866 0.042058
vt 0.327466 0.059787
vt 0.326788 0.068122
vt 0.321434 0.046005
vt 0.831906 0.103590
vt 0.378451 0.161651
vt 0.287304 0.032979
vt 0.278348 0.039050
vt 0.296934 0.025864
vt 0.405211 0.089534
vt 0.416882 0.079215
vt 0.418340 0.097125
vt 0.424517 0.113884
vt 0.303799 0.016937
vt 0.312927 0.013001
vt 0.309401 0.029564
vt 0.322520 0.023380
vt 0.339272 0.023687
vt 0.361704 0.027172
vt 0.338494 0.049787
vt 0.034779 0.176966
vt 0.048338 0.182631
vt 0.026805 0.183880
vt 0.043119 0.195723
vt 0.383610 0.046633
vt 0.371320 0.034255
vt 0.391100 0.012991
vt 0.369669 0.054632
vt 0.402044 0.010857
vt 0.399438 0.031785
vt 0.392569 0.072723
vt 0.404976 0.060809
vt 0.369416 0.011733
vt 0.353393 0.016811
vt 0.026936 0.200190
vt 0.034270 0.223279
vt 0.019629 0.221071
vt 0.413328 0.026470
vt 0.409070 0.018768
vt 0.032297 0.254201
vt 0.019285 0.232553
vt 0.048510 0.235776
vt 0.045233 0.254533
vt 0.070075 0.244879
vt 0.064827 0.256690
vt 0.019208 0.241501
vt 0.410355 0.009113
vt 0.058400 0.221404
vt 0.062403 0.191625
vt 0.316819 0.005242
vt 0.332759 0.014030
vt 0.344000 0.011560
vt 0.036306 0.165506
vt 0.433912 0.028143
vt 0.420600 0.017459
vt 0.420622 0.036016
vt 0.444840 0.048737
vt 0.438998 0.023432
vt 0.443765 0.033093
vt 0.432138 0.062669
vt 0.442180 0.067750
vt 0.465050 0.049060
vt 0.470079 0.027398
vt 0.079362 0.296718
vt 0.062818 0.299227
vt 0.064715 0.277445
vt 0.043393 0.281401
vt 0.064343 0.327015
vt 0.048921 0.313777
vt 0.062278 0.314165
vt 0.036937 0.304880
vt 0.023549 0.294903
vt 0.034054 0.335609
vt 0.004803 0.292811
vt 0.004073 0.282754
vt 0.012509 0.291022
vt 0.003847 0.299337
vt 0.012169 0.259781
vt 0.428250 0.012782
vt 0.023597 0.272171
vt 0.452908 0.018795
vt 0.097328 0.307774
vt 0.016716 0.332924
vt 0.011114 0.323612
vt 0.495640 0.012712
vt 0.481204 0.033561
vt 0.471073 0.018672
vt 0.463887 0.017694
vt 0.373829 0.073939
vt 0.348761 0.066243
vt 0.076640 0.203270
vt 0.777308 0.085123
vt 0.790901 0.089022
vt 0.776330 0.102608
vt 0.418711 0.333801
vt 0.418307 0.317924
vt 0.429063 0.328390
vt 0.788605 0.074354
vt 0.766611 0.189800
vt 0.783294 0.166370
vt 0.427979 0.363807
vt 0.431278 0.342707
vt 0.445698 0.375573
vt 0.457335 0.356252
vt 0.449468 0.340221
vt 0.763580 0.105147
vt 0.417238 0.344943
vt 0.402947 0.326159
vt 0.470720 0.342687
vt 0.468593 0.370771
vt 0.486933 0.350179
vt 0.759186 0.127331
vt 0.781609 0.118264
vt 0.773603 0.138442
vt 0.777993 0.203472
vt 0.759719 0.207743
vt 0.784752 0.143100
vt 0.793653 0.104876
vt 0.797114 0.119363
vt 0.800628 0.147424
vt 0.810118 0.131774
vt 0.800763 0.087736
vt 0.806842 0.104858
vt 0.734592 0.160914
vt 0.760265 0.168468
vt 0.736245 0.191715
vt 0.751019 0.144726
vt 0.470736 0.383497
vt 0.488498 0.379665
vt 0.456359 0.383569
vt 0.502735 0.366278
vt 0.738094 0.224638
vt 0.728601 0.246426
vt 0.747810 0.245619
vt 0.755294 0.237167
vt 0.553226 0.437680
vt 0.535175 0.411668
vt 0.554211 0.428174
vt 0.557752 0.413554
vt 0.574693 0.410022
vt 0.553756 0.408169
vt 0.514577 0.437953
vt 0.525935 0.391089
vt 0.556278 0.395551
vt 0.577030 0.382678
vt 0.542550 0.386453
vt 0.562453 0.368865
vt 0.494558 0.416661
vt 0.497722 0.398521
vt 0.504779 0.427376
vt 0.473564 0.426771
vt 0.471932 0.406235
vt 0.482151 0.406891
vt 0.526960 0.444450
vt 0.414744 0.379227
vt 0.430009 0.382791
vt 0.412263 0.362917
vt 0.830931 0.074364
vt 0.838540 0.077524
vt 0.829625 0.058567
vt 0.833527 0.041355
vt 0.844513 0.054782
vt 0.799556 0.072032
vt 0.402613 0.310820
vt 0.796140 0.057982
vt 0.803902 0.059847
vt 0.807067 0.075479
vt 0.816766 0.071030
vt 0.813271 0.049722
vt 0.824022 0.039969
vt 0.814847 0.094500
vt 0.817336 0.085580
vt 0.534829 0.456208
vt 0.441698 0.392900
vt 0.400917 0.342381
vt 0.384641 0.359747
vt 0.384162 0.343278
vt 0.395358 0.352775
vt 0.394611 0.362873
vt 0.395828 0.370253
vt 0.814245 0.026749
vt 0.809291 0.034055
vt 0.819266 0.016732
vt 0.827985 0.024127
vt 0.801193 0.042577
vt 0.564504 0.922550
vt 0.563330 0.932003
vt 0.551402 0.923096
vt 0.567229 0.932028
vt 0.555216 0.933132
vt 0.542024 0.929365
vt 0.349555 0.327418
vt 0.349147 0.319047
vt 0.366567 0.322775
vt 0.364251 0.314190
vt 0.370774 0.318513
vt 0.349468 0.315036
vt 0.364445 0.303797
vt 0.373838 0.307667
vt 0.379984 0.295763
vt 0.538924 0.938698
vt 0.531491 0.922045
vt 0.394316 0.334382
vt 0.378943 0.333186
vt 0.352715 0.344570
vt 0.369642 0.338581
vt 0.379261 0.348083
vt 0.362727 0.351350
vt 0.388229 0.314807
vt 0.387788 0.304741
vt 0.356499 0.298320
vt 0.373479 0.289827
vt 0.363947 0.284209
vt 0.541642 0.914309
vt 0.183391 0.020940
vt 0.189118 0.042017
vt 0.179352 0.030450
vt 0.194737 0.032672
vt 0.204770 0.050377
vt 0.187920 0.026755
vt 0.206828 0.037574
vt 0.213072 0.042978
vt 0.223056 0.063151
vt 0.215783 0.069286
vt 0.199721 0.059718
vt 0.083248 0.084176
vt 0.097876 0.074604
vt 0.103398 0.083031
vt 0.098946 0.100192
vt 0.081821 0.115588
vt 0.085836 0.093688
vt 0.278763 0.005653
vt 0.279265 0.017682
vt 0.266387 0.008508
vt 0.274194 0.019872
vt 0.267998 0.031215
vt 0.262254 0.021878
vt 0.191313 0.015368
vt 0.203540 0.011851
vt 0.199318 0.018968
vt 0.102152 0.050306
vt 0.091026 0.052516
vt 0.094072 0.041071
vt 0.093050 0.057159
vt 0.088794 0.071280
vt 0.218023 0.006521
vt 0.224395 0.017595
vt 0.214828 0.009940
vt 0.231670 0.004879
vt 0.209158 0.023380
vt 0.215602 0.032006
vt 0.226942 0.031503
vt 0.224967 0.041405
vt 0.240264 0.054520
vt 0.244817 0.004315
vt 0.237011 0.017195
vt 0.245572 0.020976
vt 0.249914 0.017429
vt 0.242357 0.032743
vt 0.250767 0.024144
vt 0.251004 0.033633
vt 0.109302 0.067495
vt 0.075638 0.090614
vt 0.253703 0.007165
vt 0.254313 0.013018
vt 0.261361 0.016189
vt 0.070504 0.101741
vt 0.258957 0.037775
vt 0.238555 0.047704
vt 0.285906 0.022821
vt 0.291583 0.006439
vt 0.279651 0.030245
vt 0.292448 0.015071
vt 0.117480 0.091548
vt 0.115928 0.073681
vt 0.130173 0.084248
vt 0.149665 0.079595
vt 0.141258 0.079146
vt 0.144766 0.061252
vt 0.148892 0.053605
vt 0.134497 0.055373
vt 0.139197 0.041850
vt 0.138513 0.069523
vt 0.128955 0.060486
vt 0.131616 0.044253
vt 0.121891 0.056817
vt 0.116924 0.044168
vt 0.128020 0.068844
vt 0.126730 0.022666
vt 0.104580 0.012792
vt 0.116729 0.012312
vt 0.113979 0.027898
vt 0.129861 0.030931
vt 0.119237 0.031794
vt 0.102734 0.023392
vt 0.182309 0.012512
vt 0.173170 0.018096
vt 0.549679 0.880842
vt 0.559440 0.893158
vt 0.546625 0.889997
vt 0.557609 0.911443
vt 0.569586 0.903488
vt 0.106768 0.035922
vt 0.102739 0.042139
vt 0.095845 0.028923
vt 0.103869 0.115254
vt 0.108326 0.102543
vt 0.071904 0.129677
vt 0.067829 0.114602
vt 0.124266 0.165213
vt 0.113011 0.178180
vt 0.109953 0.160990
vt 0.105186 0.142373
vt 0.122383 0.148205
vt 0.113762 0.137166
vt 0.101341 0.164851
vt 0.103819 0.130832
vt 0.111985 0.118379
vt 0.091030 0.123663
vt 0.093244 0.149633
vt 0.079671 0.138073
vt 0.061284 0.126692
vt 0.072767 0.145537
vt 0.057157 0.142323
vt 0.077780 0.153149
vt 0.100085 0.182892
vt 0.084198 0.180454
vt 0.070428 0.181903
vt 0.050738 0.153008
vt 0.059920 0.158164
vt 0.070189 0.163584
vt 0.061045 0.175719
vt 0.305854 0.003811
vt 0.138010 0.100832
vt 0.120741 0.100829
vt 0.120694 0.111260
vt 0.123541 0.120046
vt 0.158914 0.089261
vt 0.146281 0.100435
vt 0.161837 0.118870
vt 0.152687 0.119636
vt 0.158134 0.102542
vt 0.136952 0.110796
vt 0.161074 0.131103
vt 0.141513 0.122253
vt 0.145459 0.140942
vt 0.127137 0.137885
vt 0.180920 0.189924
vt 0.166025 0.184214
vt 0.162096 0.172426
vt 0.166214 0.163952
vt 0.156573 0.160748
vt 0.170612 0.145382
vt 0.164519 0.142808
vt 0.138045 0.154465
vt 0.153737 0.176997
vt 0.144106 0.175584
vt 0.133316 0.198204
vt 0.171097 0.136639
vt 0.157582 0.226340
vt 0.134539 0.236811
vt 0.134377 0.223493
vt 0.162663 0.205551
vt 0.173927 0.208246
vt 0.137967 0.219793
vt 0.150582 0.202020
vt 0.172011 0.232064
vt 0.156828 0.237146
vt 0.123084 0.215424
vt 0.115504 0.199101
vt 0.104169 0.200789
vt 0.105885 0.217801
vt 0.077093 0.217198
vt 0.092223 0.226272
vt 0.096583 0.238572
vt 0.129744 0.257314
vt 0.142532 0.268263
vt 0.135306 0.283233
vt 0.109082 0.233784
vt 0.122819 0.241393
vt 0.110762 0.260875
vt 0.112427 0.249275
vt 0.097779 0.263787
vt 0.083230 0.248824
vt 0.121026 0.274460
vt 0.108118 0.274378
vt 0.097083 0.276169
vt 0.120336 0.296225
vt 0.099905 0.293013
vt 0.122906 0.341568
vt 0.149819 0.328269
vt 0.153362 0.346157
vt 0.193704 0.356199
vt 0.201202 0.384970
vt 0.193085 0.366820
vt 0.160305 0.366233
vt 0.169239 0.349405
vt 0.177311 0.283234
vt 0.146405 0.296909
vt 0.166649 0.274868
vt 0.152532 0.278808
vt 0.188067 0.316230
vt 0.193236 0.312101
vt 0.196470 0.340553
vt 0.188426 0.339661
vt 0.184191 0.266627
vt 0.166566 0.324657
vt 0.184714 0.300136
vt 0.153180 0.309644
vt 0.196387 0.400052
vt 0.162544 0.382082
vt 0.155535 0.383072
vt 0.148690 0.371782
vt 0.118110 0.357519
vt 0.121589 0.315559
vt 0.100132 0.331284
vt 0.097590 0.356295
vt 0.175489 0.250533
vt 0.160457 0.256703
vt 0.795639 0.211685
vt 0.801726 0.209100
vt 0.790345 0.192780
vt 0.851466 0.065046
vt 0.080124 0.262429
vt 0.079721 0.347061
vt 0.209710 0.084522
vt 0.562756 0.455497
vt 0.181207 0.046889
vt 0.192146 0.050852
vt 0.188200 0.063589
vt 0.172764 0.038364
vt 0.201082 0.075241
vt 0.342055 0.300595
vt 0.352754 0.291823
vt 0.539354 0.904054
vt 0.285109 0.030192
vt 0.571339 0.912108
vt 0.580281 0.923646
vt 0.105130 0.004345
vt 0.167653 0.024690
vt 0.446000 0.448609
vt 0.454189 0.434327
vt 0.469123 0.466613
vt 0.433503 0.457907
vt 0.434422 0.435132
vt 0.435617 0.424172
vt 0.419040 0.428807
vt 0.422877 0.416946
vt 0.420086 0.403309
vt 0.412167 0.406142
vt 0.421452 0.453825
vt 0.496284 0.439323
vt 0.498701 0.456507
vt 0.479396 0.451551
vt 0.474716 0.472182
vt 0.480006 0.462953
vt 0.451602 0.472193
vt 0.440019 0.482810
vt 0.400766 0.394780
vt 0.396822 0.382502
vt 0.410409 0.389509
vt 0.371962 0.382426
vt 0.377023 0.458444
vt 0.365786 0.433626
vt 0.377790 0.443412
vt 0.382123 0.434435
vt 0.397152 0.449151
vt 0.395484 0.427210
vt 0.382825 0.426908
vt 0.367332 0.423506
vt 0.380050 0.403630
vt 0.395237 0.410531
vt 0.373901 0.416534
vt 0.366350 0.408005
vt 0.391302 0.460010
vt 0.407505 0.476220
vt 0.383568 0.466573
vt 0.455438 0.945122
vt 0.463793 0.933339
vt 0.478041 0.952387
vt 0.490395 0.959589
vt 0.482555 0.964376
vt 0.493940 0.941134
vt 0.375416 0.393902
vt 0.363518 0.398235
vt 0.479477 0.929291
vt 0.500984 0.953441
vt 0.359726 0.385571
vt 0.366468 0.370234
vt 0.520645 0.897217
vt 0.528765 0.892481
vt 0.520784 0.907244
vt 0.510948 0.882101
vt 0.508314 0.893101
vt 0.530604 0.914889
vt 0.514875 0.919323
vt 0.516750 0.929961
vt 0.483625 0.917594
vt 0.488452 0.922843
vt 0.495224 0.920828
vt 0.505344 0.926975
vt 0.506234 0.911763
vt 0.503347 0.940930
vt 0.511618 0.945949
vt 0.354675 0.362812
vt 0.360459 0.360676
vt 0.354794 0.372906
vt 0.521453 0.943914
vt 0.528520 0.935325
vt 0.453881 0.889834
vt 0.471178 0.888483
vt 0.471728 0.900674
vt 0.487177 0.897655
vt 0.462787 0.858719
vt 0.473690 0.875256
vt 0.458633 0.873815
vt 0.484414 0.884922
vt 0.474302 0.917520
vt 0.463843 0.914022
vt 0.461749 0.899252
vt 0.475224 0.907463
vt 0.491163 0.906016
vt 0.500772 0.895408
vt 0.494824 0.883189
vt 0.416074 0.843102
vt 0.404882 0.859707
vt 0.386839 0.848595
vt 0.434212 0.925692
vt 0.424103 0.922271
vt 0.438420 0.912912
vt 0.413296 0.915664
vt 0.421652 0.902291
vt 0.437424 0.903373
vt 0.425361 0.891555
vt 0.449526 0.930657
vt 0.451369 0.907430
vt 0.404271 0.869584
vt 0.417917 0.865108
vt 0.426219 0.879479
vt 0.445194 0.870149
vt 0.445561 0.894700
vt 0.414259 0.932143
vt 0.404629 0.930140
vt 0.415455 0.939453
vt 0.428258 0.942136
vt 0.416402 0.962140
vt 0.444968 0.956170
vt 0.404490 0.897214
vt 0.403499 0.917299
vt 0.410312 0.881262
vt 0.393725 0.890946
vt 0.426444 0.851743
vt 0.439356 0.852496
vt 0.449660 0.854332
vt 0.360061 0.508089
vt 0.349061 0.517446
vt 0.352665 0.480469
vt 0.380440 0.959265
vt 0.396672 0.944544
vt 0.391411 0.942275
vt 0.382008 0.927803
vt 0.377039 0.504884
vt 0.393488 0.489985
vt 0.377614 0.868356
vt 0.373504 0.841844
vt 0.383377 0.878209
vt 0.389692 0.822690
vt 0.391111 0.907223
vt 0.522186 0.879777
vt 0.531191 0.880017
vt 0.512089 0.840282
vt 0.522911 0.846491
vt 0.513843 0.857942
vt 0.533460 0.861612
vt 0.530550 0.871503
vt 0.514213 0.868565
vt 0.185311 0.174351
vt 0.201521 0.190811
vt 0.190277 0.194109
vt 0.204490 0.109003
vt 0.201356 0.126339
vt 0.187697 0.115556
vt 0.184398 0.102855
vt 0.171722 0.105743
vt 0.179036 0.085533
vt 0.173276 0.123464
vt 0.210212 0.162718
vt 0.186697 0.140394
vt 0.196306 0.141231
vt 0.210054 0.134238
vt 0.184846 0.136531
vt 0.182315 0.147242
vt 0.193011 0.163178
vt 0.198290 0.096660
vt 0.191143 0.090874
vt 0.470992 0.832477
vt 0.450270 0.818085
vt 0.471847 0.816099
vt 0.453010 0.835248
vt 0.467945 0.848322
vt 0.482924 0.856041
vt 0.481940 0.842610
vt 0.491268 0.851921
vt 0.495454 0.859553
vt 0.496974 0.869766
vt 0.485980 0.829338
vt 0.505987 0.834092
vt 0.408075 0.808670
vt 0.413006 0.820773
vt 0.389022 0.812274
vt 0.433136 0.827455
vt 0.435165 0.810122
vt 0.443007 0.835235
vt 0.414370 0.787596
vt 0.426797 0.796614
vt 0.449953 0.791755
vt 0.458654 0.800929
vt 0.444295 0.783845
vt 0.417404 0.776785
vt 0.432770 0.773444
vt 0.235885 0.144814
vt 0.257625 0.148932
vt 0.248481 0.164891
vt 0.225165 0.159183
vt 0.238639 0.186538
vt 0.253180 0.139707
vt 0.245430 0.129074
vt 0.221560 0.121858
vt 0.232835 0.113202
vt 0.227420 0.139504
vt 0.219005 0.100383
vt 0.228437 0.181805
vt 0.216605 0.178436
vt 0.239368 0.285616
vt 0.228945 0.292588
vt 0.228472 0.268271
vt 0.211916 0.276547
vt 0.242526 0.303528
vt 0.231073 0.303782
vt 0.242755 0.251253
vt 0.250346 0.258478
vt 0.245455 0.325667
vt 0.234202 0.327443
vt 0.286490 0.261051
vt 0.279852 0.286355
vt 0.270378 0.271261
vt 0.263861 0.250499
vt 0.263833 0.301393
vt 0.256054 0.284624
vt 0.255016 0.231968
vt 0.238656 0.231240
vt 0.257130 0.214674
vt 0.283283 0.241404
vt 0.222701 0.237210
vt 0.254621 0.264793
vt 0.217529 0.253865
vt 0.212186 0.235652
vt 0.198640 0.243180
vt 0.198713 0.254933
vt 0.375430 0.793859
vt 0.400426 0.792844
vt 0.380549 0.777636
vt 0.391985 0.771594
vt 0.379269 0.768564
vt 0.394733 0.762333
vt 0.377595 0.753484
vt 0.400169 0.754776
vt 0.390132 0.743116
vt 0.302504 0.231549
vt 0.294649 0.210048
vt 0.266830 0.163186
vt 0.262327 0.183693
vt 0.262160 0.199328
vt 0.240354 0.200870
vt 0.226428 0.214251
vt 0.212378 0.202977
vt 0.210064 0.212211
vt 0.209615 0.208004
vt 0.202711 0.199455
vt 0.201400 0.216390
vt 0.315418 0.276449
vt 0.292335 0.280249
vt 0.300638 0.250531
vt 0.364808 0.778687
vt 0.364243 0.748664
vt 0.346056 0.802527
vt 0.373041 0.809370
vt 0.244377 0.342175
vt 0.288280 0.321548
vt 0.275965 0.317064
vt 0.243999 0.359195
vt 0.221729 0.346083
vt 0.512060 0.537499
vt 0.512348 0.514090
vt 0.524286 0.528007
vt 0.528084 0.498138
vt 0.530731 0.479180
vt 0.537767 0.490546
vt 0.503907 0.495646
vt 0.513801 0.471597
vt 0.502042 0.474812
vt 0.495288 0.557510
vt 0.480956 0.538587
vt 0.495191 0.545998
vt 0.467847 0.514555
vt 0.458011 0.530827
vt 0.507904 0.554323
vt 0.500599 0.558288
vt 0.502828 0.520262
vt 0.485963 0.530462
vt 0.480523 0.513041
vt 0.485172 0.501687
vt 0.438880 0.531345
vt 0.447025 0.546585
vt 0.444522 0.509944
vt 0.429321 0.517822
vt 0.460153 0.501600
vt 0.421720 0.498621
vt 0.444117 0.604175
vt 0.461911 0.572526
vt 0.471465 0.594086
vt 0.472023 0.580141
vt 0.483172 0.599145
vt 0.432444 0.592719
vt 0.445195 0.564112
vt 0.424629 0.577114
vt 0.421500 0.565358
vt 0.500207 0.568468
vt 0.482199 0.553934
vt 0.488302 0.477361
vt 0.417079 0.537260
vt 0.462067 0.483085
vt 0.353014 0.536641
vt 0.369208 0.523207
vt 0.378311 0.548151
vt 0.383254 0.535027
vt 0.335670 0.950818
vt 0.349853 0.941027
vt 0.348005 0.960851
vt 0.386793 0.569600
vt 0.368083 0.566475
vt 0.395851 0.555468
vt 0.321267 0.958185
vt 0.321263 0.948855
vt 0.356402 0.580378
vt 0.353310 0.551816
vt 0.406170 0.541247
vt 0.410868 0.558394
vt 0.399734 0.517129
vt 0.425213 0.546521
vt 0.412148 0.511888
vt 0.312168 0.926638
vt 0.331268 0.929198
vt 0.243510 0.952609
vt 0.237571 0.937224
vt 0.262925 0.937408
vt 0.412835 0.618456
vt 0.391766 0.624701
vt 0.399895 0.608543
vt 0.382867 0.607113
vt 0.378735 0.608390
vt 0.378410 0.617915
vt 0.275166 0.932299
vt 0.292925 0.956631
vt 0.410602 0.658052
vt 0.384744 0.657238
vt 0.429228 0.643750
vt 0.402196 0.679452
vt 0.445279 0.661096
vt 0.446472 0.636500
vt 0.304741 0.956697
vt 0.303110 0.932823
vt 0.287868 0.919020
vt 0.319607 0.913522
vt 0.430808 0.613513
vt 0.417574 0.598279
vt 0.396535 0.592280
vt 0.380959 0.581065
vt 0.404549 0.573603
vt 0.456109 0.621867
vt 0.398069 0.718323
vt 0.389467 0.691092
vt 0.413693 0.693385
vt 0.189830 0.921464
vt 0.200256 0.921548
vt 0.216398 0.935917
vt 0.187787 0.903059
vt 0.197504 0.879267
vt 0.212021 0.886542
vt 0.264316 0.898383
vt 0.286429 0.889259
vt 0.259107 0.918342
vt 0.241986 0.889182
vt 0.216851 0.867625
vt 0.380800 0.948093
vt 0.362106 0.962200
vt 0.372335 0.938398
vt 0.303012 0.857101
vt 0.325892 0.865233
vt 0.312998 0.884550
vt 0.329113 0.891956
vt 0.330032 0.837991
vt 0.316069 0.834308
vt 0.343202 0.851665
vt 0.349881 0.862435
vt 0.354453 0.838081
vt 0.337373 0.885360
vt 0.361772 0.856708
vt 0.360099 0.872067
vt 0.341877 0.895489
vt 0.353994 0.925246
vt 0.354729 0.897326
vt 0.372763 0.891485
vt 0.276544 0.883191
vt 0.284955 0.872041
vt 0.294013 0.849691
vt 0.299626 0.883942
vt 0.258860 0.873302
vt 0.266414 0.850487
vt 0.235555 0.854271
vt 0.238920 0.872655
vt 0.301095 0.904916
vt 0.323919 0.754359
vt 0.317482 0.783911
vt 0.307210 0.764181
vt 0.348312 0.771434
vt 0.351172 0.742395
vt 0.318850 0.737163
vt 0.330385 0.725418
vt 0.316446 0.715056
vt 0.342010 0.709545
vt 0.322096 0.702243
vt 0.323956 0.300048
vt 0.302911 0.290770
vt 0.285087 0.700648
vt 0.299339 0.703163
vt 0.288883 0.720997
vt 0.347260 0.786168
vt 0.302640 0.790624
vt 0.298049 0.737315
vt 0.284145 0.733747
vt 0.315149 0.818975
vt 0.331304 0.812687
vt 0.350204 0.819806
vt 0.319723 0.793929
vt 0.215892 0.779591
vt 0.227702 0.757493
vt 0.229957 0.781722
vt 0.214783 0.754811
vt 0.215574 0.741142
vt 0.237035 0.746882
vt 0.246194 0.763036
vt 0.208889 0.715483
vt 0.224141 0.729948
vt 0.260261 0.706698
vt 0.251382 0.778663
vt 0.260856 0.791756
vt 0.268351 0.784542
vt 0.236904 0.792065
vt 0.258680 0.761365
vt 0.276259 0.764400
vt 0.285657 0.780773
vt 0.267071 0.739219
vt 0.285596 0.746654
vt 0.246948 0.839150
vt 0.269935 0.840809
vt 0.286348 0.840166
vt 0.285422 0.829848
vt 0.248228 0.807957
vt 0.298480 0.832375
vt 0.284417 0.804705
vt 0.304323 0.826278
vt 0.303697 0.811289
vt 0.304864 0.820802
vt 0.233958 0.838240
vt 0.229787 0.816051
vt 0.270861 0.810115
vt 0.195381 0.767735
vt 0.201650 0.778729
vt 0.190651 0.751696
vt 0.181397 0.854810
vt 0.199873 0.835880
vt 0.199851 0.849316
vt 0.177431 0.842145
vt 0.216464 0.837589
vt 0.223371 0.848782
vt 0.191409 0.827708
vt 0.215573 0.696692
vt 0.208995 0.678477
vt 0.238544 0.683275
vt 0.346121 0.418875
vt 0.325737 0.399883
vt 0.344872 0.386869
vt 0.235948 0.703963
vt 0.254452 0.688583
vt 0.333290 0.375174
vt 0.344996 0.368713
vt 0.332735 0.351879
vt 0.303658 0.381725
vt 0.343290 0.334766
vt 0.295741 0.354893
vt 0.320043 0.337930
vt 0.293537 0.403185
vt 0.291515 0.378403
vt 0.287058 0.341080
vt 0.297940 0.324735
vt 0.284902 0.357467
vt 0.281549 0.402721
vt 0.252549 0.382455
vt 0.254927 0.407761
vt 0.244003 0.396097
vt 0.233027 0.374962
vt 0.226876 0.720093
vt 0.366027 0.715025
vt 0.240523 0.714119
vt 0.338185 0.320689
vt 0.903959 0.286162
vt 0.905773 0.307206
vt 0.889656 0.299505
vt 0.873657 0.285779
vt 0.877943 0.265124
vt 0.885685 0.274307
vt 0.903538 0.341655
vt 0.903350 0.322189
vt 0.925090 0.326898
vt 0.942420 0.366953
vt 0.940215 0.398031
vt 0.926530 0.378914
vt 0.926986 0.357433
vt 0.818636 0.318280
vt 0.815574 0.297520
vt 0.834580 0.310654
vt 0.817009 0.283964
vt 0.834237 0.285926
vt 0.838938 0.266367
vt 0.814454 0.277048
vt 0.819887 0.262509
vt 0.771343 0.320309
vt 0.755660 0.289193
vt 0.784908 0.297965
vt 0.777296 0.279652
vt 0.787951 0.279948
vt 0.798937 0.302863
vt 0.787756 0.271616
vt 0.761737 0.348954
vt 0.750895 0.319243
vt 0.795240 0.363441
vt 0.781419 0.343904
vt 0.797478 0.340001
vt 0.786023 0.323101
vt 0.821907 0.345360
vt 0.852529 0.292197
vt 0.854894 0.319258
vt 0.871087 0.308150
vt 0.872374 0.324140
vt 0.882383 0.325261
vt 0.881220 0.303535
vt 0.897314 0.399225
vt 0.878936 0.385482
vt 0.901167 0.376955
vt 0.879267 0.371292
vt 0.909056 0.386586
vt 0.921231 0.409166
vt 0.906042 0.365824
vt 0.882686 0.357962
vt 0.883334 0.334825
vt 0.833799 0.363154
vt 0.819371 0.378826
vt 0.835578 0.380786
vt 0.843968 0.337858
vt 0.855187 0.368922
vt 0.845077 0.395289
vt 0.871131 0.347688
vt 0.867463 0.412020
vt 0.879289 0.412529
vt 0.901813 0.427211
vt 0.883174 0.427915
vt 0.824621 0.399325
vt 0.933766 0.422914
vt 0.953464 0.424212
vt 0.904037 0.449207
vt 0.932639 0.460432
vt 0.929202 0.472578
vt 0.936153 0.445247
vt 0.760973 0.371551
vt 0.772244 0.365899
vt 0.767787 0.386309
vt 0.785582 0.372125
vt 0.796150 0.386166
vt 0.791559 0.396918
vt 0.804896 0.399023
vt 0.817255 0.416073
vt 0.830066 0.421697
vt 0.870380 0.457613
vt 0.876658 0.443504
vt 0.899131 0.461320
vt 0.873010 0.428170
vt 0.923933 0.485342
vt 0.953635 0.508480
vt 0.921969 0.501785
vt 0.956052 0.496689
vt 0.719626 0.277431
vt 0.731710 0.294305
vt 0.710729 0.301147
vt 0.726752 0.321284
vt 0.607797 0.439998
vt 0.612725 0.416693
vt 0.621652 0.442225
vt 0.719205 0.323817
vt 0.694087 0.326294
vt 0.722606 0.347847
vt 0.591049 0.422306
vt 0.598730 0.400301
vt 0.743853 0.342495
vt 0.708114 0.449993
vt 0.689851 0.430662
vt 0.713518 0.436509
vt 0.714108 0.425705
vt 0.717896 0.471111
vt 0.724493 0.453138
vt 0.718355 0.427035
vt 0.737075 0.438623
vt 0.738337 0.423301
vt 0.756768 0.432200
vt 0.753667 0.447009
vt 0.757785 0.410078
vt 0.735075 0.452675
vt 0.784881 0.452638
vt 0.756706 0.464386
vt 0.787943 0.430129
vt 0.714340 0.408062
vt 0.687857 0.405805
vt 0.689944 0.387828
vt 0.719274 0.393931
vt 0.723546 0.409581
vt 0.737294 0.470536
vt 0.739826 0.486786
vt 0.719355 0.479356
vt 0.755090 0.475174
vt 0.753254 0.487604
vt 0.731753 0.505912
vt 0.743019 0.398899
vt 0.781182 0.406810
vt 0.730466 0.394857
vt 0.699435 0.469832
vt 0.720918 0.497149
vt 0.740568 0.516307
vt 0.782930 0.469004
vt 0.792362 0.477872
vt 0.807024 0.441731
vt 0.805658 0.462158
vt 0.825171 0.473724
vt 0.803363 0.475775
vt 0.825420 0.460422
vt 0.828543 0.442003
vt 0.763907 0.499962
vt 0.776527 0.519200
vt 0.755237 0.523547
vt 0.781112 0.485337
vt 0.785374 0.494522
vt 0.727254 0.370856
vt 0.714978 0.361338
vt 0.741870 0.370019
vt 0.669100 0.517386
vt 0.644042 0.516082
vt 0.660175 0.506262
vt 0.679328 0.399912
vt 0.680685 0.414759
vt 0.681339 0.441164
vt 0.681355 0.538742
vt 0.688851 0.554351
vt 0.665436 0.555049
vt 0.673222 0.569685
vt 0.692697 0.564043
vt 0.686863 0.479697
vt 0.682720 0.471173
vt 0.691027 0.496852
vt 0.682224 0.459744
vt 0.655822 0.536837
vt 0.624861 0.570544
vt 0.617639 0.558784
vt 0.629271 0.565610
vt 0.610880 0.543964
vt 0.624696 0.532635
vt 0.636500 0.542803
vt 0.644264 0.560951
vt 0.652342 0.575059
vt 0.635881 0.522657
vt 0.626185 0.495593
vt 0.609155 0.475303
vt 0.633366 0.468291
vt 0.682298 0.372919
vt 0.691842 0.359135
vt 0.682865 0.352879
vt 0.599105 0.466775
vt 0.615360 0.455358
vt 0.613518 0.520143
vt 0.606304 0.511521
vt 0.588775 0.493088
vt 0.609120 0.500950
vt 0.586402 0.514474
vt 0.599109 0.569416
vt 0.585970 0.549639
vt 0.574151 0.564801
vt 0.559466 0.573254
vt 0.537973 0.557333
vt 0.546308 0.551475
vt 0.560457 0.545059
vt 0.531127 0.573062
vt 0.520962 0.564779
vt 0.571622 0.496615
vt 0.557206 0.505287
vt 0.556477 0.479036
vt 0.581164 0.475467
vt 0.518689 0.588383
vt 0.510843 0.572378
vt 0.772315 0.538168
vt 0.666261 0.643934
vt 0.649029 0.649314
vt 0.651430 0.621643
vt 0.641595 0.591714
vt 0.666860 0.606590
vt 0.685198 0.627811
vt 0.660498 0.587516
vt 0.684771 0.600771
vt 0.705763 0.607820
vt 0.684550 0.518562
vt 0.693839 0.516902
vt 0.619135 0.674480
vt 0.638153 0.668514
vt 0.629730 0.680976
vt 0.648029 0.670085
vt 0.653486 0.693047
vt 0.624461 0.703548
vt 0.887291 0.645298
vt 0.881234 0.656755
vt 0.879459 0.647262
vt 0.662807 0.674246
vt 0.897582 0.660618
vt 0.906973 0.647384
vt 0.917999 0.663506
vt 0.683306 0.650600
vt 0.681022 0.668185
vt 0.573690 0.601496
vt 0.580983 0.610256
vt 0.549071 0.611765
vt 0.559549 0.585621
vt 0.582577 0.588473
vt 0.613303 0.620695
vt 0.620286 0.609909
vt 0.620548 0.721284
vt 0.639396 0.704674
vt 0.606568 0.703545
vt 0.848388 0.647153
vt 0.847930 0.639738
vt 0.859248 0.642370
vt 0.639770 0.716270
vt 0.652327 0.701023
vt 0.857685 0.657950
vt 0.598256 0.691865
vt 0.585445 0.657517
vt 0.723672 0.632209
vt 0.705781 0.646614
vt 0.710273 0.621731
vt 0.721643 0.643144
vt 0.685989 0.532878
vt 0.700519 0.529377
vt 0.696575 0.544516
vt 0.957374 0.714936
vt 0.962352 0.706937
vt 0.969947 0.717808
vt 0.728771 0.643305
vt 0.741649 0.641650
vt 0.718995 0.532302
vt 0.713076 0.554522
vt 0.725628 0.545158
vt 0.721990 0.514974
vt 0.737595 0.534251
vt 0.880029 0.692457
vt 0.897462 0.700156
vt 0.880493 0.709678
vt 0.896250 0.682630
vt 0.915521 0.682929
vt 0.917987 0.700087
vt 0.889014 0.668954
vt 0.874032 0.663496
vt 0.871489 0.678521
vt 0.898376 0.674053
vt 0.932143 0.682281
vt 0.701231 0.662240
vt 0.713297 0.653308
vt 0.935036 0.699947
vt 0.931431 0.707383
vt 0.946029 0.693444
vt 0.947361 0.712342
vt 0.838827 0.704731
vt 0.843383 0.684623
vt 0.854013 0.699666
vt 0.852651 0.674994
vt 0.862326 0.692951
vt 0.843943 0.658942
vt 0.866144 0.667552
vt 0.830640 0.682018
vt 0.865203 0.705691
vt 0.956358 0.727266
vt 0.972260 0.730637
vt 0.724623 0.558606
vt 0.740896 0.555848
vt 0.910901 0.717616
vt 0.928886 0.725667
vt 0.942089 0.726083
vt 0.542811 0.622977
vt 0.559671 0.630998
vt 0.536281 0.679766
vt 0.545906 0.705378
vt 0.525337 0.706025
vt 0.546090 0.677541
vt 0.504004 0.675518
vt 0.518822 0.673844
vt 0.514734 0.692916
vt 0.495508 0.692448
vt 0.531058 0.662302
vt 0.531065 0.632757
vt 0.542487 0.654494
vt 0.522266 0.651820
vt 0.555242 0.663809
vt 0.557107 0.637871
vt 0.573985 0.659359
vt 0.573916 0.644185
vt 0.569273 0.710268
vt 0.564530 0.685001
vt 0.588269 0.704885
vt 0.546440 0.729199
vt 0.564005 0.722999
vt 0.580341 0.725354
vt 0.569062 0.740384
vt 0.494184 0.714958
vt 0.506100 0.728848
vt 0.528754 0.738620
vt 0.552034 0.747591
vt 0.543662 0.756356
vt 0.523274 0.748277
vt 0.530059 0.760982
vt 0.482024 0.681334
vt 0.485720 0.670247
vt 0.498125 0.664696
vt 0.464464 0.656630
vt 0.489376 0.650892
vt 0.511648 0.637738
vt 0.472186 0.638683
vt 0.500871 0.622529
vt 0.528534 0.608032
vt 0.536745 0.601437
vt 0.589265 0.757010
vt 0.589880 0.737609
vt 0.598468 0.742993
vt 0.582734 0.741419
vt 0.603225 0.736424
vt 0.597448 0.720276
vt 0.608844 0.731749
vt 0.614302 0.747596
vt 0.617237 0.738115
vt 0.612404 0.720312
vt 0.819629 0.638523
vt 0.821554 0.662557
vt 0.809037 0.648714
vt 0.828645 0.635086
vt 0.838083 0.645441
vt 0.602477 0.760713
vt 0.588727 0.769458
vt 0.801301 0.638425
vt 0.632068 0.724224
vt 0.818697 0.700060
vt 0.820523 0.682675
vt 0.832319 0.709033
vt 0.791329 0.668533
vt 0.782754 0.653355
vt 0.809459 0.670615
vt 0.807453 0.678027
vt 0.797813 0.699184
vt 0.784756 0.687249
vt 0.574321 0.759252
vt 0.560567 0.777088
vt 0.576723 0.771949
vt 0.569180 0.785582
vt 0.556444 0.799449
vt 0.751051 0.637274
vt 0.766618 0.634648
vt 0.759712 0.646014
vt 0.786292 0.634907
vt 0.773994 0.645263
vt 0.778205 0.628537
vt 0.762326 0.651760
vt 0.766740 0.664789
vt 0.745375 0.650785
vt 0.740695 0.665944
vt 0.782542 0.667124
vt 0.768685 0.686074
vt 0.750861 0.674247
vt 0.736665 0.687071
vt 0.755665 0.687126
vt 0.533302 0.784667
vt 0.544683 0.766670
vt 0.550632 0.776405
vt 0.524652 0.778306
vt 0.546908 0.788756
vt 0.534429 0.805484
vt 0.544009 0.820720
vt 0.556158 0.829848
vt 0.542954 0.841457
vt 0.555392 0.814937
vt 0.722152 0.678878
vt 0.784824 0.694289
vt 0.760761 0.700724
vt 0.774526 0.701110
vt 0.956464 0.742852
vt 0.972465 0.743367
vt 0.753393 0.544594
vt 0.895168 0.714703
vt 0.744848 0.702760
vt 0.495062 0.731600
vt 0.485090 0.739227
vt 0.477172 0.730088
vt 0.478859 0.698623
vt 0.458450 0.708832
vt 0.457456 0.675098
vt 0.439285 0.691700
vt 0.460683 0.741576
vt 0.450052 0.732026
vt 0.434108 0.715851
vt 0.425698 0.747725
vt 0.047902 0.875698
vt 0.060629 0.869865
vt 0.062016 0.883117
vt 0.090881 0.890949
vt 0.093845 0.872628
vt 0.107155 0.899558
vt 0.116964 0.876875
vt 0.103756 0.850099
vt 0.075774 0.861828
vt 0.046445 0.866189
vt 0.082375 0.832985
vt 0.069368 0.850321
vt 0.059289 0.845355
vt 0.095488 0.839984
vt 0.070215 0.828543
vt 0.062185 0.826223
vt 0.083272 0.814582
vt 0.492301 0.780987
vt 0.494288 0.798473
vt 0.508210 0.761769
vt 0.492236 0.762329
vt 0.507172 0.807399
vt 0.524131 0.802191
vt 0.507078 0.816371
vt 0.522515 0.820676
vt 0.030175 0.862298
vt 0.044651 0.842887
vt 0.004027 0.846276
vt 0.021593 0.840635
vt 0.510759 0.751362
vt 0.455332 0.773913
vt 0.444014 0.768880
vt 0.451155 0.754895
vt 0.434824 0.756779
vt 0.133060 0.882924
vt 0.151211 0.886030
vt 0.134428 0.908380
vt 0.147324 0.912286
vt 0.471836 0.753417
vt 0.120201 0.900801
vt 0.130962 0.862238
vt 0.118616 0.860342
vt 0.030715 0.830094
vt 0.037628 0.812117
vt 0.045978 0.833425
vt 0.047039 0.818187
vt 0.069999 0.809020
vt 0.055335 0.797906
vt 0.070883 0.784570
vt 0.710040 0.690341
vt 0.696581 0.696488
vt 0.701295 0.679730
vt 0.709447 0.707687
vt 0.689482 0.687756
vt 0.103217 0.824766
vt 0.102132 0.809025
vt 0.124545 0.836809
vt 0.141308 0.836394
vt 0.152060 0.867932
vt 0.150239 0.856046
vt 0.115003 0.835867
vt 0.138526 0.820448
vt 0.118024 0.824013
vt 0.043448 0.792786
vt 0.109672 0.793700
vt 0.115131 0.805511
vt 0.090843 0.797113
vt 0.127929 0.815030
vt 0.140217 0.803066
vt 0.871603 0.480484
vt 0.884190 0.494220
vt 0.864282 0.493370
vt 0.882906 0.475703
vt 0.903453 0.481316
vt 0.854898 0.477554
vt 0.809205 0.549724
vt 0.786342 0.534219
vt 0.805574 0.528935
vt 0.795086 0.513934
vt 0.805729 0.511789
vt 0.818154 0.533121
vt 0.820949 0.552344
vt 0.820613 0.560416
vt 0.814549 0.508081
vt 0.828594 0.517523
vt 0.817042 0.492182
vt 0.834147 0.494383
vt 0.838187 0.515185
vt 0.825871 0.553323
vt 0.831139 0.526239
vt 0.836675 0.536589
vt 0.842084 0.546571
vt 0.836998 0.563777
vt 0.850660 0.511995
vt 0.850772 0.527780
vt 0.850808 0.549479
vt 0.850183 0.562012
vt 0.864268 0.549160
vt 0.862067 0.520703
vt 0.872103 0.531408
vt 0.868863 0.506907
vt 0.879917 0.514312
vt 0.882552 0.564047
vt 0.874181 0.577477
vt 0.886420 0.504832
vt 0.815539 0.575609
vt 0.828629 0.576922
vt 0.803271 0.565489
vt 0.986536 0.829266
vt 0.981591 0.844828
vt 0.979474 0.832806
vt 0.970563 0.844655
vt 0.852133 0.575794
vt 0.843631 0.582916
vt 0.963698 0.835566
vt 0.965890 0.857563
vt 0.958840 0.849739
vt 0.975493 0.859749
vt 0.857471 0.589186
vt 0.906934 0.516010
vt 0.920565 0.515806
vt 0.898750 0.489178
vt 0.954164 0.859011
vt 0.957992 0.879878
vt 0.946117 0.870863
vt 0.972167 0.873063
vt 0.886359 0.596567
vt 0.870046 0.591933
vt 0.966517 0.890208
vt 0.901415 0.580464
vt 0.979008 0.809215
vt 0.994301 0.803319
vt 0.986574 0.816183
vt 0.936205 0.743946
vt 0.943595 0.751412
vt 0.959354 0.749242
vt 0.982561 0.756828
vt 0.991727 0.765700
vt 0.977162 0.770456
vt 0.965112 0.768834
vt 0.940213 0.761851
vt 0.930223 0.778291
vt 0.945574 0.783263
vt 0.971225 0.776858
vt 0.941877 0.786336
vt 0.943453 0.796106
vt 0.981340 0.788842
vt 0.964858 0.792249
vt 0.955980 0.800711
vt 0.992228 0.790007
vt 0.970752 0.808569
vt 0.788579 0.564378
vt 0.908967 0.732829
vt 0.886521 0.736993
vt 0.908965 0.750765
vt 0.901000 0.746480
vt 0.896114 0.758070
vt 0.902269 0.763096
vt 0.873712 0.772804
vt 0.890834 0.769540
vt 0.918122 0.759879
vt 0.912090 0.778533
vt 0.919996 0.773082
vt 0.929410 0.807160
vt 0.923300 0.796041
vt 0.942793 0.812478
vt 0.963340 0.818038
vt 0.939044 0.823370
vt 0.924848 0.815008
vt 0.954313 0.831322
vt 0.929370 0.827475
vt 0.947811 0.842286
vt 0.933274 0.836549
vt 0.975692 0.826203
vt 0.931931 0.842091
vt 0.936012 0.847547
vt 0.919517 0.850820
vt 0.925751 0.869014
vt 0.881081 0.780787
vt 0.896931 0.788553
vt 0.877408 0.795941
vt 0.894615 0.797773
vt 0.902511 0.796069
vt 0.884047 0.808101
vt 0.923901 0.788525
vt 0.914652 0.802497
vt 0.910704 0.809776
vt 0.897877 0.807976
vt 0.920445 0.824629
vt 0.897511 0.821668
vt 0.898618 0.828681
vt 0.879880 0.831179
vt 0.877384 0.823776
vt 0.899433 0.836412
vt 0.912569 0.833539
vt 0.914172 0.844349
vt 0.795285 0.810863
vt 0.814508 0.804376
vt 0.806069 0.814672
vt 0.853767 0.775889
vt 0.846457 0.774359
vt 0.857875 0.766493
vt 0.841150 0.766502
vt 0.838243 0.776068
vt 0.843116 0.789034
vt 0.831841 0.779128
vt 0.850820 0.784059
vt 0.856593 0.794322
vt 0.869024 0.785168
vt 0.832322 0.765882
vt 0.831759 0.770107
vt 0.822413 0.766020
vt 0.818883 0.781387
vt 0.822085 0.790572
vt 0.865754 0.765741
vt 0.828312 0.801307
vt 0.836242 0.813758
vt 0.850826 0.801508
vt 0.845542 0.807554
vt 0.854033 0.813441
vt 0.815903 0.755457
vt 0.811101 0.772890
vt 0.802303 0.777799
vt 0.805441 0.754554
vt 0.796234 0.761229
vt 0.788017 0.778724
vt 0.810515 0.790824
vt 0.785688 0.756470
vt 0.794879 0.792509
vt 0.868923 0.807281
vt 0.862444 0.807516
vt 0.868824 0.814799
vt 0.823153 0.719803
vt 0.816260 0.734504
vt 0.809565 0.715660
vt 0.837754 0.716616
vt 0.833748 0.731232
vt 0.826945 0.734438
vt 0.792701 0.715750
vt 0.802296 0.725539
vt 0.848721 0.722395
vt 0.838307 0.734262
vt 0.849721 0.743151
vt 0.853026 0.719708
vt 0.864769 0.728398
vt 0.855707 0.741515
vt 0.870161 0.738289
vt 0.811358 0.747841
vt 0.798825 0.738863
vt 0.819844 0.744635
vt 0.830725 0.755858
vt 0.790936 0.735392
vt 0.794936 0.747989
vt 0.781900 0.742654
vt 0.824850 0.757810
vt 0.839542 0.744670
vt 0.845619 0.755868
vt 0.858364 0.756125
vt 0.874422 0.747678
vt 0.869115 0.755959
vt 0.871995 0.766153
vt 0.824506 0.816581
vt 0.851095 0.821148
vt 0.837124 0.828586
vt 0.858562 0.828155
vt 0.872053 0.840168
vt 0.887058 0.848744
vt 0.776585 0.807780
vt 0.768676 0.825183
vt 0.752512 0.814737
vt 0.731858 0.804352
vt 0.762399 0.803173
vt 0.785776 0.806579
vt 0.780657 0.823492
vt 0.766382 0.752475
vt 0.776735 0.774295
vt 0.763970 0.769589
vt 0.771836 0.784233
vt 0.741805 0.748620
vt 0.744269 0.767134
vt 0.751423 0.786301
vt 0.758332 0.794182
vt 0.738707 0.787879
vt 0.778921 0.795507
vt 0.744534 0.795722
vt 0.783789 0.704706
vt 0.785437 0.724510
vt 0.769279 0.711402
vt 0.769817 0.718875
vt 0.757358 0.724371
vt 0.773967 0.728859
vt 0.781139 0.723402
vt 0.763168 0.742876
vt 0.736760 0.734903
vt 0.731452 0.795708
vt 0.922316 0.563848
vt 0.930973 0.572496
vt 0.942795 0.548898
vt 0.938011 0.563040
vt 0.914537 0.874465
vt 0.925895 0.889418
vt 0.939707 0.888176
vt 0.903472 0.878436
vt 0.910423 0.897448
vt 0.929549 0.904241
vt 0.943994 0.907848
vt 0.933612 0.920966
vt 0.952937 0.891701
vt 0.957409 0.915902
vt 0.911585 0.604008
vt 0.923782 0.589657
vt 0.903007 0.866624
vt 0.880075 0.854831
vt 0.897066 0.893835
vt 0.796469 0.838136
vt 0.796226 0.829164
vt 0.815304 0.826857
vt 0.813134 0.836641
vt 0.810132 0.857163
vt 0.780671 0.851321
vt 0.789305 0.858717
vt 0.795548 0.863593
vt 0.842855 0.853484
vt 0.844196 0.867338
vt 0.829822 0.861273
vt 0.833214 0.872934
vt 0.863696 0.846408
vt 0.874847 0.869104
vt 0.857942 0.862060
vt 0.851916 0.881114
vt 0.863921 0.881711
vt 0.885670 0.880711
vt 0.881493 0.894378
vt 0.841797 0.836864
vt 0.833049 0.848524
vt 0.786401 0.839725
vt 0.735021 0.778980
vt 0.716576 0.772732
vt 0.723233 0.761016
vt 0.724959 0.744499
vt 0.702260 0.711245
vt 0.718068 0.723305
vt 0.730046 0.711692
vt 0.698921 0.732231
vt 0.705580 0.746691
vt 0.687662 0.715169
vt 0.682828 0.729341
vt 0.678515 0.743908
vt 0.703988 0.761125
vt 0.691055 0.770113
vt 0.680477 0.758505
vt 0.711677 0.779994
vt 0.715386 0.794687
vt 0.664573 0.720603
vt 0.050047 0.774665
vt 0.652455 0.736328
vt 0.652933 0.747585
vt 0.668483 0.756006
vt 0.648226 0.761483
vt 0.689497 0.784632
vt 0.789519 0.417340
vt 0.930212 0.521366
vt 0.947729 0.526170
vt 0.735320 0.271208
vt 0.762871 0.269547
vt 0.595961 0.439639
vt 0.583853 0.444044
vt 0.803920 0.493075
vt 0.630184 0.582705
vt 0.734626 0.564498
vt 0.676588 0.703245
vt 0.156747 0.824481
vt 0.905266 0.562752
vt 0.750562 0.561749
vt 0.763259 0.557060
vt 0.731823 0.815578
vt 0.775501 0.835085
vt 0.893421 0.251628
vt 0.899107 0.243643
vt 0.912094 0.269013
vt 0.913723 0.241026
vt 0.920686 0.255568
vt 0.923517 0.242023
vt 0.927323 0.306116
vt 0.921174 0.290695
vt 0.940247 0.288044
vt 0.945256 0.309772
vt 0.927934 0.271455
vt 0.957183 0.277022
vt 0.937023 0.255547
vt 0.946888 0.336242
vt 0.965537 0.326791
vt 0.959198 0.295726
vt 0.964594 0.357022
vt 0.411278 0.300873
vt 0.429155 0.294860
vt 0.435681 0.317409
vt 0.384310 0.286876
vt 0.418421 0.273094
vt 0.371500 0.241885
vt 0.381676 0.233992
vt 0.385195 0.254136
vt 0.439263 0.279765
vt 0.393136 0.263470
vt 0.402346 0.252798
vt 0.424039 0.259225
vt 0.417257 0.234825
vt 0.941369 0.235347
vt 0.960028 0.255409
vt 0.359482 0.257854
vt 0.448927 0.269374
vt 0.431081 0.243957
vt 0.460865 0.248552
vt 0.440610 0.229878
vt 0.501596 0.338053
vt 0.473665 0.331585
vt 0.484217 0.320336
vt 0.509813 0.325897
vt 0.496955 0.299564
vt 0.481219 0.294116
vt 0.465159 0.330689
vt 0.473661 0.292757
vt 0.453751 0.311410
vt 0.457655 0.287515
vt 0.371189 0.222200
vt 0.361936 0.210524
vt 0.383978 0.201845
vt 0.397665 0.215808
vt 0.435652 0.185846
vt 0.435974 0.208396
vt 0.410168 0.200572
vt 0.410616 0.149853
vt 0.419226 0.174419
vt 0.394105 0.167695
vt 0.393601 0.186276
vt 0.424271 0.217769
vt 0.450663 0.215711
vt 0.437848 0.144214
vt 0.448965 0.168267
vt 0.457098 0.116468
vt 0.462959 0.145262
vt 0.461331 0.199901
vt 0.478280 0.223561
vt 0.470156 0.226579
vt 0.465989 0.180044
vt 0.496151 0.160410
vt 0.500527 0.181613
vt 0.486556 0.182785
vt 0.506441 0.153115
vt 0.482750 0.148954
vt 0.497661 0.132886
vt 0.478832 0.193195
vt 0.492182 0.193785
vt 0.545778 0.294335
vt 0.542764 0.268471
vt 0.566019 0.273244
vt 0.531942 0.302276
vt 0.549958 0.304561
vt 0.523575 0.286391
vt 0.502291 0.279482
vt 0.511679 0.264893
vt 0.490417 0.260838
vt 0.482907 0.237245
vt 0.502305 0.248171
vt 0.538869 0.241688
vt 0.561419 0.246116
vt 0.525683 0.193882
vt 0.520864 0.171687
vt 0.538416 0.179659
vt 0.510628 0.209859
vt 0.501768 0.231813
vt 0.554372 0.332570
vt 0.570935 0.314683
vt 0.531772 0.330589
vt 0.574212 0.304776
vt 0.581752 0.291218
vt 0.595269 0.292642
vt 0.566514 0.291758
vt 0.510691 0.299878
vt 0.498018 0.097973
vt 0.479125 0.097246
vt 0.491112 0.079631
vt 0.475808 0.074907
vt 0.450794 0.087652
vt 0.521062 0.104274
vt 0.505251 0.084096
vt 0.537396 0.089898
vt 0.509753 0.123065
vt 0.490191 0.120160
vt 0.605730 0.110917
vt 0.623935 0.100269
vt 0.627364 0.119371
vt 0.604787 0.092962
vt 0.593232 0.108683
vt 0.639684 0.138814
vt 0.647944 0.124998
vt 0.640968 0.152640
vt 0.619598 0.135987
vt 0.640271 0.101855
vt 0.598313 0.129057
vt 0.595953 0.228837
vt 0.580464 0.249497
vt 0.579735 0.227719
vt 0.560158 0.225440
vt 0.539009 0.216500
vt 0.553525 0.203133
vt 0.576836 0.209142
vt 0.569251 0.181999
vt 0.553631 0.182416
vt 0.526245 0.158022
vt 0.623534 0.189555
vt 0.600329 0.202282
vt 0.608103 0.182284
vt 0.628226 0.163579
vt 0.625433 0.217441
vt 0.606776 0.233807
vt 0.607616 0.215028
vt 0.595690 0.185259
vt 0.602480 0.157551
vt 0.586112 0.172348
vt 0.584109 0.156682
vt 0.583348 0.123251
vt 0.565867 0.170541
vt 0.546314 0.165460
vt 0.573076 0.101701
vt 0.559995 0.114885
vt 0.559691 0.150259
vt 0.540589 0.138728
vt 0.541830 0.110743
vt 0.550558 0.098694
vt 0.554718 0.090427
vt 0.518152 0.138216
vt 0.536507 0.122563
vt 0.590436 0.271330
vt 0.598287 0.251339
vt 0.614508 0.254212
vt 0.608838 0.309238
vt 0.593697 0.310721
vt 0.597531 0.320457
vt 0.607737 0.276868
vt 0.609637 0.291215
vt 0.661163 0.160255
vt 0.653555 0.145898
vt 0.644769 0.173761
vt 0.664341 0.136491
vt 0.664618 0.110057
vt 0.458279 0.099753
vt 0.571892 0.330106
vt 0.628047 0.239230
vt 0.527092 0.065743
vt 0.503905 0.073633
vt 0.498714 0.055106
vt 0.519009 0.044493
vt 0.483164 0.053269
vt 0.028037 0.496814
vt 0.021784 0.479664
vt 0.040095 0.482837
vt 0.653165 0.072416
vt 0.633824 0.083427
vt 0.635633 0.064410
vt 0.013318 0.457569
vt 0.032553 0.471000
vt 0.610745 0.076363
vt 0.611539 0.056326
vt 0.027544 0.449302
vt 0.589244 0.086525
vt 0.013023 0.438638
vt 0.031738 0.425758
vt 0.595650 0.045833
vt 0.012140 0.425306
vt 0.010698 0.412251
vt 0.039722 0.417271
vt 0.581367 0.053654
vt 0.583586 0.039864
vt 0.571616 0.035043
vt 0.560894 0.046569
vt 0.552924 0.073415
vt 0.543902 0.045939
vt 0.541198 0.058523
vt 0.572767 0.075639
vt 0.060657 0.481144
vt 0.048828 0.460125
vt 0.073758 0.466481
vt 0.070036 0.449015
vt 0.043266 0.439633
vt 0.068387 0.430358
vt 0.048274 0.427198
vt 0.064986 0.406877
vt 0.499956 0.031666
vt 0.513000 0.028587
vt 0.525720 0.015743
vt 0.539837 0.017332
vt 0.508563 0.013860
vt 0.032786 0.379140
vt 0.034461 0.358017
vt 0.046683 0.371700
vt 0.527832 0.032169
vt 0.049807 0.388197
vt 0.034746 0.404131
vt 0.554927 0.035637
vt 0.535255 0.079494
vt 0.103009 0.415514
vt 0.076809 0.400852
vt 0.101278 0.397150
vt 0.088026 0.391080
vt 0.069588 0.385489
vt 0.058384 0.396031
vt 0.061980 0.373850
vt 0.675409 0.081510
vt 0.663274 0.094188
vt 0.082509 0.490769
vt 0.103553 0.476769
vt 0.064191 0.497892
vt 0.053819 0.512495
vt 0.156188 0.411407
vt 0.167495 0.410120
vt 0.160437 0.422832
vt 0.146701 0.435753
vt 0.139026 0.412304
vt 0.128163 0.447516
vt 0.128623 0.428060
vt 0.165108 0.790112
vt 0.148670 0.786687
vt 0.175558 0.773637
vt 0.131128 0.780921
vt 0.137746 0.767962
vt 0.154712 0.769654
vt 0.903337 0.932575
vt 0.909343 0.952659
vt 0.892261 0.948076
vt 0.900508 0.955308
vt 0.893105 0.961696
vt 0.909143 0.962869
vt 0.887969 0.959310
vt 0.873148 0.952810
vt 0.884444 0.971302
vt 0.917669 0.937583
vt 0.920242 0.952777
vt 0.689538 0.274658
vt 0.687827 0.289901
vt 0.676396 0.293865
vt 0.665710 0.281963
vt 0.664033 0.308158
vt 0.654513 0.290850
vt 0.654647 0.303791
vt 0.881793 0.941725
vt 0.889818 0.926533
vt 0.631348 0.316813
vt 0.867201 0.909720
vt 0.883222 0.907345
vt 0.868580 0.927925
vt 0.913541 0.919382
vt 0.929098 0.927759
vt 0.936775 0.942159
vt 0.681621 0.309354
vt 0.903046 0.972544
vt 0.895459 0.976856
vt 0.686604 0.262684
vt 0.674766 0.265041
vt 0.688802 0.253193
vt 0.674362 0.243766
vt 0.889808 0.983576
vt 0.687070 0.243254
vt 0.677195 0.231186
vt 0.694030 0.230229
vt 0.659589 0.256703
vt 0.649626 0.242905
vt 0.660897 0.232550
vt 0.658586 0.266162
vt 0.640397 0.270746
vt 0.644080 0.258612
vt 0.819899 0.920450
vt 0.821620 0.942704
vt 0.811487 0.939124
vt 0.835865 0.947090
vt 0.841648 0.927864
vt 0.848638 0.953763
vt 0.812709 0.961645
vt 0.844677 0.961211
vt 0.851410 0.918280
vt 0.864090 0.939684
vt 0.864038 0.963780
vt 0.837476 0.907038
vt 0.819812 0.971525
vt 0.838715 0.974402
vt 0.824275 0.982203
vt 0.831555 0.985789
vt 0.866719 0.971354
vt 0.856033 0.980277
vt 0.839387 0.994692
vt 0.862306 0.984033
vt 0.702484 0.218321
vt 0.687716 0.216632
vt 0.694346 0.202276
vt 0.816527 0.989846
vt 0.806739 0.983655
vt 0.704009 0.192553
vt 0.697241 0.190577
vt 0.701324 0.168969
vt 0.718512 0.175094
vt 0.686797 0.204923
vt 0.671904 0.210682
vt 0.715487 0.166582
vt 0.692414 0.164396
vt 0.707873 0.153280
vt 0.678620 0.180154
vt 0.676971 0.160163
vt 0.662396 0.184358
vt 0.657158 0.221356
vt 0.823329 0.902670
vt 0.800557 0.878803
vt 0.811313 0.875121
vt 0.821217 0.873228
vt 0.818982 0.886560
vt 0.800303 0.898712
vt 0.832953 0.891205
vt 0.840949 0.888632
vt 0.853486 0.893849
vt 0.803743 0.915944
vt 0.719012 0.133840
vt 0.720854 0.113659
vt 0.735028 0.121008
vt 0.710100 0.128051
vt 0.710565 0.105756
vt 0.698715 0.148945
vt 0.692525 0.128341
vt 0.674147 0.153236
vt 0.761652 0.937739
vt 0.775647 0.953553
vt 0.757330 0.946589
vt 0.763035 0.971383
vt 0.795841 0.947921
vt 0.778621 0.968438
vt 0.806384 0.961653
vt 0.795638 0.965118
vt 0.790586 0.977514
vt 0.757755 0.969613
vt 0.776737 0.986815
vt 0.764004 0.983221
vt 0.753618 0.979932
vt 0.770216 0.992197
vt 0.755802 0.993617
vt 0.794548 0.993098
vt 0.784401 0.990763
vt 0.783968 0.995207
vt 0.732124 0.134183
vt 0.724962 0.143921
vt 0.774417 0.931134
vt 0.760961 0.926018
vt 0.780275 0.915842
vt 0.796708 0.932303
vt 0.748535 0.929752
vt 0.798729 0.980636
vt 0.809815 0.995954
vt 0.723045 0.153670
vt 0.773009 0.842735
vt 0.752605 0.854599
vt 0.759597 0.837708
vt 0.742013 0.834805
vt 0.771719 0.877256
vt 0.779133 0.882593
vt 0.757112 0.869643
vt 0.755553 0.886288
vt 0.737781 0.885982
vt 0.768614 0.901274
vt 0.780300 0.896887
vt 0.747145 0.900208
vt 0.744588 0.917085
vt 0.869751 0.903064
vt 0.876491 0.984643
vt 0.730497 0.976997
vt 0.720746 0.972376
vt 0.734785 0.967316
vt 0.745788 0.969756
vt 0.742851 0.982067
vt 0.736169 0.991085
vt 0.723970 0.978393
vt 0.745491 0.105186
vt 0.734381 0.097934
vt 0.718146 0.988943
vt 0.084476 0.576174
vt 0.078171 0.564355
vt 0.101602 0.568695
vt 0.720259 0.096011
vt 0.066631 0.555137
vt 0.083305 0.539234
vt 0.061516 0.545727
vt 0.711277 0.090806
vt 0.731947 0.927727
vt 0.728845 0.942387
vt 0.719627 0.926330
vt 0.718282 0.960594
vt 0.735442 0.952800
vt 0.744929 0.946653
vt 0.717647 0.936989
vt 0.637003 0.925826
vt 0.646451 0.912627
vt 0.647203 0.922493
vt 0.653853 0.927869
vt 0.647873 0.931669
vt 0.662434 0.914315
vt 0.665545 0.926418
vt 0.657577 0.934774
vt 0.671716 0.935657
vt 0.679737 0.910543
vt 0.686417 0.925338
vt 0.691911 0.939456
vt 0.704453 0.928082
vt 0.114360 0.491091
vt 0.131562 0.500308
vt 0.116647 0.518498
vt 0.132356 0.486810
vt 0.200941 0.540338
vt 0.204286 0.550021
vt 0.181260 0.552604
vt 0.669196 0.951288
vt 0.200295 0.560307
vt 0.168694 0.564924
vt 0.670911 0.942853
vt 0.673135 0.949603
vt 0.159766 0.554099
vt 0.178430 0.535695
vt 0.157699 0.541855
vt 0.678871 0.941387
vt 0.686393 0.949283
vt 0.703414 0.950673
vt 0.697224 0.956955
vt 0.708220 0.966638
vt 0.693354 0.967995
vt 0.681401 0.965619
vt 0.136037 0.571791
vt 0.126733 0.555592
vt 0.147369 0.565047
vt 0.118173 0.570752
vt 0.706463 0.978537
vt 0.142865 0.550916
vt 0.162713 0.522824
vt 0.154262 0.529564
vt 0.148673 0.502599
vt 0.137059 0.534106
vt 0.124948 0.543086
vt 0.094833 0.543556
vt 0.116296 0.533088
vt 0.097081 0.559133
vt 0.090721 0.528010
vt 0.075608 0.520949
vt 0.083699 0.510189
vt 0.090838 0.513196
vt 0.292059 0.463586
vt 0.289621 0.454703
vt 0.302807 0.454815
vt 0.339025 0.445256
vt 0.295409 0.434604
vt 0.276414 0.439268
vt 0.208603 0.429771
vt 0.194462 0.433819
vt 0.201650 0.417839
vt 0.211520 0.526481
vt 0.228628 0.523985
vt 0.197648 0.534273
vt 0.233367 0.511853
vt 0.206938 0.519348
vt 0.230224 0.500339
vt 0.202387 0.509223
vt 0.188574 0.523143
vt 0.210717 0.491788
vt 0.230341 0.474515
vt 0.205586 0.462412
vt 0.231060 0.454950
vt 0.224628 0.449078
vt 0.202211 0.453198
vt 0.183565 0.468648
vt 0.174459 0.449150
vt 0.274545 0.480980
vt 0.270235 0.463574
vt 0.252427 0.449389
vt 0.288501 0.497327
vt 0.265353 0.498612
vt 0.248604 0.469460
vt 0.243869 0.498804
vt 0.258498 0.427312
vt 0.243853 0.438661
vt 0.248922 0.417641
vt 0.231402 0.428095
vt 0.635122 0.914267
vt 0.626985 0.916651
vt 0.228464 0.548882
vt 0.213474 0.553705
vt 0.253587 0.513356
vt 0.240890 0.531803
vt 0.248983 0.522735
vt 0.187585 0.502801
vt 0.191710 0.489189
vt 0.167230 0.472363
vt 0.169151 0.461405
vt 0.160655 0.438522
vt 0.147113 0.449963
vt 0.148871 0.474609
vt 0.158862 0.491694
vt 0.146267 0.463095
vt 0.134937 0.464759
vt 0.121841 0.465338
vt 0.702824 0.912563
vt 0.239513 0.543050
vt 0.718977 0.913960
vt 0.714017 0.837752
vt 0.737998 0.856779
vt 0.721950 0.852073
vt 0.705910 0.839015
vt 0.709885 0.854651
vt 0.724111 0.865012
vt 0.712568 0.864236
vt 0.728938 0.878859
vt 0.711327 0.876821
vt 0.700991 0.854739
vt 0.689438 0.861929
vt 0.695380 0.845585
vt 0.689657 0.879841
vt 0.703874 0.873863
vt 0.693267 0.883041
vt 0.703161 0.896954
vt 0.714859 0.890551
vt 0.725756 0.903861
vt 0.733522 0.908810
vt 0.691512 0.905282
vt 0.698635 0.812025
vt 0.722156 0.809076
vt 0.710490 0.819431
vt 0.700314 0.796144
vt 0.684209 0.809666
vt 0.698496 0.820380
vt 0.709993 0.832576
vt 0.690541 0.834690
vt 0.725824 0.827176
vt 0.676069 0.822098
vt 0.616976 0.804417
vt 0.632917 0.782949
vt 0.635195 0.793239
vt 0.636823 0.799024
vt 0.637753 0.818043
vt 0.623846 0.820005
vt 0.612339 0.818040
vt 0.127073 0.731370
vt 0.110570 0.723445
vt 0.119850 0.709529
vt 0.136267 0.717109
vt 0.141669 0.703624
vt 0.152975 0.733391
vt 0.156830 0.707399
vt 0.128224 0.686592
vt 0.087458 0.672181
vt 0.100019 0.679832
vt 0.092384 0.712105
vt 0.103870 0.709888
vt 0.111486 0.684307
vt 0.092008 0.725117
vt 0.101841 0.741737
vt 0.085044 0.746129
vt 0.072605 0.709964
vt 0.113899 0.672415
vt 0.154003 0.680852
vt 0.132055 0.668385
vt 0.616433 0.832044
vt 0.176392 0.686696
vt 0.185186 0.711103
vt 0.168958 0.709857
vt 0.156133 0.665564
vt 0.167659 0.669554
vt 0.082805 0.762539
vt 0.102629 0.765136
vt 0.111809 0.743098
vt 0.116953 0.749622
vt 0.136872 0.744876
vt 0.160544 0.750650
vt 0.057643 0.731954
vt 0.063695 0.749021
vt 0.047580 0.734881
vt 0.644235 0.779540
vt 0.047831 0.750993
vt 0.661719 0.776664
vt 0.657369 0.782767
vt 0.643224 0.792024
vt 0.666706 0.790601
vt 0.657560 0.794814
vt 0.652143 0.806471
vt 0.065775 0.763797
vt 0.674372 0.772558
vt 0.681229 0.786634
vt 0.673694 0.800257
vt 0.665075 0.812825
vt 0.644574 0.829416
vt 0.665973 0.850622
vt 0.653029 0.856298
vt 0.644979 0.846999
vt 0.326580 0.537076
vt 0.307737 0.530639
vt 0.324934 0.521681
vt 0.301436 0.512562
vt 0.626771 0.833292
vt 0.630699 0.847412
vt 0.614303 0.845760
vt 0.641987 0.857978
vt 0.314386 0.546080
vt 0.317660 0.564272
vt 0.305545 0.558025
vt 0.653955 0.875048
vt 0.666972 0.870057
vt 0.645019 0.896199
vt 0.666915 0.893309
vt 0.642497 0.884333
vt 0.678159 0.886819
vt 0.634469 0.873162
vt 0.659094 0.904019
vt 0.674610 0.901570
vt 0.634913 0.894816
vt 0.632484 0.901792
vt 0.648211 0.905988
vt 0.624034 0.862596
vt 0.294553 0.537602
vt 0.614396 0.867032
vt 0.284761 0.552999
vt 0.275122 0.540016
vt 0.621902 0.867325
vt 0.618681 0.874654
vt 0.275823 0.554982
vt 0.630929 0.882098
vt 0.628087 0.892614
vt 0.619808 0.891690
vt 0.284306 0.523047
vt 0.284452 0.516053
vt 0.308033 0.499806
vt 0.270786 0.516978
vt 0.265866 0.529679
vt 0.257872 0.551356
vt 0.626659 0.905365
vt 0.629075 0.912267
vt 0.679649 0.857618
vt 0.676019 0.840341
vt 0.669911 0.834014
vt 0.327383 0.502124
vt 0.308497 0.488927
vt 0.331353 0.475102
vt 0.699408 0.121696
vt 0.105300 0.431235
vt 0.120753 0.411441
vt 0.105491 0.444613
vt 0.746782 0.827711
vt 0.240754 0.553204
vt 0.337038 0.463062
vt 0.299563 0.477431
vt 0.184195 0.670031
vt 0.125381 0.776355
vt 0.103655 0.777500
vt 0.876220 0.247803
vt 0.850846 0.252404
vt 0.899542 0.228671
vt 0.916540 0.222451
vt 0.829957 0.249102
vt 0.764238 0.256672
vt 0.788637 0.256780
vt 0.806992 0.201025
vt 0.810437 0.202420
vt 0.371262 0.187202
vt 0.445557 0.103517
vt 0.045916 0.343398
vt 0.011852 0.337939
vt 0.061726 0.353068
vt 0.086523 0.370093
vt 0.772342 0.168643
vt 0.533258 0.366121
vt 0.517899 0.375105
vt 0.453054 0.411450
vt 0.843733 0.070140
vt 0.578739 0.431709
vt 0.515348 0.447287
vt 0.376100 0.366098
vt 0.159986 0.065051
vt 0.182941 0.162678
vt 0.199927 0.361091
vt 0.206178 0.347539
vt 0.192665 0.292264
vt 0.159199 0.397629
vt 0.125590 0.397654
vt 0.118617 0.384854
vt 0.121486 0.373651
vt 0.101570 0.379034
vt 0.212357 0.330914
vt 0.217693 0.305184
vt 0.184338 0.218928
vt 0.212400 0.356826
vt 0.216519 0.379961
vt 0.207177 0.401439
vt 0.223174 0.407388
vt 0.463392 0.429618
vt 0.518638 0.464495
vt 0.362451 0.459764
vt 0.362966 0.488595
vt 0.436692 0.969483
vt 0.539497 0.868181
vt 0.267368 0.231530
vt 0.291105 0.194448
vt 0.373347 0.729847
vt 0.541621 0.520408
vt 0.530340 0.541841
vt 0.505355 0.580279
vt 0.482292 0.617874
vt 0.241964 0.924203
vt 0.372774 0.641868
vt 0.261605 0.949963
vt 0.364252 0.609081
vt 0.422294 0.677649
vt 0.384654 0.599147
vt 0.163146 0.916201
vt 0.216862 0.923217
vt 0.228206 0.914511
vt 0.422149 0.705485
vt 0.164182 0.858880
vt 0.164086 0.846079
vt 0.175557 0.874342
vt 0.166546 0.905669
vt 0.247452 0.732619
vt 0.260468 0.720891
vt 0.211859 0.800959
vt 0.181280 0.793597
vt 0.197521 0.793580
vt 0.184177 0.804814
vt 0.186115 0.778349
vt 0.174854 0.749751
vt 0.181868 0.733935
vt 0.170077 0.822951
vt 0.202687 0.811690
vt 0.198535 0.737934
vt 0.196803 0.699862
vt 0.321533 0.422018
vt 0.293414 0.422261
vt 0.278727 0.413820
vt 0.498462 0.602243
vt 0.193777 0.719751
vt 0.964454 0.391333
vt 0.961675 0.454192
vt 0.966252 0.430193
vt 0.966275 0.400328
vt 0.960681 0.477512
vt 0.646302 0.483719
vt 0.595171 0.640872
vt 0.607238 0.632611
vt 0.589974 0.622474
vt 0.415001 0.736840
vt 0.468160 0.785772
vt 0.123159 0.797361
vt 0.163585 0.810200
vt 0.899571 0.539872
vt 0.912722 0.547032
vt 0.643262 0.341574
vt 0.632069 0.339862
vt 0.659709 0.323993
vt 0.892981 0.907728
vt 0.919035 0.907874
vt 0.940802 0.928019
vt 0.660902 0.338652
vt 0.823181 0.865226
vt 0.617482 0.341923
vt 0.611641 0.331622
vt 0.086627 0.775876
vt 0.046468 0.764259
vt 0.594972 0.345981
vt 0.922427 0.620516
vt 0.686987 0.322940
vt 0.370561 0.276061
vt 0.468065 0.280032
vt 0.478149 0.128945
vt 0.565425 0.346168
vt 0.546232 0.344259
vt 0.523978 0.344460
vt 0.527232 0.338087
vt 0.577217 0.345870
vt 0.013512 0.357053
vt 0.343498 0.439559
vt 0.202612 0.472760
vt 0.172095 0.482295
vt 0.076766 0.695897
vt 0.189510 0.674523
vt 0.072101 0.681486
vt 0.893082 0.211501
vt 0.460281 0.968560
vt 0.469424 0.968323
vt 0.278259 0.207882
vt 0.360195 0.597330
vt 0.413468 0.586992
vt 0.855751 0.270617
vt 0.852667 0.409198
vt 0.861987 0.435528
vt 0.853132 0.432190
vt 0.598253 0.532839
vt 0.572260 0.529252
vt 0.596857 0.598271
vt 0.607716 0.600481
vt 0.609591 0.589894
vt 0.843681 0.448570
vt 0.899722 0.845111
vt 0.909908 0.856787
vt 0.517624 0.236598
vt 0.521616 0.218452
vt 0.635983 0.208529
vt 0.643630 0.191886
vt 0.104144 0.456804
vt 0.085582 0.438365
vt 0.016023 0.372990
vt 0.038117 0.517146
vt 0.166646 0.071048
vt 0.697326 0.101671
vn -0.5465 -0.5451 -0.6358
vn -0.4738 -0.5436 -0.6928
vn -0.4779 -0.5974 -0.6441
vn -0.3960 -0.5727 -0.7178
vn -0.4054 -0.6626 -0.6298
vn -0.6912 -0.3456 -0.6347
vn -0.6902 -0.3082 -0.6547
vn -0.6369 -0.4457 -0.6290
vn -0.6925 -0.4272 -0.5813
vn -0.7319 -0.3037 -0.6100
vn -0.7049 -0.2746 -0.6540
vn -0.7212 -0.3215 -0.6137
vn -0.6235 -0.3734 -0.6869
vn -0.5132 -0.4757 -0.7144
vn -0.2175 -0.4398 -0.8714
vn -0.0895 -0.4244 -0.9010
vn -0.1589 -0.5163 -0.8415
vn -0.0449 -0.4269 -0.9032
vn -0.0832 -0.4992 -0.8625
vn -0.3911 -0.5558 -0.7335
vn -0.2670 -0.5293 -0.8053
vn -0.3273 -0.5919 -0.7366
vn -0.2143 -0.5915 -0.7773
vn -0.0895 -0.5761 -0.8124
vn -0.6377 -0.2395 -0.7321
vn -0.5649 -0.2328 -0.7917
vn -0.5638 -0.3432 -0.7512
vn -0.4351 -0.3452 -0.8315
vn -0.4571 -0.4125 -0.7880
vn -0.3682 -0.4479 -0.8148
vn -0.4125 -0.3023 -0.8593
vn -0.4864 -0.2065 -0.8490
vn -0.3268 -0.3639 -0.8722
vn -0.4097 -0.1466 -0.9004
vn -0.3047 -0.2434 -0.9208
vn -0.3528 -0.2847 -0.8913
vn -0.1552 -0.3443 -0.9259
vn -0.0568 -0.3808 -0.9229
vn -0.1701 -0.3764 -0.9107
vn -0.5574 -0.1625 -0.8142
vn -0.6127 -0.1808 -0.7694
vn 0.0566 -0.4411 -0.8956
vn 0.0202 -0.5139 -0.8576
vn 0.2366 -0.3938 -0.8882
vn 0.2238 -0.3952 -0.8909
vn 0.2578 -0.4105 -0.8747
vn -0.4314 -0.0826 -0.8984
vn -0.3796 -0.2426 -0.8928
vn -0.1830 -0.3738 -0.9093
vn -0.1355 -0.3613 -0.9226
vn -0.0883 -0.3970 -0.9135
vn 0.0618 -0.4029 -0.9131
vn -0.0067 -0.3847 -0.9230
vn 0.0412 -0.4171 -0.9079
vn 0.1810 -0.4169 -0.8907
vn 0.2683 -0.4183 -0.8678
vn 0.1908 -0.4637 -0.8652
vn -0.0702 -0.4650 -0.8825
vn 0.1563 -0.4961 -0.8541
vn 0.2174 -0.5269 -0.8217
vn 0.2868 -0.5100 -0.8110
vn 0.3520 -0.5167 -0.7805
vn 0.5440 -0.3978 -0.7388
vn 0.4767 -0.3271 -0.8159
vn 0.4429 -0.4225 -0.7908
vn 0.4316 -0.3929 -0.8120
vn 0.3522 -0.3606 -0.8637
vn 0.4388 -0.3039 -0.8456
vn 0.1931 -0.4470 -0.8734
vn 0.2581 -0.4888 -0.8333
vn 0.2851 -0.4126 -0.8651
vn 0.2183 -0.3910 -0.8941
vn 0.2655 -0.4496 -0.8528
vn 0.3206 -0.3855 -0.8652
vn 0.2253 -0.4058 -0.8857
vn 0.3512 -0.3565 -0.8658
vn 0.2443 -0.3887 -0.8884
vn 0.1239 -0.5548 -0.8227
vn 0.2689 -0.4835 -0.8330
vn 0.2235 -0.5865 -0.7785
vn 0.2703 -0.5648 -0.7797
vn 0.2997 -0.4184 -0.8574
vn 0.2959 -0.4299 -0.8530
vn 0.3716 -0.3976 -0.8389
vn 0.4389 -0.3502 -0.8275
vn 0.3633 -0.4176 -0.8328
vn 0.3197 -0.4510 -0.8333
vn 0.4146 -0.4021 -0.8163
vn 0.3523 -0.4868 -0.7993
vn 0.2922 -0.4543 -0.8416
vn 0.2890 -0.5062 -0.8125
vn 0.4027 -0.3326 -0.8528
vn 0.4192 -0.5599 -0.7147
vn 0.3328 -0.7086 -0.6222
vn 0.3452 -0.6260 -0.6992
vn 0.4290 -0.6269 -0.6503
vn 0.0097 -0.6131 -0.7900
vn -0.0024 -0.6850 -0.7286
vn -0.1271 -0.6564 -0.7436
vn -0.0412 -0.7762 -0.6291
vn 0.0662 -0.7667 -0.6385
vn 0.1113 -0.6712 -0.7329
vn 0.2053 -0.6643 -0.7187
vn 0.1972 -0.7435 -0.6390
vn 0.1437 -0.8299 -0.5390
vn 0.2627 -0.6471 -0.7157
vn 0.2795 -0.6093 -0.7421
vn 0.2192 -0.7970 -0.5627
vn 0.2687 -0.6898 -0.6723
vn 0.2488 -0.7620 -0.5978
vn 0.3419 -0.5565 -0.7573
vn 0.2926 -0.5435 -0.7867
vn 0.4158 -0.4861 -0.7686
vn 0.5482 -0.5442 -0.6351
vn 0.5292 -0.6332 -0.5648
vn 0.4891 -0.5775 -0.6537
vn 0.5519 -0.5994 -0.5798
vn 0.5027 -0.4864 -0.7146
vn 0.4866 -0.4418 -0.7537
vn 0.4936 -0.4990 -0.7123
vn 0.5236 -0.5376 -0.6609
vn 0.5103 -0.5178 -0.6866
vn 0.4053 -0.4247 -0.8096
vn 0.4356 -0.3669 -0.8220
vn 0.4067 -0.3754 -0.8328
vn 0.4601 -0.4105 -0.7873
vn 0.4542 -0.4299 -0.7803
vn 0.4613 -0.4319 -0.7750
vn 0.3996 -0.3702 -0.8386
vn 0.4095 -0.3175 -0.8553
vn 0.4359 -0.3504 -0.8290
vn 0.3244 -0.3922 -0.8608
vn 0.3991 -0.4114 -0.8194
vn 0.3195 -0.3825 -0.8669
vn 0.3777 -0.3420 -0.8605
vn 0.3211 -0.4163 -0.8506
vn 0.3942 -0.3994 -0.8277
vn 0.4837 -0.3243 -0.8130
vn 0.3552 -0.4281 -0.8310
vn 0.4510 -0.3604 -0.8165
vn 0.4968 -0.2899 -0.8180
vn 0.3522 -0.4107 -0.8410
vn 0.5246 -0.2243 -0.8213
vn 0.6043 -0.2120 -0.7680
vn 0.5008 -0.3435 -0.7945
vn 0.4451 -0.4111 -0.7955
vn 0.5642 -0.2079 -0.7991
vn -0.5193 -0.1459 -0.8420
vn 0.4497 -0.6790 -0.5803
vn 0.6481 -0.1172 -0.7525
vn 0.6021 -0.2565 -0.7561
vn 0.5860 -0.0838 -0.8060
vn 0.5554 -0.5518 -0.6222
vn 0.6721 -0.4804 -0.5635
vn 0.5967 -0.6005 -0.5323
vn 0.5910 -0.6437 -0.4862
vn 0.5679 -0.1887 -0.8012
vn 0.5277 -0.2184 -0.8209
vn 0.6009 -0.1306 -0.7886
vn 0.6032 -0.1548 -0.7824
vn 0.6239 -0.1773 -0.7611
vn 0.6281 -0.1927 -0.7539
vn 0.5893 -0.2454 -0.7697
vn 0.5840 -0.2431 -0.7745
vn 0.5166 -0.4048 -0.7545
vn 0.6138 -0.2393 -0.7523
vn 0.5504 -0.3793 -0.7438
vn 0.6941 -0.2443 -0.6771
vn 0.6668 -0.2060 -0.7161
vn 0.6424 -0.2991 -0.7056
vn 0.6311 -0.2752 -0.7252
vn 0.6498 -0.3773 -0.6599
vn 0.7297 -0.2497 -0.6365
vn 0.6162 -0.4009 -0.6780
vn 0.7185 -0.3064 -0.6244
vn 0.6340 -0.2661 -0.7261
vn 0.5493 -0.4057 -0.7305
vn 0.7575 -0.2576 -0.5998
vn 0.7448 -0.3309 -0.5795
vn 0.6520 -0.4862 -0.5818
vn 0.6007 -0.4349 -0.6709
vn 0.6469 -0.4677 -0.6023
vn 0.6722 -0.3131 -0.6709
vn 0.7122 -0.3489 -0.6091
vn 0.6736 -0.4542 -0.5831
vn 0.5746 -0.4082 -0.7094
vn 0.5225 -0.4327 -0.7347
vn 0.5020 -0.3650 -0.7841
vn 0.5904 -0.2079 -0.7798
vn 0.7966 -0.2792 -0.5362
vn 0.7220 -0.3581 -0.5921
vn 0.7832 -0.2600 -0.5648
vn 0.8354 -0.3103 -0.4537
vn 0.7763 -0.3220 -0.5419
vn 0.7998 -0.3281 -0.5027
vn 0.7910 -0.3404 -0.5084
vn 0.8038 -0.3923 -0.4472
vn 0.8453 -0.3479 -0.4054
vn 0.8105 -0.4017 -0.4262
vn 0.8616 -0.2457 -0.4442
vn 0.8292 -0.3429 -0.4414
vn 0.7863 -0.3314 -0.5214
vn 0.7258 -0.4710 -0.5013
vn 0.8886 -0.3150 -0.3335
vn 0.8244 -0.4229 -0.3763
vn 0.8666 -0.3322 -0.3724
vn 0.7636 -0.4944 -0.4153
vn 0.7202 -0.5304 -0.4472
vn 0.8004 -0.5047 -0.3236
vn 0.7557 -0.4480 -0.4778
vn 0.7883 -0.3983 -0.4690
vn 0.7603 -0.4698 -0.4486
vn 0.7700 -0.4297 -0.4717
vn 0.6907 -0.4419 -0.5724
vn 0.7042 -0.4844 -0.5191
vn 0.9010 -0.1800 -0.3948
vn 0.7905 -0.5240 -0.3171
vn 0.7959 -0.4862 -0.3607
vn 0.8345 -0.4035 -0.3752
vn 0.5370 -0.4095 -0.7375
vn 0.5170 -0.3630 -0.7752
vn 0.5896 -0.2830 -0.7565
vn -0.4705 0.0663 -0.8799
vn -0.4632 0.0078 -0.8862
vn -0.4759 0.0222 -0.8792
vn -0.5235 0.1272 -0.8425
vn -0.5363 -0.0161 -0.8439
vn -0.6487 -0.1684 -0.7422
vn -0.5887 -0.1625 -0.7918
vn -0.5519 0.1922 -0.8115
vn -0.5228 0.1886 -0.8314
vn -0.5640 0.2035 -0.8003
vn -0.5738 0.1862 -0.7975
vn -0.5322 0.1239 -0.8375
vn -0.5288 0.1993 -0.8250
vn -0.6141 0.1558 -0.7737
vn -0.5735 0.0683 -0.8163
vn -0.6234 0.1734 -0.7625
vn -0.6326 0.0493 -0.7729
vn -0.4886 -0.0274 -0.8721
vn -0.5545 -0.0396 -0.8312
vn -0.6612 -0.2321 -0.7134
vn -0.6919 -0.2034 -0.6927
vn -0.5192 -0.1096 -0.8476
vn -0.4161 -0.0593 -0.9074
vn -0.4113 -0.1185 -0.9038
vn -0.4666 -0.1481 -0.8720
vn -0.4246 -0.1250 -0.8967
vn -0.4759 -0.0690 -0.8768
vn -0.3705 -0.1331 -0.9192
vn -0.6596 0.0847 -0.7468
vn -0.6451 -0.0544 -0.7622
vn -0.7036 -0.0556 -0.7084
vn -0.6390 0.1863 -0.7463
vn -0.6520 0.1503 -0.7432
vn -0.6075 0.1913 -0.7709
vn -0.7625 -0.1511 -0.6291
vn -0.8214 -0.1489 -0.5505
vn -0.7832 -0.2581 -0.5657
vn -0.7426 -0.2729 -0.6117
vn -0.8850 0.1024 -0.4543
vn -0.8079 0.1031 -0.5803
vn -0.8643 0.1162 -0.4893
vn -0.8614 0.0547 -0.5050
vn -0.8745 -0.0314 -0.4840
vn -0.8447 0.0428 -0.5336
vn -0.7841 0.2033 -0.5865
vn -0.7393 0.0950 -0.6666
vn -0.8218 -0.0254 -0.5693
vn -0.7754 -0.0079 -0.6314
vn -0.7113 0.1761 -0.6804
vn -0.6824 0.1476 -0.7159
vn -0.7368 0.1885 -0.6493
vn -0.7029 0.1680 -0.6912
vn -0.6366 0.1857 -0.7485
vn -0.6512 0.1868 -0.7356
vn -0.8346 0.1490 -0.5303
vn -0.5701 0.0853 -0.8171
vn -0.5676 0.1512 -0.8093
vn -0.5618 0.1193 -0.8186
vn -0.5831 -0.1879 -0.7904
vn -0.4059 -0.2812 -0.8696
vn -0.5770 -0.2899 -0.7636
vn -0.2772 -0.4056 -0.8710
vn -0.0605 -0.5178 -0.8533
vn -0.6135 -0.0453 -0.7884
vn -0.6852 -0.0093 -0.7283
vn -0.6988 -0.1065 -0.7073
vn -0.5699 -0.1007 -0.8155
vn -0.6478 -0.1522 -0.7465
vn -0.7347 -0.1265 -0.6665
vn -0.6135 -0.2173 -0.7592
vn -0.4672 -0.1288 -0.8747
vn -0.5843 -0.1369 -0.7999
vn -0.8787 0.1473 -0.4541
vn -0.5833 0.1645 -0.7954
vn -0.5612 0.1493 -0.8141
vn -0.5383 0.1445 -0.8303
vn -0.6491 0.1133 -0.7522
vn -0.5668 0.0593 -0.8217
vn -0.5299 0.0724 -0.8450
vn -0.5674 0.1167 -0.8151
vn -0.7106 -0.0133 -0.7035
vn -0.7681 0.0553 -0.6380
vn -0.4881 -0.0916 -0.8680
vn -0.3309 -0.3543 -0.8746
vn -0.7525 0.0846 -0.6532
vn -0.3791 0.6094 -0.6963
vn -0.4897 0.4649 -0.7376
vn -0.3064 0.6020 -0.7374
vn -0.5481 0.4593 -0.6990
vn -0.4563 0.4803 -0.7491
vn -0.3002 0.5499 -0.7794
vn -0.6398 0.2866 -0.7131
vn -0.6446 0.2595 -0.7192
vn -0.6966 0.1585 -0.6997
vn -0.7726 0.2523 -0.5826
vn -0.7273 0.1806 -0.6621
vn -0.4125 0.4164 -0.8102
vn -0.2127 0.5607 -0.8002
vn -0.6512 0.1407 -0.7458
vn -0.6959 0.1607 -0.7000
vn -0.6181 0.2604 -0.7417
vn -0.5947 0.1772 -0.7842
vn -0.5563 0.2212 -0.8010
vn -0.7262 0.1464 -0.6717
vn -0.6979 0.3174 -0.6420
vn -0.1619 0.6239 -0.7645
vn 0.2284 -0.0095 -0.9735
vn 0.0291 -0.4714 -0.8814
vn -0.0237 -0.1158 -0.9930
vn 0.5316 -0.3761 -0.7589
vn 0.4175 -0.5026 -0.7570
vn 0.1372 -0.1098 -0.9844
vn 0.6187 -0.4357 -0.6537
vn 0.5635 -0.4317 -0.7044
vn 0.4820 -0.4764 -0.7353
vn 0.2828 -0.5386 -0.7937
vn 0.1335 -0.5035 -0.8536
vn 0.5091 -0.4347 -0.7429
vn 0.5879 -0.1739 -0.7900
vn 0.5775 -0.1331 -0.8055
vn 0.5646 -0.1837 -0.8047
vn 0.4945 -0.3752 -0.7840
vn 0.5155 -0.3750 -0.7705
vn 0.4574 -0.4638 -0.7587
vn 0.5930 -0.2313 -0.7713
vn 0.5074 -0.4510 -0.7343
vn 0.6135 -0.1526 -0.7748
vn 0.5891 -0.0360 -0.8073
vn 0.6197 -0.1523 -0.7699
vn 0.5317 -0.1318 -0.8366
vn 0.5955 -0.2756 -0.7546
vn 0.6158 -0.2881 -0.7334
vn 0.6389 -0.1033 -0.7623
vn 0.6117 -0.3825 -0.6925
vn 0.6525 -0.2548 -0.7137
vn 0.5673 -0.3729 -0.7342
vn 0.6128 -0.3761 -0.6950
vn 0.6332 -0.3371 -0.6967
vn 0.5449 -0.3808 -0.7470
vn 0.6040 -0.3120 -0.7334
vn 0.4738 -0.4854 -0.7348
vn 0.4560 -0.4849 -0.7462
vn 0.5797 -0.3730 -0.7245
vn 0.6522 -0.2544 -0.7140
vn 0.5217 -0.3813 -0.7632
vn 0.6138 -0.2758 -0.7397
vn 0.6364 -0.1298 -0.7603
vn 0.5862 -0.2060 -0.7835
vn 0.5867 -0.1003 -0.8035
vn 0.5315 -0.2775 -0.8003
vn 0.2104 -0.3938 -0.8948
vn 0.5048 -0.5793 -0.6400
vn 0.5394 -0.2108 -0.8152
vn 0.3810 -0.5321 -0.7561
vn 0.6202 -0.0817 -0.7801
vn 0.4468 -0.4262 -0.7866
vn 0.6526 -0.0315 -0.7570
vn 0.5337 -0.2313 -0.8134
vn 0.5908 -0.0847 -0.8024
vn 0.5723 -0.0887 -0.8153
vn 0.5451 -0.0207 -0.8381
vn 0.3481 0.3416 -0.8730
vn 0.3983 0.2383 -0.8858
vn 0.2877 0.3605 -0.8873
vn 0.0449 0.5058 -0.8615
vn 0.3024 0.3727 -0.8773
vn -0.0746 0.5879 -0.8055
vn 0.3692 0.2772 -0.8870
vn 0.4063 0.2949 -0.8649
vn 0.2773 0.4526 -0.8475
vn 0.5180 0.1226 -0.8466
vn 0.4828 0.1749 -0.8581
vn 0.5312 0.0981 -0.8416
vn -0.3795 0.5954 -0.7082
vn -0.1312 0.2635 -0.9557
vn -0.3536 0.5528 -0.7546
vn 0.1327 0.3296 -0.9347
vn -0.1999 0.6280 -0.7521
vn 0.1552 0.3708 -0.9157
vn 0.3012 0.0683 -0.9511
vn -0.3114 0.6189 -0.7211
vn -0.3418 0.6794 -0.6492
vn 0.4915 0.0422 -0.8699
vn 0.6021 0.0201 -0.7982
vn 0.5291 -0.0837 -0.8444
vn 0.5519 -0.0644 -0.8314
vn 0.4113 -0.4599 -0.7870
vn 0.5655 -0.1253 -0.8152
vn 0.5723 -0.0469 -0.8187
vn 0.5737 -0.0258 -0.8187
vn 0.5755 -0.0567 -0.8159
vn 0.5841 -0.1247 -0.8021
vn 0.5708 -0.0038 -0.8211
vn 0.5725 -0.1331 -0.8090
vn 0.5611 -0.0849 -0.8234
vn 0.5511 0.0218 -0.8341
vn 0.5265 -0.2732 -0.8050
vn 0.5619 -0.2057 -0.8012
vn 0.4891 -0.2646 -0.8311
vn 0.5012 -0.3804 -0.7772
vn 0.4301 -0.4407 -0.7879
vn 0.5543 -0.2875 -0.7810
vn 0.5824 -0.1342 -0.8018
vn 0.5675 -0.2335 -0.7896
vn 0.5399 -0.3472 -0.7668
vn 0.4879 -0.4763 -0.7315
vn 0.4897 -0.3953 -0.7771
vn 0.4730 -0.4797 -0.7390
vn 0.4957 -0.0448 -0.8674
vn 0.5646 -0.1180 -0.8169
vn 0.5653 -0.1344 -0.8139
vn 0.5612 -0.1406 -0.8156
vn 0.3401 0.2796 -0.8979
vn 0.4516 0.1186 -0.8843
vn 0.4452 0.1384 -0.8846
vn 0.4919 0.0315 -0.8701
vn 0.3716 0.2234 -0.9011
vn 0.5393 -0.0831 -0.8380
vn 0.4944 0.1032 -0.8631
vn 0.5473 -0.0678 -0.8342
vn 0.5347 -0.0859 -0.8407
vn 0.5717 -0.1793 -0.8006
vn 0.6147 0.1313 -0.7778
vn 0.5890 0.0639 -0.8056
vn 0.5649 0.0570 -0.8232
vn 0.5426 0.0889 -0.8353
vn 0.5541 -0.0032 -0.8324
vn 0.4760 0.1319 -0.8695
vn 0.4952 0.1007 -0.8629
vn 0.5657 -0.2009 -0.7998
vn 0.5945 -0.0709 -0.8010
vn 0.5939 -0.1740 -0.7855
vn 0.6149 -0.1316 -0.7775
vn 0.4480 0.1838 -0.8750
vn 0.7259 -0.0451 -0.6863
vn 0.7434 -0.0978 -0.6617
vn 0.7078 -0.1076 -0.6982
vn 0.6684 0.0202 -0.7435
vn 0.6702 0.1254 -0.7315
vn 0.6832 -0.1268 -0.7192
vn 0.6417 -0.1255 -0.7566
vn 0.7479 0.0960 -0.6569
vn 0.7818 -0.0501 -0.6215
vn 0.6620 -0.0734 -0.7459
vn 0.6146 -0.0625 -0.7863
vn 0.6157 -0.1305 -0.7771
vn 0.6670 -0.1039 -0.7378
vn 0.6281 -0.2706 -0.7296
vn 0.6622 -0.1949 -0.7236
vn 0.7164 -0.1522 -0.6808
vn 0.7955 -0.0493 -0.6040
vn 0.8245 -0.0514 -0.5635
vn 0.8556 -0.0369 -0.5163
vn 0.7156 -0.0751 -0.6945
vn 0.7528 -0.0533 -0.6561
vn 0.7941 -0.0624 -0.6045
vn 0.7636 -0.0532 -0.6435
vn 0.7898 -0.1470 -0.5954
vn 0.7268 -0.2221 -0.6500
vn 0.8348 -0.0437 -0.5489
vn 0.8396 -0.0777 -0.5376
vn 0.8335 -0.1654 -0.5272
vn 0.8867 -0.0698 -0.4571
vn 0.8728 -0.1490 -0.4649
vn 0.9601 -0.0837 -0.2670
vn 0.9489 0.0141 -0.3151
vn 0.9748 0.0264 -0.2213
vn 0.9704 0.1747 -0.1666
vn 0.9773 0.2064 -0.0484
vn 0.9791 0.1734 -0.1064
vn 0.9885 0.0624 -0.1377
vn 0.9750 0.1051 -0.1958
vn 0.8850 0.1079 -0.4528
vn 0.8952 -0.0028 -0.4456
vn 0.8659 0.0378 -0.4988
vn 0.8594 -0.0102 -0.5112
vn 0.9354 0.1658 -0.3123
vn 0.9038 0.2680 -0.3337
vn 0.9414 0.2352 -0.2418
vn 0.9590 0.1401 -0.2462
vn 0.8439 0.1819 -0.5047
vn 0.9459 0.0964 -0.3097
vn 0.9061 0.1548 -0.3937
vn 0.9206 0.0303 -0.3894
vn 0.9885 0.1506 0.0124
vn 0.9937 0.0868 -0.0702
vn 0.9976 0.0032 -0.0688
vn 0.9913 -0.0240 -0.1298
vn 0.9760 -0.0961 -0.1953
vn 0.9254 -0.0760 -0.3713
vn 0.9341 -0.1746 -0.3115
vn 0.9568 -0.1978 -0.2132
vn 0.8046 0.1053 -0.5844
vn 0.8218 -0.0215 -0.5693
vn -0.6555 -0.2875 -0.6983
vn -0.6359 -0.2985 -0.7117
vn -0.6530 -0.1794 -0.7358
vn 0.1132 -0.5422 -0.8326
vn 0.7781 -0.2402 -0.5804
vn 0.9339 -0.2499 -0.2556
vn -0.9190 0.1012 -0.3812
vn -0.0270 -0.5514 -0.8338
vn -0.4683 0.2370 -0.8512
vn -0.3191 0.6237 -0.7135
vn 0.7371 -0.1531 -0.6582
vn -0.6917 0.1388 -0.7087
vn -0.6773 0.1822 -0.7128
vn -0.7426 0.1345 -0.6560
vn -0.6762 0.1442 -0.7224
vn -0.6703 0.1578 -0.7251
vn -0.6530 0.1560 -0.7411
vn -0.6334 0.1573 -0.7576
vn -0.6163 0.1333 -0.7761
vn -0.6126 0.0920 -0.7850
vn -0.6073 0.1133 -0.7864
vn -0.6578 0.1553 -0.7371
vn -0.7474 0.2007 -0.6333
vn -0.7934 0.1762 -0.5826
vn -0.7427 0.1723 -0.6471
vn -0.7837 0.1170 -0.6100
vn -0.7881 0.1589 -0.5947
vn -0.7188 0.1123 -0.6860
vn -0.7099 0.1541 -0.6872
vn -0.5534 0.1582 -0.8177
vn -0.5770 0.1485 -0.8031
vn -0.5715 0.0963 -0.8149
vn -0.5040 0.2138 -0.8368
vn -0.4281 0.4443 -0.7870
vn -0.3967 0.4567 -0.7963
vn -0.4365 0.4206 -0.7953
vn -0.5168 0.3243 -0.7923
vn -0.5939 0.2175 -0.7746
vn -0.6016 0.1729 -0.7799
vn -0.5459 0.2695 -0.7933
vn -0.3907 0.4331 -0.8123
vn -0.5214 0.1803 -0.8341
vn -0.5636 0.1466 -0.8129
vn -0.4619 0.2920 -0.8375
vn -0.3875 0.3583 -0.8494
vn -0.5228 0.3615 -0.7720
vn -0.6094 0.2716 -0.7449
vn -0.4631 0.4149 -0.7832
vn -0.3034 0.4720 -0.8277
vn -0.2157 0.4930 -0.8429
vn -0.2945 0.4477 -0.8443
vn -0.3800 0.3711 -0.8473
vn -0.2724 0.4741 -0.8373
vn -0.5202 0.2088 -0.8281
vn -0.1874 0.4798 -0.8571
vn -0.3622 0.3888 -0.8472
vn -0.5003 0.2312 -0.8344
vn -0.3010 0.6199 -0.7247
vn -0.4132 0.5992 -0.6857
vn -0.1505 0.5844 -0.7974
vn -0.3810 0.5586 -0.7368
vn -0.2496 0.5510 -0.7963
vn -0.1012 0.6318 -0.7685
vn -0.0966 0.5736 -0.8134
vn -0.2323 0.5167 -0.8241
vn -0.0570 0.5647 -0.8233
vn -0.1949 0.5364 -0.8212
vn -0.1245 0.5315 -0.8379
vn -0.1947 0.4917 -0.8487
vn -0.0703 0.5430 -0.8368
vn -0.2683 0.4813 -0.8345
vn -0.3469 0.4273 -0.8349
vn -0.3825 0.4326 -0.8165
vn -0.4895 0.2710 -0.8288
vn -0.2456 0.5211 -0.8174
vn -0.1472 0.5476 -0.8237
vn -0.1679 0.5306 -0.8308
vn -0.1929 0.5257 -0.8285
vn -0.1508 0.5052 -0.8497
vn -0.2940 0.5237 -0.7996
vn -0.3190 0.4935 -0.8091
vn -0.3020 0.5126 -0.8037
vn -0.2811 0.5135 -0.8107
vn -0.0664 0.5309 -0.8448
vn -0.0753 0.5197 -0.8510
vn -0.0957 0.5773 -0.8109
vn -0.1154 0.4956 -0.8609
vn -0.0574 0.5501 -0.8331
vn -0.2001 0.5410 -0.8169
vn -0.2948 0.5063 -0.8104
vn -0.2018 0.6947 -0.6904
vn -0.1977 0.6821 -0.7040
vn -0.1397 0.7465 -0.6506
vn -0.1771 0.5354 -0.8258
vn -0.1467 0.5925 -0.7921
vn -0.1183 0.5499 -0.8268
vn -0.1187 0.6320 -0.7658
vn -0.0815 0.6266 -0.7751
vn -0.0520 0.5694 -0.8204
vn -0.0779 0.6044 -0.7929
vn -0.2081 0.5306 -0.8217
vn -0.0631 0.5367 -0.8414
vn -0.1947 0.6393 -0.7439
vn -0.2611 0.6100 -0.7482
vn -0.2027 0.5855 -0.7849
vn -0.2931 0.5427 -0.7871
vn -0.0143 0.5467 -0.8372
vn -0.2145 0.5935 -0.7757
vn -0.1755 0.6320 -0.7548
vn -0.2993 0.5481 -0.7810
vn -0.2723 0.5229 -0.8077
vn -0.3530 0.4976 -0.7923
vn -0.3490 0.4557 -0.8189
vn -0.0912 0.6490 -0.7553
vn -0.1324 0.6319 -0.7636
vn -0.1693 0.6053 -0.7778
vn -0.1287 0.6753 -0.7263
vn -0.2519 0.6288 -0.7356
vn -0.2694 0.5697 -0.7764
vn -0.2733 0.5372 -0.7980
vn -0.3746 0.5472 -0.7485
vn -0.3335 0.6087 -0.7199
vn -0.2823 0.5727 -0.7697
vn -0.2560 0.6176 -0.7437
vn -0.1676 0.6910 -0.7032
vn -0.4745 0.4739 -0.7418
vn -0.5283 0.3968 -0.7506
vn -0.1831 0.7319 -0.6564
vn -0.1021 0.8008 -0.5902
vn -0.1770 0.7011 -0.6908
vn -0.1058 0.7991 -0.5917
vn -0.1126 0.6874 -0.7175
vn -0.3773 0.5988 -0.7065
vn -0.2913 0.5991 -0.7458
vn 0.0655 0.4718 -0.8793
vn 0.1737 0.4199 -0.8908
vn -0.1085 0.5854 -0.8034
vn 0.1271 0.4645 -0.8764
vn -0.1883 0.5712 -0.7989
vn -0.2645 0.6032 -0.7524
vn 0.5520 0.1987 -0.8098
vn 0.5522 0.3172 -0.7710
vn 0.6259 0.1974 -0.7545
vn 0.1700 0.4043 -0.8987
vn 0.3475 0.3067 -0.8861
vn 0.3390 0.2842 -0.8968
vn 0.2844 0.3084 -0.9077
vn 0.3321 0.2858 -0.8989
vn 0.4134 0.2416 -0.8779
vn 0.4855 0.3453 -0.8031
vn 0.4482 0.2901 -0.8455
vn 0.4442 0.2712 -0.8539
vn 0.3833 0.3403 -0.8586
vn 0.4191 0.2411 -0.8754
vn 0.4347 0.2414 -0.8676
vn 0.4796 0.3094 -0.8211
vn 0.0717 0.4549 -0.8876
vn -0.1063 0.5327 -0.8396
vn -0.0620 0.6064 -0.7927
vn -0.0009 0.5168 -0.8561
vn -0.1877 0.5734 -0.7975
vn -0.2509 0.5304 -0.8097
vn -0.2869 0.5085 -0.8118
vn -0.1462 0.5108 -0.8472
vn -0.2145 0.4770 -0.8524
vn -0.2581 0.4900 -0.8326
vn -0.3077 0.5188 -0.7976
vn -0.0183 0.4900 -0.8715
vn 0.0015 0.7835 -0.6214
vn -0.1036 0.7484 -0.6551
vn -0.0281 0.8224 -0.5682
vn -0.1527 0.6675 -0.7288
vn -0.0085 0.6941 -0.7198
vn -0.1944 0.6151 -0.7641
vn 0.1777 0.7909 -0.5855
vn 0.1138 0.7443 -0.6581
vn 0.2011 0.6211 -0.7575
vn 0.1252 0.5670 -0.8142
vn 0.2994 0.6436 -0.7044
vn 0.2650 0.7691 -0.5817
vn 0.3541 0.6831 -0.6388
vn 0.3658 0.4824 -0.7959
vn 0.4624 0.5427 -0.7012
vn 0.4752 0.4201 -0.7731
vn 0.5018 0.5321 -0.6820
vn 0.1828 0.4423 -0.8780
vn 0.3537 0.4199 -0.8358
vn 0.4989 0.4853 -0.7180
vn 0.4964 0.4077 -0.7664
vn 0.7490 0.5483 -0.3720
vn 0.8083 0.4567 -0.3715
vn 0.7619 0.4700 -0.4456
vn 0.8260 0.3511 -0.4409
vn 0.7681 0.5637 -0.3036
vn 0.8221 0.4735 -0.3161
vn 0.6713 0.5582 -0.4877
vn 0.6753 0.5981 -0.4316
vn 0.7792 0.5777 -0.2432
vn 0.8478 0.4669 -0.2515
vn 0.5672 0.7315 -0.3784
vn 0.6428 0.7020 -0.3067
vn 0.6412 0.6752 -0.3648
vn 0.5986 0.6653 -0.4463
vn 0.7107 0.6426 -0.2863
vn 0.7030 0.6258 -0.3377
vn 0.5810 0.6245 -0.5219
vn 0.6142 0.5535 -0.5626
vn 0.5423 0.6236 -0.5631
vn 0.5337 0.7187 -0.4456
vn 0.6895 0.4555 -0.5631
vn 0.6790 0.6188 -0.3951
vn 0.7649 0.3932 -0.5103
vn 0.7234 0.3506 -0.5948
vn 0.7558 0.2679 -0.5975
vn 0.7933 0.2893 -0.5357
vn 0.0977 0.8583 -0.5037
vn 0.1466 0.8064 -0.5730
vn 0.2594 0.8236 -0.5045
vn 0.2144 0.8186 -0.5329
vn 0.2758 0.8344 -0.4773
vn 0.2672 0.8153 -0.5137
vn 0.3305 0.8317 -0.4461
vn 0.4024 0.7497 -0.5253
vn 0.4561 0.7558 -0.4698
vn 0.4784 0.7732 -0.4164
vn 0.4773 0.6289 -0.6138
vn 0.5127 0.6264 -0.5872
vn 0.5287 0.5462 -0.6497
vn 0.5917 0.4926 -0.6381
vn 0.5037 0.4811 -0.7175
vn 0.6771 0.3830 -0.6284
vn 0.8005 0.3553 -0.4828
vn 0.6098 0.2824 -0.7406
vn 0.6870 0.2680 -0.6754
vn 0.5287 0.7962 -0.2940
vn 0.5715 0.7649 -0.2972
vn 0.5156 0.7727 -0.3701
vn 0.2077 0.8636 -0.4594
vn 0.3623 0.8374 -0.4092
vn 0.0269 0.9057 -0.4230
vn -0.0095 0.8551 -0.5184
vn 0.8162 0.5503 -0.1760
vn 0.6187 0.7518 -0.2280
vn 0.7050 0.6645 -0.2476
vn 0.8368 0.5350 -0.1164
vn 0.8897 0.4193 -0.1803
vn -0.9434 0.0699 -0.3241
vn -0.9139 0.1268 -0.3856
vn -0.9421 0.1259 -0.3108
vn -0.9124 0.1261 -0.3895
vn -0.8917 0.1636 -0.4221
vn -0.9227 0.1264 -0.3641
vn -0.8698 0.1420 -0.4725
vn -0.8530 0.1565 -0.4978
vn -0.8247 0.1652 -0.5409
vn -0.9231 0.2231 -0.3133
vn -0.8717 0.2254 -0.4351
vn -0.9267 0.0984 -0.3627
vn -0.8371 0.1500 -0.5260
vn -0.8316 0.2509 -0.4955
vn -0.9743 0.0411 -0.2216
vn -0.9655 0.0869 -0.2456
vn -0.9077 0.0909 -0.4098
vn -0.8912 0.0988 -0.4428
vn -0.8700 0.0794 -0.4866
vn -0.8611 0.1050 -0.4975
vn -0.7638 0.3399 -0.5487
vn -0.8054 0.3842 -0.4514
vn -0.7633 0.2117 -0.6104
vn -0.7042 0.3282 -0.6296
vn -0.7932 0.1495 -0.5903
vn -0.6626 0.2748 -0.6967
vn -0.7703 0.5979 -0.2217
vn -0.8321 0.4525 -0.3206
vn -0.8251 0.5299 -0.1962
vn -0.8699 0.4287 -0.2440
vn -0.8646 0.4825 -0.1401
vn -0.7428 0.6040 -0.2889
vn -0.7762 0.4980 -0.3865
vn -0.7176 0.5858 -0.3767
vn -0.7017 0.5547 -0.4472
vn -0.9337 0.2842 -0.2176
vn -0.8638 0.3208 -0.3884
vn -0.8137 0.1358 -0.5652
vn -0.6615 0.4644 -0.5888
vn -0.7614 0.1105 -0.6388
vn -0.3484 0.6609 -0.6647
vn -0.4327 0.5740 -0.6952
vn -0.4639 0.6464 -0.6057
vn -0.5073 0.5584 -0.6564
vn -0.3135 0.7763 -0.5469
vn -0.2476 0.7499 -0.6135
vn -0.3544 0.7115 -0.6067
vn -0.4982 0.7012 -0.5101
vn -0.4048 0.7400 -0.5372
vn -0.5591 0.6126 -0.5587
vn -0.3681 0.7867 -0.4955
vn -0.3059 0.8145 -0.4929
vn -0.6051 0.5200 -0.6029
vn -0.6362 0.5744 -0.5151
vn -0.5639 0.4573 -0.6877
vn -0.7082 0.4808 -0.5169
vn -0.6125 0.3975 -0.6832
vn -0.2311 0.8518 -0.4702
vn -0.2127 0.8101 -0.5464
vn -0.4448 0.8720 -0.2044
vn -0.3707 0.9105 -0.1834
vn -0.3471 0.8939 -0.2836
vn -0.5688 0.7861 -0.2420
vn -0.4646 0.8416 -0.2753
vn -0.5035 0.8031 -0.3186
vn -0.3993 0.8203 -0.4094
vn -0.4241 0.8236 -0.3767
vn -0.4529 0.8283 -0.3299
vn -0.3039 0.8876 -0.3462
vn -0.3846 0.8383 -0.3863
vn -0.5120 0.8460 -0.1490
vn -0.5985 0.7883 -0.1426
vn -0.4657 0.8773 -0.1160
vn -0.6383 0.7675 -0.0596
vn -0.7282 0.6762 -0.1119
vn -0.3687 0.8209 -0.4361
vn -0.2849 0.8570 -0.4295
vn -0.2167 0.8993 -0.3798
vn -0.1727 0.8462 -0.5041
vn -0.7004 0.6798 -0.2175
vn -0.6512 0.6908 -0.3142
vn -0.5097 0.7643 -0.3950
vn -0.4354 0.7777 -0.4535
vn -0.5982 0.6564 -0.4596
vn -0.7887 0.6015 -0.1269
vn -0.3348 0.9423 -0.0008
vn -0.3912 0.9143 -0.1046
vn -0.4640 0.8845 -0.0496
vn -0.3182 0.9469 -0.0453
vn -0.2458 0.9693 0.0064
vn -0.2546 0.9667 -0.0258
vn -0.2397 0.9664 -0.0924
vn -0.1870 0.9420 -0.2788
vn -0.1933 0.9118 -0.3622
vn -0.2285 0.9378 -0.2613
vn -0.2301 0.9548 -0.1879
vn -0.2182 0.9706 -0.1014
vn -0.2853 0.6440 -0.7098
vn -0.2325 0.6967 -0.6787
vn -0.0676 0.9029 -0.4244
vn -0.1025 0.8622 -0.4960
vn -0.1417 0.8712 -0.4700
vn -0.1344 0.8333 -0.5363
vn -0.0115 0.8916 -0.4526
vn 0.0402 0.9109 -0.4107
vn -0.0570 0.8564 -0.5132
vn -0.1216 0.8173 -0.5633
vn -0.0545 0.8497 -0.5244
vn -0.1302 0.8172 -0.5615
vn -0.0993 0.8010 -0.5904
vn -0.1510 0.7745 -0.6142
vn -0.1201 0.8052 -0.5807
vn -0.1623 0.7661 -0.6220
vn -0.1420 0.7751 -0.6156
vn -0.1378 0.7314 -0.6679
vn -0.2126 0.9200 -0.3291
vn -0.1445 0.9212 -0.3613
vn -0.0209 0.9318 -0.3624
vn -0.1581 0.8954 -0.4162
vn -0.1831 0.9498 -0.2536
vn -0.0697 0.9590 -0.2748
vn -0.1254 0.9773 -0.1710
vn -0.2055 0.9630 -0.1745
vn -0.1786 0.8880 -0.4237
vn 0.2832 0.9095 -0.3043
vn 0.1615 0.9323 -0.3235
vn 0.2458 0.9244 -0.2917
vn 0.2423 0.8958 -0.3726
vn 0.3939 0.8503 -0.3490
vn 0.3632 0.8878 -0.2826
vn 0.4593 0.8338 -0.3062
vn 0.4966 0.8278 -0.2610
vn 0.5739 0.7819 -0.2436
vn 0.5657 0.7870 -0.2462
vn 0.5284 0.8387 -0.1318
vn 0.5499 0.8087 -0.2086
vn 0.4280 0.8849 -0.1839
vn 0.1264 0.9081 -0.3992
vn 0.1016 0.9375 -0.3327
vn 0.3348 0.9091 -0.2477
vn 0.3380 0.9238 -0.1799
vn 0.0355 0.9285 -0.3697
vn 0.0023 0.9207 -0.3903
vn -0.0373 0.8839 -0.4662
vn 0.0625 0.9343 -0.3510
vn 0.1466 0.9889 0.0230
vn 0.3346 0.9423 -0.0052
vn 0.1312 0.9891 -0.0672
vn 0.3311 0.9394 0.0895
vn 0.3480 0.9329 0.0931
vn 0.3434 0.9390 -0.0193
vn 0.3076 0.9483 -0.0777
vn 0.3880 0.9089 0.1527
vn 0.2984 0.9530 0.0535
vn 0.4823 0.8739 -0.0606
vn 0.1874 0.9738 -0.1292
vn 0.0651 0.9797 -0.1896
vn 0.1520 0.9623 -0.2257
vn 0.0413 0.9926 -0.1142
vn 0.2892 0.9503 -0.1154
vn 0.2695 0.9404 -0.2075
vn 0.1715 0.9408 -0.2925
vn 0.3165 0.9409 -0.1206
vn 0.2956 0.9309 -0.2145
vn -0.0003 0.9815 -0.1914
vn 0.0290 0.9615 -0.2731
vn 0.0284 0.9326 -0.3599
vn 0.0683 0.9369 -0.3429
vn 0.0393 0.9861 -0.1615
vn 0.0549 0.9225 -0.3820
vn 0.0573 0.9462 -0.3183
vn 0.0380 0.9321 -0.3601
vn 0.0492 0.9340 -0.3539
vn -0.0225 0.9967 -0.0783
vn 0.0031 0.9900 -0.1409
vn 0.0600 0.9946 -0.0844
vn 0.0408 0.9683 -0.2465
vn 0.2620 0.9503 0.1684
vn 0.1380 0.9853 0.1006
vn 0.3318 0.9188 0.2138
vn -0.2207 0.9739 0.0520
vn 0.0104 0.9999 -0.0086
vn -0.1397 0.9898 -0.0282
vn -0.0942 0.9899 0.1062
vn 0.0093 0.9975 -0.0699
vn -0.1122 0.9862 -0.1216
vn 0.0496 0.9977 0.0464
vn 0.4914 0.8609 0.1319
vn 0.5358 0.8245 0.1817
vn 0.5499 0.8331 0.0599
vn 0.5791 0.8106 0.0866
vn 0.4872 0.8713 0.0580
vn 0.5503 0.8347 -0.0201
vn 0.5970 0.8022 -0.0052
vn 0.5892 0.8027 -0.0925
vn 0.5969 0.8023 -0.0056
vn 0.6155 0.7821 -0.0972
vn 0.5894 0.7900 -0.1688
vn 0.6921 0.7174 0.0793
vn 0.6923 0.7211 -0.0264
vn 0.6719 0.7222 -0.1643
vn 0.5664 0.7993 -0.2010
vn 0.7225 0.6841 -0.1001
vn 0.7737 0.6304 0.0639
vn 0.8148 0.5790 -0.0305
vn 0.8017 0.5920 0.0820
vn 0.8725 0.4878 0.0264
vn 0.8919 0.4471 -0.0678
vn 0.3690 0.9273 0.0625
vn 0.4398 0.8980 0.0097
vn -0.3811 -0.8414 -0.3832
vn -0.3918 -0.8678 -0.3056
vn -0.4254 -0.8333 -0.3529
vn -0.5006 -0.7661 -0.4032
vn -0.4677 -0.7458 -0.4744
vn -0.4329 -0.7947 -0.4254
vn -0.3837 -0.8987 -0.2126
vn -0.3906 -0.8794 -0.2723
vn -0.3024 -0.9233 -0.2367
vn -0.2274 -0.9672 -0.1135
vn -0.2513 -0.9679 -0.0002
vn -0.3213 -0.9441 -0.0741
vn -0.3064 -0.9383 -0.1603
vn -0.7417 -0.5934 -0.3126
vn -0.7316 -0.5665 -0.3794
vn -0.6738 -0.6587 -0.3348
vn -0.7138 -0.5407 -0.4451
vn -0.6530 -0.6226 -0.4312
vn -0.6296 -0.5999 -0.4938
vn -0.7153 -0.4983 -0.4900
vn -0.6916 -0.5074 -0.5140
vn -0.8592 -0.3915 -0.3294
vn -0.8372 -0.3577 -0.4136
vn -0.8070 -0.4307 -0.4041
vn -0.8118 -0.3676 -0.4537
vn -0.7810 -0.4230 -0.4594
vn -0.7697 -0.5152 -0.3770
vn -0.7668 -0.4051 -0.4979
vn -0.9013 -0.3695 -0.2261
vn -0.8759 -0.3597 -0.3215
vn -0.8032 -0.5711 -0.1694
vn -0.8514 -0.4637 -0.2450
vn -0.7871 -0.5583 -0.2623
vn -0.8149 -0.4815 -0.3226
vn -0.7259 -0.6478 -0.2312
vn -0.5817 -0.7126 -0.3923
vn -0.5850 -0.7566 -0.2922
vn -0.5539 -0.7615 -0.3367
vn -0.5748 -0.7688 -0.2802
vn -0.5021 -0.8156 -0.2875
vn -0.4807 -0.8043 -0.3493
vn -0.4130 -0.9107 0.0109
vn -0.5343 -0.8433 -0.0581
vn -0.4167 -0.9058 -0.0773
vn -0.5412 -0.8336 -0.1109
vn -0.3649 -0.9303 -0.0358
vn -0.3392 -0.9395 0.0484
vn -0.3757 -0.9176 -0.1295
vn -0.5222 -0.8368 -0.1645
vn -0.5046 -0.8288 -0.2418
vn -0.6872 -0.7084 -0.1607
vn -0.7516 -0.6522 -0.0984
vn -0.6838 -0.7247 -0.0844
vn -0.6389 -0.7321 -0.2362
vn -0.6118 -0.7796 -0.1339
vn -0.6427 -0.7654 -0.0337
vn -0.5930 -0.7773 -0.2101
vn -0.6008 -0.7984 0.0394
vn -0.4913 -0.8699 0.0433
vn -0.3706 -0.9185 0.1379
vn -0.4254 -0.8951 0.1338
vn -0.7331 -0.6796 -0.0259
vn -0.2865 -0.9514 0.1125
vn -0.1916 -0.9762 0.1013
vn -0.3418 -0.9082 0.2416
vn -0.2620 -0.9228 0.2823
vn -0.2760 -0.8908 0.3610
vn -0.2606 -0.9444 0.2002
vn -0.9275 -0.3492 -0.1336
vn -0.8826 -0.4388 -0.1687
vn -0.9116 -0.4046 -0.0724
vn -0.8522 -0.5063 -0.1322
vn -0.7943 -0.6017 -0.0842
vn -0.8297 -0.5574 -0.0314
vn -0.7673 -0.6411 -0.0160
vn -0.7746 -0.6295 0.0606
vn -0.7105 -0.7001 0.0711
vn -0.4846 -0.8258 0.2883
vn -0.4659 -0.8620 0.2000
vn -0.3238 -0.8902 0.3205
vn -0.5510 -0.8249 0.1266
vn -0.2764 -0.8625 0.4238
vn -0.0908 -0.8736 0.4780
vn -0.2632 -0.8202 0.5079
vn -0.0923 -0.9092 0.4059
vn -0.8837 -0.1456 -0.4449
vn -0.8764 -0.2770 -0.3939
vn -0.9186 -0.1414 -0.3690
vn -0.9055 -0.2906 -0.3093
vn -0.9473 -0.0505 -0.3163
vn -0.9598 -0.1090 -0.2587
vn -0.9426 -0.1735 -0.2854
vn -0.9428 -0.2621 -0.2059
vn -0.9081 -0.0567 -0.4150
vn -0.9091 -0.3498 -0.2263
vn -0.9565 -0.0891 0.2777
vn -0.9872 -0.0747 0.1407
vn -0.9635 -0.1551 0.2183
vn -0.9799 -0.1588 0.1209
vn -0.9146 -0.1254 0.3843
vn -0.9249 -0.2458 0.2902
vn -0.9485 -0.2757 0.1558
vn -0.9443 -0.2612 0.2001
vn -0.9518 -0.2867 0.1088
vn -0.9320 -0.3247 0.1610
vn -0.9227 -0.2823 0.2624
vn -0.9393 -0.3415 0.0332
vn -0.9210 -0.2523 0.2968
vn -0.8364 -0.4715 0.2796
vn -0.8927 -0.2699 0.3609
vn -0.8391 -0.5225 0.1512
vn -0.9847 -0.1714 0.0314
vn -0.9956 -0.0897 0.0270
vn -0.9943 -0.0921 -0.0529
vn -0.9711 -0.2350 -0.0405
vn -0.9463 -0.3183 0.0558
vn -0.8924 -0.2330 0.3864
vn -0.8724 -0.2094 0.4416
vn -0.8868 -0.1065 0.4496
vn -0.8736 -0.2408 0.4229
vn -0.8500 -0.2303 0.4737
vn -0.8477 -0.1404 0.5115
vn -0.9525 -0.3044 -0.0100
vn -0.8852 -0.4653 0.0039
vn -0.9401 -0.3401 -0.0215
vn -0.9197 -0.0068 0.3926
vn -0.8690 -0.0325 0.4937
vn -0.8015 -0.1456 0.5800
vn -0.8196 -0.4230 0.3864
vn -0.7373 -0.5068 0.4467
vn -0.7798 -0.5954 0.1935
vn -0.7697 -0.5437 0.3346
vn -0.6661 -0.6124 0.4257
vn -0.7339 -0.5219 0.4348
vn -0.6990 -0.6461 0.3067
vn -0.7063 -0.6843 0.1811
vn -0.8067 -0.2605 0.5305
vn -0.7203 -0.3038 0.6236
vn -0.7453 -0.2023 0.6353
vn -0.8050 -0.3493 0.4795
vn -0.7454 -0.3866 0.5431
vn -0.9376 -0.3299 -0.1099
vn -0.9720 -0.1852 -0.1444
vn -0.9330 -0.3341 -0.1340
vn -0.9962 -0.0412 0.0761
vn -0.9951 0.0985 -0.0044
vn -0.9997 -0.0191 -0.0174
vn -0.9790 -0.0019 0.2039
vn -0.9449 0.0245 0.3266
vn -0.9586 0.1204 0.2579
vn -0.9196 0.1282 0.3713
vn -0.9131 0.0518 0.4045
vn -0.8874 0.0718 0.4554
vn -0.8876 0.0496 0.4580
vn -0.9888 0.0976 0.1126
vn -0.9715 0.0968 0.2165
vn -0.9864 0.1257 0.1058
vn -0.9767 0.0577 0.2066
vn -0.9939 0.1087 0.0178
vn -0.9975 0.0711 0.0056
vn -0.9914 0.0992 0.0848
vn -0.9678 0.1207 0.2209
vn -0.9426 0.1110 0.3150
vn -0.9919 0.1270 -0.0064
vn -0.9895 0.0992 -0.1055
vn -0.9725 0.0887 -0.2153
vn -0.9811 -0.0543 -0.1855
vn -0.9940 -0.0550 -0.0944
vn -0.9809 -0.1141 -0.1574
vn -0.9553 0.1019 -0.2776
vn -0.9668 -0.0086 -0.2554
vn -0.9955 0.0556 -0.0763
vn -0.9883 0.0744 -0.1330
vn -0.9726 0.0843 -0.2166
vn -0.9812 0.1311 -0.1416
vn -0.9790 0.1009 -0.1772
vn -0.9835 0.1533 0.0960
vn -0.9905 0.1352 -0.0269
vn -0.9884 0.1518 0.0079
vn -0.9889 0.1478 -0.0181
vn -0.9881 0.0791 -0.1319
vn -0.9779 0.1701 -0.1214
vn -0.9818 0.1436 -0.1242
vn -0.9949 0.0576 -0.0828
vn -0.9841 0.0565 -0.1687
vn -0.9591 0.1171 -0.2577
vn -0.9511 0.1368 -0.2768
vn -0.9290 0.1240 -0.3488
vn -0.9489 0.1033 -0.2982
vn -0.9745 0.2156 -0.0617
vn -0.9766 0.1369 -0.1656
vn -0.6167 -0.2331 0.7518
vn -0.9154 0.0305 0.4013
vn -0.9343 0.0528 0.3526
vn -0.9267 0.0615 0.3707
vn -0.9269 0.0963 0.3627
vn -0.9118 0.0890 0.4008
vn -0.9058 0.0439 0.4215
vn -0.9078 0.1167 0.4029
vn -0.9028 0.0910 0.4203
vn -0.8883 0.0773 0.4527
vn -0.8702 0.0463 0.4906
vn -0.9376 0.0285 0.3466
vn -0.9307 0.0342 0.3641
vn -0.9130 0.0305 0.4068
vn -0.9085 0.0281 0.4169
vn -0.8141 -0.0022 0.5807
vn -0.8691 0.0484 0.4923
vn -0.6411 -0.0424 0.7662
vn -0.6963 -0.0791 0.7134
vn -0.8749 -0.0029 0.4843
vn -0.7123 -0.0398 0.7007
vn -0.7877 -0.0385 0.6149
vn -0.8683 0.0071 0.4959
vn -0.9868 0.0967 0.1297
vn -0.9789 0.0876 0.1847
vn -0.9909 0.0949 0.0950
vn -0.9962 0.0835 0.0268
vn -0.9818 0.1464 0.1210
vn -0.9448 0.0893 0.3152
vn -0.9394 0.1034 0.3268
vn -0.7482 0.0526 0.6614
vn -0.8249 0.0245 0.5647
vn -0.8915 0.0877 0.4445
vn -0.5377 0.0628 0.8408
vn -0.5080 0.0601 0.8592
vn -0.6367 0.0349 0.7703
vn -0.6889 0.0530 0.7230
vn -0.9223 0.1086 0.3709
vn -0.9473 0.0492 0.3166
vn -0.7610 -0.0263 0.6482
vn -0.7710 -0.0470 0.6351
vn -0.8531 0.0211 0.5214
vn -0.6021 -0.1009 0.7921
vn -0.8178 -0.0001 0.5756
vn -0.6857 -0.0120 0.7278
vn -0.6666 0.0111 0.7453
vn -0.6281 -0.0330 0.7774
vn -0.7648 -0.0303 0.6435
vn -0.6881 -0.0451 0.7242
vn -0.8230 -0.0321 0.5671
vn -0.7231 -0.0743 0.6868
vn -0.7989 0.0139 0.6013
vn -0.8109 -0.0264 0.5846
vn -0.7960 0.0127 0.6052
vn -0.7909 -0.0028 0.6120
vn -0.7311 -0.0055 0.6823
vn -0.7848 -0.0439 0.6182
vn -0.6836 0.0161 0.7297
vn -0.7430 -0.0011 0.6693
vn -0.7881 0.0316 0.6148
vn -0.6990 -0.0434 0.7138
vn -0.7283 -0.0496 0.6834
vn -0.6718 -0.1020 0.7336
vn -0.7545 -0.0980 0.6489
vn -0.8089 -0.0634 0.5845
vn -0.7255 -0.0899 0.6824
vn -0.6887 0.1479 0.7098
vn -0.7636 0.0921 0.6390
vn -0.7493 0.0776 0.6576
vn -0.7798 0.0730 0.6217
vn -0.7814 0.0689 0.6202
vn -0.7488 0.1001 0.6552
vn -0.7976 0.0659 0.5996
vn -0.7038 0.1821 0.6866
vn -0.7683 0.0593 0.6373
vn -0.7116 -0.0793 0.6981
vn -0.6052 -0.0622 0.7936
vn -0.5033 -0.0906 0.8593
vn -0.8127 -0.0733 0.5781
vn -0.7899 -0.1526 0.5939
vn -0.7784 -0.1099 0.6181
vn -0.9625 0.2456 0.1149
vn -0.9785 0.0889 0.1862
vn -0.8542 0.4620 0.2385
vn -0.8181 0.4882 0.3040
vn -0.7852 0.5458 0.2926
vn -0.9149 0.3018 0.2681
vn -0.8281 0.5454 0.1299
vn -0.8374 0.5201 0.1681
vn -0.8100 0.5395 0.2298
vn -0.7912 0.5869 0.1718
vn -0.9031 0.3913 0.1770
vn -0.9379 0.3305 0.1058
vn -0.9420 0.2718 0.1967
vn -0.8973 0.4264 0.1143
vn -0.9350 0.2324 0.2680
vn -0.9561 0.1972 0.2167
vn -0.9383 0.1603 0.3063
vn -0.9619 0.0703 0.2643
vn -0.9078 0.2579 0.3308
vn -0.9366 0.1715 0.3055
vn -0.9198 0.1279 0.3711
vn -0.7445 0.5589 0.3653
vn -0.7941 0.4683 0.3876
vn -0.8457 0.2328 0.4802
vn -0.7136 0.4556 0.5322
vn -0.6880 0.6817 0.2488
vn -0.6849 0.6478 0.3335
vn -0.7395 0.5568 0.3784
vn -0.7099 0.5478 0.4426
vn -0.7030 0.5561 0.4433
vn -0.6849 0.6190 0.3843
vn -0.5822 0.6592 0.4760
vn -0.7829 0.6189 0.0633
vn -0.8092 0.5858 0.0453
vn -0.8183 0.5687 0.0833
vn -0.7667 0.6418 -0.0156
vn -0.8188 0.5736 0.0241
vn -0.8943 0.4441 0.0549
vn -0.8068 0.5895 -0.0408
vn -0.8866 0.4624 -0.0128
vn -0.9561 0.2905 0.0383
vn -0.9908 0.1329 0.0256
vn -0.4028 0.1546 0.9021
vn -0.7065 0.1589 0.6897
vn -0.5223 0.0723 0.8497
vn -0.6654 0.3168 0.6759
vn -0.6467 0.0476 0.7613
vn -0.8530 0.0896 0.5141
vn -0.6561 0.0953 0.7486
vn -0.6049 0.1118 0.7884
vn -0.4993 0.0642 0.8641
vn -0.8048 0.0830 0.5877
vn -0.6816 0.1704 0.7116
vn -0.6214 0.2932 0.7266
vn -0.6170 0.0806 0.7829
vn -0.4808 0.2268 0.8470
vn -0.3544 0.2032 0.9128
vn -0.5727 0.2969 0.7641
vn -0.6483 0.2812 0.7076
vn -0.6455 0.2208 0.7312
vn -0.4064 0.4347 0.8036
vn -0.4065 0.3516 0.8433
vn -0.5398 0.3236 0.7771
vn -0.4945 0.3860 0.7788
vn -0.4266 0.4412 0.7895
vn -0.3585 0.4771 0.8024
vn -0.5134 0.3305 0.7919
vn -0.3789 0.2904 0.8787
vn -0.3065 0.1996 0.9307
vn -0.2990 0.1725 0.9385
vn -0.2141 0.2308 0.9492
vn -0.2831 0.2426 0.9279
vn -0.3399 0.3555 0.8707
vn -0.3028 0.4346 0.8482
vn -0.3431 0.4247 0.8378
vn -0.2316 0.2993 0.9256
vn -0.2188 0.4207 0.8804
vn -0.3682 0.4405 0.8187
vn -0.3239 0.4682 0.8221
vn -0.2729 0.4720 0.8383
vn -0.1089 0.5123 0.8518
vn -0.2598 0.4788 0.8386
vn -0.3280 0.6117 0.7199
vn -0.5676 0.5591 0.6043
vn -0.4211 0.4929 0.7614
vn -0.3724 0.7336 0.5685
vn -0.2884 0.4958 0.8191
vn -0.1797 0.4612 0.8689
vn -0.1793 0.3833 0.9061
vn -0.0534 0.4511 0.8909
vn -0.3653 0.4908 0.7910
vn -0.2037 0.5331 0.8212
vn -0.3053 0.5472 0.7793
vn -0.6858 -0.2039 0.6987
vn -0.5881 -0.1088 0.8015
vn -0.6261 -0.1174 0.7709
vn -0.8094 -0.0448 0.5855
vn -0.0947 0.5467 0.8319
vn -0.5753 0.7570 0.3098
vn -0.4893 0.8101 0.3229
vn -0.5289 0.8139 0.2404
vn -0.6728 0.7284 0.1291
vn -0.5527 0.8262 0.1092
vn -0.6596 0.7515 0.0082
vn -0.5477 0.8367 0.0038
vn -0.4439 0.8545 0.2697
vn -0.4673 0.8654 0.1806
vn -0.4705 0.8795 0.0711
vn -0.3311 0.9306 0.1557
vn -0.2007 0.7309 0.6523
vn -0.2045 0.7786 0.5933
vn -0.2781 0.8096 0.5169
vn -0.3050 0.8308 0.4656
vn -0.2359 0.8446 0.4807
vn -0.3293 0.8573 0.3956
vn -0.2362 0.8891 0.3922
vn -0.2277 0.8386 0.4949
vn -0.2090 0.8068 0.5526
vn -0.1144 0.6385 0.7611
vn -0.1359 0.7420 0.6565
vn -0.1358 0.7410 0.6576
vn -0.0765 0.6201 0.7808
vn -0.1914 0.8002 0.5684
vn -0.0996 0.6300 0.7702
vn -0.0534 0.5065 0.8606
vn 0.0187 0.6898 0.7237
vn -0.3363 0.8194 0.4642
vn -0.4195 0.8041 0.4212
vn -0.3851 0.8301 0.4032
vn -0.2169 0.5996 0.7703
vn -0.0948 0.4932 0.8647
vn -0.0358 0.5347 0.8443
vn -0.0292 0.3829 0.9233
vn -0.5436 0.7502 0.3765
vn -0.3083 0.8935 0.3265
vn -0.4066 0.8641 0.2966
vn -0.3323 0.9106 0.2458
vn -0.2391 0.9291 0.2820
vn -0.2403 0.9532 0.1835
vn -0.4221 0.8333 0.3571
vn -0.2568 0.9045 0.3406
vn -0.2411 0.8703 0.4296
vn 0.0471 0.4308 0.9012
vn 0.0306 0.4309 0.9019
vn 0.0268 0.4976 0.8670
vn -0.0065 0.3916 0.9201
vn 0.0364 0.5316 0.8462
vn 0.0387 0.4158 0.9087
vn 0.1199 0.5197 0.8459
vn 0.0091 0.4166 0.9090
vn -0.0121 0.3526 0.9357
vn -0.0426 0.5325 0.8454
vn -0.0882 0.7900 0.6067
vn 0.0709 0.7390 0.6700
vn -0.1948 0.8796 0.4339
vn -0.1645 0.9260 0.3397
vn -0.2994 0.9320 0.2045
vn -0.2797 0.9238 0.2613
vn -0.2044 0.8377 0.5065
vn -0.0075 0.9194 0.3933
vn -0.0694 0.8417 0.5354
vn 0.0151 0.3938 0.9191
vn 0.1522 0.7212 0.6758
vn 0.0797 0.7844 0.6151
vn 0.1385 0.6530 0.7446
vn 0.0313 0.8597 0.5099
vn 0.1408 0.8931 0.4271
vn -0.3777 -0.8218 0.4267
vn -0.2725 -0.8080 0.5223
vn -0.4079 -0.7433 0.5302
vn -0.3145 -0.8579 0.4064
vn -0.3194 -0.8458 0.4273
vn -0.5524 -0.7235 0.4139
vn -0.4889 -0.3272 0.8086
vn -0.5777 -0.3309 0.7462
vn -0.5538 -0.4046 0.7277
vn -0.6462 -0.4207 0.6368
vn -0.6279 -0.4445 0.6389
vn -0.4869 -0.4480 0.7498
vn -0.5374 -0.2551 0.8038
vn -0.3918 -0.2797 0.8765
vn -0.6137 -0.4749 0.6307
vn -0.5711 -0.4500 0.6865
vn -0.6661 -0.5168 0.5378
vn -0.5689 -0.6186 0.5419
vn -0.5371 -0.5533 0.6368
vn -0.4331 -0.2809 0.8564
vn -0.6317 -0.3753 0.6783
vn -0.4626 -0.4827 0.7436
vn -0.2093 -0.5096 0.8346
vn -0.3061 -0.4329 0.8479
vn -0.4376 -0.6431 0.6285
vn -0.2771 -0.6184 0.7354
vn -0.1654 -0.5532 0.8165
vn -0.3454 -0.4899 0.8004
vn -0.3442 -0.5670 0.7483
vn -0.2355 -0.6660 0.7078
vn -0.2692 -0.6363 0.7230
vn -0.2672 -0.7338 0.6246
vn -0.2479 -0.7105 0.6586
vn -0.3418 -0.5684 0.7484
vn -0.3076 -0.4504 0.8382
vn -0.2762 -0.7661 0.5803
vn -0.3672 -0.2715 0.8896
vn -0.2630 -0.3024 0.9162
vn -0.4276 -0.2571 0.8666
vn -0.2779 -0.1998 0.9396
vn -0.1928 -0.3210 0.9273
vn -0.3227 -0.3433 0.8820
vn -0.3560 -0.3594 0.8626
vn -0.2792 -0.3476 0.8951
vn -0.2918 -0.1919 0.9370
vn -0.2460 -0.2720 0.9303
vn -0.3144 -0.2033 0.9273
vn -0.3044 -0.7371 0.6034
vn -0.2547 -0.7783 0.5740
vn -0.3286 -0.8141 0.4787
vn -0.2825 -0.2779 0.9181
vn -0.1280 -0.2509 0.9595
vn -0.1925 -0.3248 0.9260
vn -0.2400 -0.3019 0.9226
vn -0.1376 -0.3180 0.9381
vn -0.2076 -0.5132 0.8328
vn -0.4122 -0.1879 0.8915
vn -0.7206 -0.2300 0.6541
vn -0.6482 -0.3113 0.6949
vn -0.6305 -0.2386 0.7386
vn -0.5153 -0.0834 0.8529
vn -0.5376 -0.0696 0.8403
vn -0.5321 -0.1370 0.8355
vn -0.6118 -0.2127 0.7619
vn -0.6446 -0.3100 0.6988
vn -0.6111 -0.3750 0.6971
vn -0.5359 -0.3663 0.7607
vn -0.5509 -0.2688 0.7901
vn -0.5261 -0.4337 0.7315
vn -0.4628 -0.4513 0.7630
vn -0.3949 -0.1895 0.8990
vn -0.4836 -0.3337 0.8092
vn -0.4437 -0.3708 0.8159
vn -0.3844 -0.2008 0.9010
vn -0.3803 -0.2926 0.8774
vn -0.7840 -0.1658 0.5982
vn -0.7354 -0.1004 0.6702
vn -0.7192 -0.2676 0.6412
vn -0.7318 -0.2321 0.6408
vn -0.6873 -0.2722 0.6734
vn -0.6622 -0.3465 0.6644
vn -0.5067 -0.2917 0.8112
vn -0.6069 -0.3349 0.7208
vn -0.6574 -0.3133 0.6853
vn -0.6060 -0.3777 0.7000
vn -0.6117 -0.3787 0.6945
vn -0.3870 -0.5587 0.7335
vn -0.4725 -0.4990 0.7265
vn -0.4112 -0.4352 0.8010
vn -0.3438 -0.3430 0.8742
vn -0.3406 -0.4674 0.8158
vn -0.3634 -0.5309 0.7656
vn -0.3102 -0.4265 0.8496
vn -0.2503 -0.5319 0.8090
vn -0.2155 -0.4544 0.8643
vn -0.0897 -0.5371 0.8387
vn -0.2502 -0.3121 0.9165
vn -0.3253 -0.4740 0.8182
vn -0.3340 -0.4029 0.8521
vn -0.2308 -0.5600 0.7957
vn -0.1527 -0.4749 0.8667
vn -0.5080 -0.3715 0.7771
vn -0.5158 -0.4214 0.7459
vn -0.3128 -0.4449 0.8392
vn -0.3783 -0.5079 0.7739
vn -0.4411 -0.4823 0.7568
vn -0.2493 -0.5119 0.8221
vn -0.6113 -0.3796 0.6944
vn -0.3152 -0.5599 0.7663
vn -0.3062 -0.5664 0.7651
vn -0.3133 -0.5439 0.7785
vn -0.2952 -0.5592 0.7747
vn -0.3054 -0.5132 0.8021
vn -0.2261 -0.5594 0.7975
vn -0.1709 -0.5790 0.7972
vn -0.1696 -0.5001 0.8492
vn -0.1904 -0.5770 0.7943
vn -0.2900 -0.5950 0.7496
vn -0.2683 -0.5715 0.7755
vn 0.3691 0.0753 0.9263
vn 0.2190 0.0036 0.9757
vn 0.3583 -0.0190 0.9334
vn -0.5086 -0.3397 0.7912
vn -0.4292 -0.0837 0.8993
vn -0.5173 -0.2062 0.8306
vn -0.4392 0.1563 0.8847
vn -0.2639 0.0588 0.9628
vn -0.1163 -0.1236 0.9855
vn -0.1298 0.0928 0.9872
vn -0.3663 -0.2367 0.8999
vn -0.2815 -0.3681 0.8862
vn -0.4483 -0.3067 0.8396
vn -0.4719 0.1854 0.8620
vn -0.3711 0.1997 0.9069
vn -0.2677 0.1465 0.9523
vn -0.0650 0.1163 0.9911
vn 0.0206 0.0217 0.9996
vn -0.5235 -0.1841 0.8319
vn 0.0870 -0.0806 0.9929
vn 0.1782 -0.2071 0.9620
vn -0.1136 -0.3348 0.9354
vn 0.0432 -0.2437 0.9689
vn -0.0431 -0.4364 0.8987
vn -0.2625 0.1837 0.9473
vn -0.0819 0.3083 0.9478
vn 0.0599 0.2423 0.9684
vn -0.2210 0.2210 0.9499
vn -0.0243 0.2915 0.9563
vn 0.1287 0.2775 0.9521
vn 0.1236 0.1162 0.9855
vn -0.0140 0.4518 0.8920
vn 0.2008 0.1790 0.9631
vn -0.2802 -0.5046 0.8166
vn -0.2823 -0.5245 0.8032
vn -0.1962 -0.4644 0.8636
vn -0.5859 0.2925 0.7558
vn -0.4982 0.3664 0.7858
vn -0.4816 0.3993 0.7802
vn -0.6949 0.1735 0.6978
vn -0.6289 0.2004 0.7512
vn -0.5752 0.2192 0.7881
vn -0.4211 0.4573 0.7833
vn -0.4317 0.4609 0.7754
vn -0.8047 0.0649 0.5901
vn -0.6197 0.1937 0.7605
vn -0.7097 -0.0472 0.7030
vn -0.7559 0.0820 0.6495
vn -0.7318 0.0673 0.6782
vn -0.7398 -0.0101 0.6727
vn -0.7118 -0.0346 0.7015
vn -0.3680 0.2636 0.8917
vn -0.3800 0.4391 0.8141
vn -0.4552 0.2310 0.8599
vn -0.4464 0.0268 0.8944
vn -0.3035 0.5328 0.7900
vn -0.2394 0.4487 0.8610
vn -0.1651 0.5712 0.8040
vn -0.3558 0.1486 0.9227
vn -0.5241 0.2114 0.8250
vn -0.5072 0.0752 0.8586
vn -0.6571 -0.0477 0.7523
vn -0.7369 -0.0698 0.6724
vn -0.7137 -0.0593 0.6980
vn -0.5742 -0.2242 0.7874
vn 0.2940 -0.1451 0.9447
vn 0.1427 -0.3995 0.9056
vn 0.3066 -0.2868 0.9076
vn 0.0485 -0.4171 0.9076
vn -0.0418 -0.4839 0.8741
vn -0.1157 -0.5416 0.8326
vn 0.4389 0.1801 0.8803
vn 0.4152 0.0698 0.9070
vn 0.3489 0.2560 0.9015
vn 0.2905 0.3925 0.8726
vn 0.3955 0.2682 0.8784
vn 0.3993 0.1272 0.9079
vn 0.4486 0.0470 0.8925
vn -0.0420 0.5373 0.8424
vn 0.1190 0.3039 0.9452
vn 0.1691 0.4209 0.8912
vn 0.2513 0.3249 0.9117
vn 0.0124 0.6095 0.7927
vn 0.2428 0.4823 0.8417
vn 0.2832 0.4182 0.8631
vn 0.4275 0.3114 0.8487
vn 0.3514 0.4070 0.8431
vn 0.3264 0.2259 0.9178
vn 0.3903 0.3285 0.8601
vn -0.4149 0.4746 0.7763
vn -0.2504 0.5597 0.7900
vn -0.3168 0.5301 0.7865
vn -0.2237 0.5673 0.7926
vn -0.1211 0.6078 0.7848
vn -0.1998 0.5633 0.8017
vn -0.1137 0.5719 0.8124
vn -0.1414 0.6066 0.7823
vn -0.0684 0.6271 0.7760
vn 0.2815 0.4504 0.8473
vn -0.2292 -0.6843 0.6923
vn -0.1067 -0.6782 0.7271
vn -0.1004 -0.7822 0.6149
vn -0.0714 -0.7460 0.6622
vn -0.1651 -0.5111 0.8435
vn -0.0923 -0.4492 0.8886
vn -0.0949 -0.3774 0.9212
vn -0.0814 -0.5146 0.8536
vn -0.0144 -0.4834 0.8753
vn -0.0493 -0.4102 0.9107
vn -0.0315 -0.2586 0.9655
vn -0.0844 -0.1580 0.9838
vn -0.0321 -0.2849 0.9580
vn -0.0974 -0.3044 0.9475
vn -0.1045 -0.5193 0.8482
vn -0.1216 -0.5574 0.8213
vn 0.0495 -0.5173 0.8544
vn 0.0442 -0.4660 0.8837
vn 0.4830 -0.1043 0.8694
vn 0.4785 -0.0526 0.8765
vn 0.3932 -0.1476 0.9075
vn 0.4436 -0.1476 0.8840
vn 0.4782 -0.2019 0.8548
vn 0.4350 -0.0600 0.8984
vn 0.4480 -0.1561 0.8803
vn 0.4517 -0.2148 0.8659
vn 0.3846 -0.2742 0.8814
vn 0.3761 -0.2353 0.8962
vn 0.3925 -0.3356 0.8563
vn 0.3828 -0.1854 0.9051
vn 0.1779 -0.4030 0.8978
vn 0.1719 -0.4405 0.8811
vn 0.2864 -0.3482 0.8926
vn 0.3504 -0.2817 0.8933
vn 0.2538 -0.3709 0.8933
vn 0.1060 -0.4658 0.8785
vn 0.1697 -0.4103 0.8960
vn 0.2974 -0.3060 0.9044
vn 0.4235 -0.2776 0.8623
vn 0.4573 -0.0285 0.8888
vn 0.3518 0.4475 0.8222
vn 0.3276 0.4810 0.8132
vn 0.2247 0.5595 0.7978
vn 0.0527 0.6396 0.7669
vn -0.0073 0.5027 0.8644
vn -0.0073 0.5975 0.8018
vn -0.0608 0.5755 0.8156
vn 0.0557 0.5507 0.8328
vn 0.0828 0.5922 0.8015
vn 0.0354 0.4674 0.8833
vn 0.0682 0.4640 0.8832
vn 0.1516 0.4683 0.8705
vn 0.2391 0.5442 0.8041
vn 0.3206 0.4969 0.8064
vn 0.2626 0.5012 0.8245
vn 0.3084 0.5098 0.8031
vn 0.3043 0.4770 0.8246
vn 0.1945 0.3554 0.9142
vn 0.2319 0.3188 0.9190
vn 0.2022 0.4265 0.8816
vn 0.1354 0.3500 0.9269
vn 0.2759 0.4698 0.8386
vn -0.8339 -0.5473 0.0715
vn -0.2110 -0.7915 0.5736
vn -0.1131 -0.8327 0.5421
vn -0.8416 -0.2500 -0.4788
vn -0.8040 -0.3443 -0.4849
vn -0.9347 0.0134 -0.3553
vn -0.9235 0.0957 -0.3714
vn -0.7104 -0.4667 0.5268
vn -0.9520 0.1168 0.2830
vn -0.0101 0.9596 0.2813
vn -0.2687 -0.6392 0.7206
vn 0.4093 0.3152 0.8562
vn 0.4222 -0.0044 0.9065
vn -0.3919 -0.7700 -0.5035
vn -0.3240 -0.7756 -0.5417
vn -0.3128 -0.8407 -0.4420
vn -0.2308 -0.8081 -0.5420
vn -0.2320 -0.8437 -0.4841
vn -0.1521 -0.8319 -0.5336
vn -0.2793 -0.9127 -0.2982
vn -0.2910 -0.8905 -0.3497
vn -0.1655 -0.9204 -0.3542
vn -0.1697 -0.9477 -0.2702
vn -0.2079 -0.8864 -0.4136
vn -0.0206 -0.9250 -0.3795
vn -0.0920 -0.8821 -0.4620
vn -0.1942 -0.9587 -0.2077
vn -0.0555 -0.9717 -0.2297
vn -0.0416 -0.9506 -0.3075
vn -0.0848 -0.9865 -0.1398
vn 0.0013 -0.9822 -0.1879
vn 0.1026 -0.9604 -0.2592
vn 0.1698 -0.8770 -0.4496
vn 0.2114 -0.8857 -0.4133
vn 0.1540 -0.9150 -0.3729
vn 0.1024 -0.9763 -0.1908
vn 0.1061 -0.9381 -0.3297
vn 0.1937 -0.9232 -0.3320
vn 0.1832 -0.9453 -0.2699
vn 0.2244 -0.9153 -0.3344
vn 0.0093 -0.8423 -0.5389
vn 0.0610 -0.8941 -0.4437
vn 0.1788 -0.9663 -0.1853
vn 0.2126 -0.9391 -0.2699
vn 0.2397 -0.9561 -0.1687
vn 0.2958 -0.9187 -0.2618
vn -0.0738 -0.9908 0.1132
vn -0.0926 -0.9956 0.0115
vn -0.0101 -0.9993 0.0366
vn 0.0076 -0.9911 0.1331
vn 0.0744 -0.9959 0.0512
vn 0.0848 -0.9963 -0.0141
vn -0.1141 -0.9925 -0.0432
vn 0.0711 -0.9955 -0.0619
vn -0.0153 -0.9952 -0.0971
vn 0.0782 -0.9886 -0.1288
vn 0.2189 -0.8500 -0.4791
vn 0.2373 -0.8075 -0.5401
vn 0.2983 -0.8236 -0.4824
vn 0.2640 -0.8737 -0.4086
vn 0.4557 -0.8237 -0.3373
vn 0.3880 -0.8683 -0.3090
vn 0.3661 -0.8416 -0.3970
vn 0.5454 -0.6844 -0.4839
vn 0.4847 -0.7687 -0.4173
vn 0.4626 -0.7213 -0.5155
vn 0.3947 -0.7817 -0.4828
vn 0.3120 -0.8909 -0.3301
vn 0.3726 -0.8926 -0.2538
vn 0.5857 -0.7037 -0.4023
vn 0.5520 -0.7630 -0.3365
vn 0.6347 -0.6780 -0.3708
vn 0.6060 -0.7279 -0.3208
vn 0.4370 -0.8638 -0.2506
vn 0.3963 -0.9074 -0.1396
vn 0.3511 -0.9175 -0.1869
vn 0.5321 -0.8040 -0.2653
vn 0.6104 -0.7725 -0.1753
vn 0.5911 -0.7988 -0.1114
vn 0.5682 -0.8024 -0.1827
vn 0.6165 -0.7736 -0.1467
vn 0.6108 -0.7520 -0.2479
vn 0.6676 -0.7129 -0.2147
vn 0.4759 -0.8581 -0.1927
vn 0.5012 -0.8571 -0.1189
vn 0.2316 -0.9395 0.2525
vn 0.2503 -0.9448 0.2114
vn 0.2347 -0.9140 0.3310
vn 0.1228 -0.9713 0.2035
vn 0.1374 -0.9460 0.2937
vn 0.2060 -0.9673 0.1479
vn 0.1845 -0.9817 0.0464
vn 0.2397 -0.9679 0.0760
vn 0.2318 -0.9720 -0.0394
vn 0.3120 -0.9456 -0.0921
vn 0.3000 -0.9539 -0.0081
vn 0.3549 -0.9232 0.1477
vn 0.3445 -0.9035 0.2549
vn 0.5655 -0.8247 -0.0090
vn 0.6094 -0.7902 -0.0650
vn 0.6100 -0.7920 0.0244
vn 0.4658 -0.8833 -0.0527
vn 0.3785 -0.9245 -0.0440
vn 0.0186 -0.9420 0.3351
vn 0.0379 -0.9127 0.4069
vn 0.0190 -0.9698 0.2430
vn 0.1730 -0.8982 0.4042
vn 0.2159 -0.8796 0.4240
vn 0.2092 -0.8421 0.4970
vn 0.2204 -0.9120 0.3460
vn 0.1016 -0.9888 0.1094
vn 0.7638 -0.5958 -0.2483
vn 0.7297 -0.6030 -0.3225
vn 0.8441 -0.4477 -0.2950
vn 0.8305 -0.4259 -0.3590
vn 0.7237 -0.5439 -0.4248
vn 0.7827 -0.6026 -0.1560
vn 0.8679 -0.4494 -0.2117
vn 0.8897 -0.4410 -0.1179
vn 0.7119 -0.6811 -0.1712
vn 0.6922 -0.6744 -0.2570
vn 0.8834 -0.4121 0.2231
vn 0.8889 -0.3730 0.2659
vn 0.8580 -0.3949 0.3284
vn 0.9025 -0.3920 0.1786
vn 0.8864 -0.4389 0.1469
vn 0.7703 -0.4779 0.4222
vn 0.8407 -0.3480 0.4150
vn 0.6523 -0.5989 0.4646
vn 0.7614 -0.5498 0.3435
vn 0.8674 -0.3406 0.3629
vn 0.7787 -0.5843 0.2285
vn 0.4517 -0.7997 0.3955
vn 0.3293 -0.8732 0.3593
vn 0.4378 -0.8445 0.3085
vn 0.4349 -0.8754 0.2112
vn 0.4532 -0.8860 0.0977
vn 0.5511 -0.8226 0.1402
vn 0.5431 -0.7940 0.2732
vn 0.6154 -0.7657 0.1870
vn 0.6147 -0.7829 0.0961
vn 0.6279 -0.7760 -0.0603
vn 0.5617 -0.6592 0.4999
vn 0.5674 -0.7343 0.3725
vn 0.5985 -0.7000 0.3896
vn 0.6265 -0.6347 0.4524
vn 0.5694 -0.6503 0.5028
vn 0.4219 -0.7728 0.4741
vn 0.5330 -0.7223 0.4407
vn 0.5890 -0.7512 0.2979
vn 0.6721 -0.6698 0.3157
vn 0.6126 -0.7498 0.2501
vn 0.6801 -0.7067 0.1952
vn 0.7895 -0.5991 0.1331
vn 0.6326 -0.7609 0.1443
vn 0.6267 -0.7781 0.0429
vn 0.8882 -0.4562 0.0550
vn 0.7972 -0.6031 0.0259
vn 0.6888 -0.7199 0.0847
vn 0.7050 -0.7086 -0.0293
vn 0.7762 -0.6272 -0.0639
vn 0.8739 -0.4848 -0.0360
vn 0.9065 -0.4207 -0.0354
vn 0.6863 -0.7176 -0.1184
vn 0.7213 -0.6882 -0.0780
vn 0.2390 -0.8630 0.4450
vn 0.3226 -0.8312 0.4528
vn 0.2970 -0.7959 0.5275
vn 0.1439 -0.8034 0.5778
vn 0.1063 -0.8565 0.5050
vn 0.0135 -0.8510 0.5251
vn 0.2120 -0.8105 0.5460
vn 0.2044 -0.7955 0.5704
vn 0.6010 -0.5873 0.5421
vn 0.7379 -0.4792 0.4753
vn 0.5724 -0.6251 0.5307
vn 0.8110 -0.3333 0.4808
vn 0.8375 -0.2982 0.4578
vn 0.6751 -0.6377 -0.3708
vn 0.0154 -0.9036 0.4281
vn 0.4135 -0.7398 0.5307
vn 0.8846 -0.4267 -0.1884
vn 0.8970 -0.3801 -0.2255
vn 0.8753 -0.3881 -0.2884
vn 0.8753 -0.4195 -0.2407
vn 0.8619 -0.3602 -0.3567
vn 0.8005 -0.4695 0.3725
vn 0.8347 -0.4765 0.2761
vn 0.7860 -0.5317 0.3155
vn 0.8668 -0.3920 0.3081
vn 0.8604 -0.4771 0.1791
vn 0.8011 -0.5441 0.2494
vn 0.8813 -0.4304 0.1950
vn 0.8231 -0.5469 0.1530
vn 0.9059 -0.4083 0.1121
vn 0.8572 -0.5077 0.0858
vn 0.8262 -0.5610 0.0512
vn 0.8541 -0.5199 0.0160
vn 0.8492 -0.5248 -0.0588
vn 0.8736 -0.4865 0.0084
vn 0.8855 -0.4644 0.0159
vn 0.8833 -0.4633 -0.0714
vn 0.9019 -0.4255 -0.0740
vn 0.8850 -0.4421 -0.1461
vn 0.8911 -0.4345 -0.1311
vn 0.9045 -0.4256 0.0270
vn 0.8255 -0.4587 0.3287
vn 0.8391 -0.4934 0.2290
vn 0.9015 -0.3295 0.2805
vn 0.9247 -0.3330 0.1847
vn 0.8601 -0.4953 0.1222
vn 0.9416 -0.3249 0.0886
vn 0.9065 -0.4173 0.0640
vn 0.9478 -0.3186 -0.0161
vn 0.8398 -0.4353 -0.3244
vn 0.8458 -0.4579 -0.2736
vn 0.8148 -0.5234 -0.2493
vn 0.8169 -0.5415 -0.1986
vn 0.8372 -0.4638 -0.2899
vn 0.8386 -0.5202 -0.1620
vn 0.8294 -0.5033 -0.2425
vn 0.8891 -0.4173 -0.1881
vn 0.8614 -0.4561 -0.2234
vn 0.9003 -0.4198 -0.1148
vn 0.8573 -0.5096 -0.0734
vn 0.8794 -0.4641 -0.1060
vn 0.9067 -0.3957 -0.1462
vn 0.9832 -0.1746 0.0534
vn 0.9691 -0.2418 -0.0496
vn 0.9824 -0.1837 -0.0337
vn 0.9638 -0.2499 -0.0925
vn 0.9604 -0.2598 -0.1010
vn 0.9276 -0.3649 -0.0800
vn 0.9343 -0.3168 -0.1633
vn 0.7605 -0.4698 0.4482
vn 0.8197 -0.3691 0.4380
vn 0.8786 -0.2989 0.3726
vn 0.9158 -0.1969 0.3501
vn 0.7887 -0.4763 0.3886
vn 0.7235 -0.5357 0.4354
vn 0.9965 -0.0349 0.0759
vn 0.9952 0.0653 0.0729
vn 0.9890 -0.0199 0.1463
vn 0.9819 -0.0668 0.1770
vn 0.9929 -0.0699 0.0962
vn 0.9698 -0.0718 0.2330
vn 0.9890 -0.0553 0.1369
vn 0.1075 0.9479 0.2999
vn 0.1359 0.8989 0.4166
vn 0.1662 0.9389 0.3014
vn 0.1477 0.8260 0.5440
vn 0.1767 0.8197 0.5449
vn 0.1725 0.8867 0.4289
vn 0.1373 -0.3415 0.9298
vn 0.1525 -0.0586 0.9866
vn 0.2704 -0.2860 0.9193
vn 0.2220 -0.1851 0.9573
vn 0.2532 -0.0746 0.9645
vn 0.2281 -0.1083 0.9676
vn 0.3018 -0.1656 0.9389
vn 0.3106 -0.3104 0.8984
vn 0.2444 -0.1180 0.9625
vn 0.0539 -0.2044 0.9774
vn 0.1262 -0.1721 0.9770
vn 0.1222 -0.4485 0.8854
vn 0.1772 -0.6210 0.7635
vn 0.0365 -0.5734 0.8185
vn 0.1832 -0.7276 0.6611
vn 0.1328 -0.7046 0.6971
vn 0.2655 -0.3453 0.9002
vn 0.2215 -0.3718 0.9015
vn 0.0657 -0.7559 0.6514
vn 0.2860 -0.3499 0.8921
vn 0.2342 -0.3713 0.8985
vn 0.2769 -0.3358 0.9003
vn 0.0280 -0.3996 0.9163
vn -0.0296 -0.1526 0.9878
vn 0.0039 -0.3089 0.9511
vn 0.2243 -0.1929 0.9552
vn 0.2764 -0.1359 0.9514
vn 0.2390 -0.4517 0.8596
vn 0.3949 -0.4037 0.8253
vn 0.3303 -0.1607 0.9301
vn 0.4436 -0.3675 0.8174
vn 0.2143 -0.2413 0.9465
vn 0.2981 -0.6441 0.7045
vn 0.4194 -0.6782 0.6034
vn 0.5004 -0.5642 0.6567
vn 0.2010 -0.6874 0.6979
vn 0.1821 -0.7827 0.5952
vn 0.2514 -0.7685 0.5884
vn 0.3769 -0.2116 0.9017
vn 0.3691 -0.2527 0.8944
vn 0.3884 -0.2147 0.8961
vn 0.3597 -0.2499 0.8990
vn 0.3595 -0.2639 0.8951
vn 0.3317 -0.3096 0.8911
vn 0.4061 -0.2248 0.8858
vn 0.2765 -0.2905 0.9161
vn 0.3169 -0.2981 0.9004
vn 0.3325 -0.3195 0.8874
vn 0.2724 -0.2675 0.9242
vn 0.3553 -0.2420 0.9029
vn 0.4142 -0.1954 0.8890
vn 0.3451 -0.1979 0.9175
vn 0.3738 -0.1589 0.9138
vn 0.3773 -0.0789 0.9227
vn 0.1596 -0.1943 0.9679
vn 0.2322 -0.1014 0.9674
vn 0.2904 -0.0779 0.9537
vn 0.2031 -0.1373 0.9695
vn 0.3338 -0.3780 0.8635
vn 0.3688 -0.2641 0.8912
vn 0.3184 -0.1093 0.9416
vn 0.3588 -0.1785 0.9162
vn 0.3199 -0.1777 0.9306
vn 0.3254 -0.1334 0.9361
vn 0.4084 -0.4126 0.8142
vn 0.4791 -0.5253 0.7032
vn 0.2597 -0.0620 0.9637
vn 0.4947 -0.3135 0.8106
vn 0.3349 -0.1428 0.9314
vn 0.4835 -0.5155 0.7074
vn 0.5853 -0.4572 0.6697
vn 0.5314 -0.5976 0.6004
vn 0.5763 -0.5957 0.5596
vn 0.3818 -0.1914 0.9042
vn 0.3576 -0.1679 0.9187
vn 0.3779 -0.1667 0.9107
vn 0.4153 -0.1710 0.8935
vn 0.3620 -0.1709 0.9164
vn 0.4100 -0.1625 0.8975
vn 0.3452 -0.2260 0.9109
vn 0.3467 -0.2488 0.9044
vn 0.3273 -0.2881 0.8999
vn 0.3936 -0.1509 0.9068
vn 0.4334 -0.2101 0.8764
vn 0.5768 -0.3402 0.7427
vn 0.3014 -0.1392 0.9433
vn 0.6483 -0.2908 0.7037
vn 0.6886 -0.4352 0.5800
vn 0.5877 -0.2394 0.7728
vn 0.7824 -0.2662 0.5630
vn 0.7129 -0.3919 0.5816
vn 0.4130 -0.2303 0.8811
vn 0.4283 -0.1935 0.8827
vn 0.4049 -0.1977 0.8927
vn 0.3463 -0.2152 0.9131
vn 0.4429 -0.1763 0.8791
vn 0.4383 -0.2287 0.8693
vn 0.4450 -0.2042 0.8719
vn 0.4606 -0.1492 0.8750
vn 0.4094 -0.1029 0.9065
vn 0.3620 -0.1928 0.9120
vn 0.0612 -0.0617 0.9962
vn 0.1069 -0.1539 0.9823
vn 0.2646 -0.0929 0.9599
vn 0.0014 -0.0960 0.9954
vn 0.2420 -0.0954 0.9656
vn 0.1041 0.1331 0.9856
vn 0.0480 -0.0025 0.9988
vn 0.4033 -0.1962 0.8938
vn 0.4081 -0.1889 0.8932
vn 0.3771 -0.1869 0.9071
vn 0.4114 -0.1465 0.8996
vn 0.4099 -0.1327 0.9024
vn 0.3650 -0.1313 0.9217
vn 0.4212 -0.0244 0.9066
vn 0.4441 0.0567 0.8942
vn 0.4211 0.0576 0.9052
vn 0.4341 0.2024 0.8778
vn 0.4112 -0.1050 0.9055
vn 0.3921 -0.1250 0.9114
vn 0.4452 -0.0172 0.8953
vn 0.4414 -0.0435 0.8963
vn 0.4479 0.0726 0.8911
vn 0.3893 -0.1305 0.9118
vn 0.3889 -0.1977 0.8998
vn 0.4133 -0.0028 0.9106
vn 0.3841 -0.0216 0.9230
vn 0.2933 -0.3730 0.8803
vn 0.2034 -0.0923 0.9747
vn 0.1531 -0.0992 0.9832
vn 0.3308 -0.1472 0.9321
vn 0.3424 -0.1853 0.9211
vn 0.1854 -0.1227 0.9750
vn 0.2392 -0.1655 0.9568
vn 0.0897 -0.0768 0.9930
vn 0.5058 -0.3435 0.7913
vn 0.2681 -0.1913 0.9442
vn 0.6370 -0.4484 0.6270
vn 0.6913 -0.4466 0.5680
vn 0.6890 -0.5090 0.5159
vn 0.4457 0.0346 0.8945
vn 0.4227 -0.0310 0.9057
vn 0.4223 0.0491 0.9051
vn 0.3407 -0.0706 0.9375
vn 0.3582 -0.1806 0.9160
vn 0.4184 -0.1777 0.8907
vn 0.3921 0.0166 0.9198
vn -0.0256 0.2175 0.9757
vn 0.1940 0.1283 0.9726
vn 0.0316 0.2026 0.9788
vn 0.0566 0.1683 0.9841
vn -0.0810 0.1948 0.9775
vn 0.2730 0.2086 0.9391
vn 0.2225 0.2083 0.9524
vn -0.0891 0.1591 0.9832
vn 0.2284 0.1811 0.9566
vn 0.3252 0.2328 0.9165
vn 0.3377 0.1347 0.9316
vn 0.3256 0.0563 0.9438
vn 0.3742 0.0238 0.9270
vn 0.8995 -0.1572 0.4076
vn 0.8813 -0.0306 0.4715
vn 0.8707 -0.1319 0.4738
vn 0.9014 -0.0408 0.4312
vn 0.3838 0.1681 0.9080
vn 0.1325 0.2001 0.9708
vn 0.4315 0.0740 0.8991
vn 0.1651 0.1345 0.9771
vn -0.0159 0.2258 0.9740
vn -0.0476 0.1506 0.9874
vn 0.5474 0.0891 0.8321
vn 0.6667 -0.0421 0.7441
vn 0.6979 0.0656 0.7132
vn 0.1245 0.1099 0.9861
vn 0.0961 0.0059 0.9954
vn 0.3663 -0.0204 0.9303
vn 0.0525 -0.0099 0.9986
vn 0.0839 -0.0442 0.9955
vn 0.0478 -0.0207 0.9986
vn 0.2835 0.0615 0.9570
vn 0.5083 -0.1039 0.8549
vn 0.1672 -0.1292 0.9774
vn 0.6059 0.0791 0.7916
vn 0.8103 -0.0398 0.5847
vn 0.7811 0.0946 0.6172
vn 0.8621 0.0160 0.5064
vn 0.7978 0.0407 0.6016
vn 0.7180 -0.1044 0.6882
vn 0.6871 -0.3036 0.6601
vn 0.8228 -0.1553 0.5468
vn 0.4966 -0.2625 0.8273
vn 0.8095 -0.3070 0.5005
vn 0.7533 -0.4778 0.4520
vn 0.8439 -0.3371 0.4173
vn 0.8730 -0.2211 0.4347
vn 0.6244 0.6164 0.4798
vn 0.6750 0.6228 0.3957
vn 0.5643 0.7252 0.3946
vn 0.5182 0.7916 0.3239
vn 0.6505 0.7057 0.2808
vn 0.7436 0.6059 0.2829
vn 0.9446 0.2594 0.2010
vn 0.9730 0.0987 0.2086
vn 0.9742 0.1970 0.1098
vn 0.5466 0.2285 0.8056
vn 0.4759 0.2758 0.8351
vn 0.5737 0.0934 0.8138
vn 0.6243 0.3342 0.7061
vn 0.6947 0.1857 0.6949
vn 0.7485 0.3157 0.5832
vn 0.8031 0.1406 0.5790
vn 0.7562 -0.0119 0.6542
vn 0.8255 0.2116 0.5232
vn 0.8119 0.3313 0.4807
vn 0.8953 0.1963 0.3999
vn 0.8497 0.3662 0.3794
vn 0.8919 0.3210 0.3185
vn 0.9335 0.1584 0.3217
vn 0.9200 0.0263 0.3911
vn 0.9615 0.0176 0.2743
vn 0.6407 0.5530 0.5326
vn 0.6845 0.5581 0.4690
vn 0.7728 0.5253 0.3561
vn 0.5599 0.5603 0.6104
vn 0.5975 0.5219 0.6088
vn 0.7356 0.4833 0.4746
vn 0.6709 0.4406 0.5964
vn 0.7778 0.5912 0.2133
vn 0.8404 0.4694 0.2708
vn 0.8453 0.5157 0.1397
vn 0.9004 0.3938 0.1848
vn 0.0719 0.1520 0.9858
vn -0.0044 0.1835 0.9830
vn 0.5251 0.4392 0.7290
vn 0.2352 0.2593 0.9367
vn 0.3682 0.3430 0.8642
vn 0.8457 -0.0139 0.5335
vn 0.8705 0.0559 0.4890
vn 0.9069 -0.0598 0.4170
vn 0.9404 -0.0320 0.3386
vn 0.9741 -0.0348 0.2233
vn 0.9624 -0.0477 0.2675
vn 0.9076 -0.0406 0.4179
vn 0.8699 -0.0728 0.4879
vn 0.9359 -0.0385 0.3500
vn 0.9388 -0.0408 0.3421
vn 0.9387 -0.1142 0.3254
vn 0.3638 0.1317 0.9221
vn 0.0760 0.1625 0.9838
vn 0.4246 0.0611 0.9033
vn 0.5332 0.3375 0.7758
vn 0.4896 0.1565 0.8578
vn 0.4836 0.2710 0.8323
vn 0.5334 0.3243 0.7812
vn 0.4578 0.3474 0.8184
vn 0.4900 0.2094 0.8462
vn 0.4820 0.2757 0.8316
vn 0.4580 0.1534 0.8756
vn 0.4267 0.2966 0.8544
vn 0.4688 0.3309 0.8190
vn 0.4195 0.3181 0.8502
vn 0.4821 0.3155 0.8173
vn 0.3610 0.3035 0.8818
vn 0.4857 0.1925 0.8527
vn 0.3711 0.2865 0.8833
vn 0.3906 0.2601 0.8830
vn 0.4139 0.1830 0.8917
vn 0.4391 0.0827 0.8946
vn 0.4261 0.0613 0.9026
vn 0.3273 0.2293 0.9167
vn 0.5061 0.4019 0.7631
vn 0.4060 0.3741 0.8338
vn 0.5130 0.3403 0.7880
vn 0.3219 0.5171 0.7931
vn 0.4197 0.4187 0.8053
vn 0.5398 0.3474 0.7668
vn 0.4948 0.3892 0.7770
vn 0.4489 0.3450 0.8243
vn 0.4598 0.3251 0.8263
vn 0.4141 0.3382 0.8451
vn 0.2847 0.2545 0.9242
vn 0.2056 0.2940 0.9334
vn 0.3165 0.1091 0.9423
vn 0.3374 0.1383 0.9311
vn 0.2981 0.2454 0.9225
vn 0.2418 0.1851 0.9525
vn 0.2491 0.2508 0.9355
vn 0.2619 0.7603 0.5945
vn 0.2495 0.6220 0.7422
vn 0.3143 0.6522 0.6898
vn 0.2789 0.7762 0.5655
vn 0.3988 0.7176 0.5710
vn 0.2998 0.8310 0.4686
vn 0.3799 0.7899 0.4815
vn 0.4011 0.6715 0.6230
vn 0.2044 0.2313 0.9512
vn 0.2480 0.3331 0.9097
vn 0.2361 0.3413 0.9098
vn 0.2659 0.4909 0.8297
vn 0.3094 0.5353 0.7859
vn 0.2389 0.4233 0.8739
vn 0.2173 0.5897 0.7779
vn 0.1934 0.4481 0.8728
vn 0.3303 0.5355 0.7773
vn 0.4513 0.7383 0.5012
vn 0.4193 0.6906 0.5893
vn 0.2407 0.1818 0.9534
vn 0.4811 0.7845 0.3914
vn 0.3840 0.8756 0.2932
vn 0.3693 0.8400 0.3975
vn 0.4737 0.7329 0.4884
vn 0.4804 0.7652 0.4287
vn 0.1213 0.5194 0.8459
vn 0.1009 0.7034 0.7036
vn 0.2311 0.7080 0.6673
vn 0.2023 0.7604 0.6172
vn 0.2715 0.7913 0.5479
vn 0.3056 0.8508 0.4276
vn 0.1401 0.3477 0.9271
vn 0.2115 0.2342 0.9489
vn 0.2754 0.3810 0.8826
vn 0.3615 0.3093 0.8796
vn 0.2614 0.1645 0.9511
vn 0.3488 0.4106 0.8425
vn 0.2923 0.3860 0.8749
vn 0.3198 0.3465 0.8819
vn 0.1391 0.3850 0.9124
vn 0.2475 0.4608 0.8523
vn 0.2990 0.4456 0.8438
vn 0.3336 0.4279 0.8400
vn 0.3556 0.3633 0.8612
vn 0.3201 0.3068 0.8963
vn 0.4149 0.2791 0.8660
vn 0.3625 0.2578 0.8956
vn 0.3590 0.2484 0.8997
vn 0.2524 0.3381 0.9066
vn 0.3988 0.5208 0.7548
vn 0.2517 0.1682 0.9531
vn 0.2940 0.1977 0.9351
vn 0.2177 0.1615 0.9626
vn 0.2795 0.2504 0.9269
vn 0.2513 0.2648 0.9310
vn 0.3339 0.3028 0.8926
vn 0.1846 0.2729 0.9442
vn 0.2673 0.3433 0.9004
vn 0.2445 0.2460 0.9379
vn 0.3068 0.3288 0.8931
vn 0.2187 0.2608 0.9403
vn 0.2314 0.2752 0.9331
vn 0.3052 0.2898 0.9071
vn 0.0858 0.1605 0.9833
vn 0.0784 0.1960 0.9775
vn 0.1986 0.2168 0.9558
vn 0.1754 0.1525 0.9726
vn 0.1814 0.2367 0.9545
vn 0.1400 0.0554 0.9886
vn 0.1389 0.2212 0.9653
vn 0.1504 0.0885 0.9847
vn 0.1017 0.1472 0.9839
vn 0.1312 0.2075 0.9694
vn 0.0325 0.0568 0.9979
vn 0.0728 0.1964 0.9778
vn 0.2464 0.3077 0.9190
vn 0.4144 0.4495 0.7914
vn 0.4765 0.6260 0.6173
vn 0.4195 0.4024 0.8137
vn 0.1966 0.2901 0.9366
vn 0.0781 0.2288 0.9703
vn 0.2805 0.3677 0.8866
vn 0.4201 0.2838 0.8620
vn 0.4276 0.3276 0.8425
vn 0.3855 0.3332 0.8605
vn 0.5012 0.6752 0.5413
vn 0.7637 -0.3205 0.5604
vn 0.9772 -0.1657 0.1328
vn 0.9950 -0.0815 0.0568
vn 0.9593 -0.1869 0.2118
vn 0.3993 0.1970 0.8954
vn 0.5607 0.6424 0.5224
vn 0.1470 0.7762 0.6132
vn 0.0978 0.7173 0.6899
vn -0.4627 -0.6933 -0.5525
vn -0.5516 -0.6274 -0.5496
vn -0.2661 -0.7297 -0.6299
vn -0.1440 -0.7623 -0.6310
vn -0.6350 -0.5331 -0.5590
vn -0.7724 -0.3246 -0.5459
vn -0.7464 -0.3735 -0.5508
vn -0.6735 -0.3137 -0.6693
vn -0.7085 -0.2199 -0.6705
vn 0.3397 -0.7620 -0.5514
vn 0.6300 -0.6428 -0.4358
vn 0.8613 -0.4140 -0.2945
vn 0.9149 -0.3197 -0.2464
vn 0.9553 -0.2483 -0.1604
vn -0.6175 -0.1267 -0.7763
vn -0.6898 0.0672 -0.7209
vn -0.6390 0.1575 -0.7529
vn -0.2550 -0.4134 -0.8741
vn -0.9013 0.0530 -0.4299
vn -0.7983 0.2305 -0.5564
vn -0.5357 0.1606 -0.8290
vn 0.0930 0.4494 -0.8885
vn 0.5157 0.1851 -0.8365
vn 0.9606 0.2489 -0.1241
vn 0.9266 0.3216 -0.1951
vn 0.8683 0.2628 -0.4206
vn 0.9998 0.0203 0.0057
vn 0.9963 -0.0864 0.0017
vn 0.9935 -0.0939 -0.0639
vn 0.9886 -0.0812 -0.1271
vn 0.9751 -0.1863 -0.1204
vn 0.8938 0.3619 -0.2650
vn 0.8611 0.3788 -0.3391
vn 0.6983 0.1854 -0.6914
vn 0.9194 0.3702 -0.1331
vn 0.9285 0.3677 -0.0519
vn 0.9559 0.2917 0.0334
vn 0.9222 0.3807 0.0687
vn -0.6768 0.1905 -0.7110
vn -0.8415 0.1998 -0.5020
vn -0.4197 0.4309 -0.7988
vn -0.4167 0.4647 -0.7813
vn 0.5402 0.6851 -0.4887
vn -0.9518 0.1285 -0.2784
vn -0.9686 0.1107 -0.2226
vn -0.9299 0.3338 -0.1547
vn -0.8270 0.5566 -0.0791
vn -0.2638 0.9455 -0.1907
vn -0.4116 0.8656 -0.2853
vn -0.5293 0.8453 -0.0733
vn -0.4459 0.7996 -0.4022
vn -0.3323 0.9407 0.0675
vn -0.2862 0.9511 -0.1162
vn -0.2141 0.9651 -0.1511
vn -0.4530 0.8915 0.0014
vn -0.3011 0.9407 0.1563
vn -0.1673 0.9642 0.2055
vn -0.2881 0.9541 0.0815
vn -0.2480 0.9652 0.0823
vn 0.3158 0.9482 -0.0341
vn 0.4005 0.9129 -0.0788
vn 0.0367 0.9993 -0.0085
vn 0.0695 0.9787 0.1930
vn 0.0368 0.9947 0.0956
vn 0.1049 0.9857 0.1316
vn 0.1212 0.9705 0.2085
vn 0.3271 0.8852 0.3308
vn 0.3276 0.8927 0.3095
vn 0.0372 0.9829 0.1805
vn 0.0751 0.9970 0.0182
vn 0.3458 0.9190 0.1894
vn 0.4854 0.8462 0.2199
vn 0.5670 0.8017 0.1893
vn 0.6906 0.7008 0.1790
vn 0.7675 0.6258 0.1390
vn -0.9155 0.3947 -0.0782
vn 0.2976 0.9302 0.2149
vn -0.1355 -0.9664 0.2184
vn -0.0753 -0.9460 0.3152
vn -0.9545 0.0250 0.2972
vn -0.9457 0.0793 0.3151
vn -0.9655 0.0701 0.2509
vn 0.1569 0.8078 0.5682
vn 0.1275 0.9545 0.2697
vn -0.3268 -0.6765 0.6600
vn -0.2774 -0.7121 0.6450
vn -0.0195 -0.5891 0.8079
vn 0.1226 -0.4263 0.8962
vn -0.0042 -0.4488 0.8936
vn -0.0679 -0.1321 0.9889
vn 0.4064 -0.3232 0.8546
vn 0.0282 -0.8129 0.5817
vn 0.0837 0.6320 0.7705
vn 0.1778 -0.9787 -0.1028
vn 0.6457 -0.7039 -0.2959
vn -0.0110 -0.9750 0.2221
vn 0.5159 0.8097 0.2798
vn 0.8803 0.1586 0.4472
vn 0.8845 -0.0559 0.4632
vn -0.2596 -0.6577 -0.7071
vn 0.4962 0.6982 -0.5160
vn -0.6357 0.6656 -0.3911
vn -0.5559 -0.6864 -0.4689
vn -0.6285 -0.7767 0.0420
vn -0.5900 -0.7929 0.1525
vn -0.5906 -0.7977 0.1216
vn -0.9899 0.1226 -0.0706
vn -0.9787 0.1282 -0.1603
vn -0.9721 0.1212 0.2010
vn -0.9590 0.1210 0.2562
vn -0.9707 0.1468 0.1901
vn -0.6015 -0.7643 0.2324
vn -0.2142 -0.5447 0.8108
vn -0.2059 -0.5575 0.8042
vn 0.3673 -0.9285 0.0546
vn 0.4412 -0.8971 0.0246
vn 0.5466 -0.6297 0.5521
vn 0.5402 -0.6262 0.5623
vn 0.9425 -0.1973 0.2698
vn 0.9564 -0.2414 0.1642
vn 0.7495 -0.4543 0.4814
s 1
f 1/1/1 2/2/2 3/3/3
f 3/3/3 4/4/4 5/5/5
f 6/6/6 7/7/7 8/8/8
f 6/6/6 8/8/8 9/9/9
f 10/10/10 11/11/11 12/12/12
f 13/13/13 1/1/1 8/8/8
f 1/1/1 14/14/14 2/2/2
f 15/15/15 16/16/16 17/17/17
f 16/16/16 18/18/18 17/17/17
f 18/18/18 19/19/19 17/17/17
f 20/20/20 21/21/21 22/22/22
f 21/21/21 17/17/17 23/23/23
f 23/23/23 17/17/17 24/24/24
f 17/17/17 19/19/19 24/24/24
f 25/25/25 26/26/26 27/27/27
f 28/28/28 29/29/29 27/27/27
f 29/29/29 28/28/28 30/30/30
f 14/14/14 29/29/29 30/30/30
f 31/31/31 28/28/28 32/32/32
f 14/14/14 30/30/30 20/20/20
f 21/21/21 15/15/15 17/17/17
f 21/21/21 30/30/30 15/15/15
f 20/20/20 30/30/30 21/21/21
f 33/33/33 28/28/28 31/31/31
f 34/34/34 35/35/35 36/36/36
f 36/36/36 33/33/33 31/31/31
f 37/37/37 36/36/36 35/35/35
f 37/37/37 38/38/38 39/39/39
f 40/40/40 26/26/26 41/41/41
f 32/32/32 26/26/26 40/40/40
f 32/32/32 36/36/36 31/31/31
f 19/19/19 42/42/42 43/43/43
f 44/44/44 45/45/45 46/46/46
f 47/47/47 48/48/48 34/34/34
f 48/48/48 49/49/49 34/34/34
f 35/35/35 49/49/49 50/50/50
f 37/37/37 35/35/35 50/50/50
f 50/50/50 51/51/51 37/37/37
f 51/51/51 50/50/50 52/52/52
f 50/50/50 49/49/49 52/52/52
f 53/53/53 51/51/51 52/52/52
f 54/54/54 45/45/45 55/55/55
f 51/51/51 54/54/54 38/38/38
f 54/54/54 55/55/55 18/18/18
f 42/42/42 19/19/19 18/18/18
f 45/45/45 44/44/44 56/56/56
f 55/55/55 45/45/45 56/56/56
f 55/55/55 42/42/42 18/18/18
f 55/55/55 57/57/57 42/42/42
f 58/58/58 49/49/49 48/48/48
f 49/49/49 58/58/58 59/59/59
f 49/49/49 59/59/59 52/52/52
f 58/58/58 60/60/60 59/59/59
f 60/60/60 61/61/61 59/59/59
f 60/62/60 62/63/62 61/64/61
f 63/65/63 64/66/64 65/67/65
f 66/68/66 64/66/64 63/65/63
f 66/68/66 67/69/67 64/66/64
f 64/66/64 67/69/67 68/70/68
f 69/71/69 70/72/70 71/73/71
f 72/74/72 53/53/53 52/52/52
f 52/52/52 73/75/73 72/74/72
f 46/46/46 72/74/72 73/75/73
f 59/59/59 61/61/61 73/75/73
f 73/76/73 61/64/61 70/72/70
f 59/59/59 73/75/73 52/52/52
f 46/46/46 45/45/45 72/74/72
f 70/72/70 69/71/69 73/76/73
f 69/71/69 46/77/46 73/76/73
f 70/72/70 65/67/65 71/73/71
f 65/67/65 70/72/70 62/63/62
f 62/63/62 70/72/70 61/64/61
f 65/67/65 64/66/64 71/73/71
f 74/78/74 69/71/69 71/73/71
f 69/71/69 75/79/75 44/80/44
f 46/77/46 69/71/69 44/80/44
f 69/71/69 74/78/74 75/79/75
f 74/78/74 76/81/76 75/79/75
f 77/82/77 44/80/44 75/79/75
f 64/66/64 74/78/74 71/73/71
f 78/83/78 79/84/79 80/85/80
f 80/86/80 79/87/79 81/88/81
f 77/82/77 82/89/82 83/90/83
f 82/89/82 84/91/84 83/90/83
f 85/92/85 86/93/86 84/91/84
f 84/91/84 86/93/86 87/94/87
f 85/92/85 88/95/88 86/93/86
f 88/95/88 89/96/89 86/93/86
f 90/97/90 91/98/91 79/87/79
f 56/99/56 77/82/77 83/90/83
f 56/99/56 90/97/90 79/87/79
f 83/90/83 90/97/90 56/99/56
f 79/87/79 91/98/91 81/88/81
f 83/90/83 87/94/87 90/97/90
f 91/98/91 90/97/90 87/94/87
f 84/91/84 87/94/87 83/90/83
f 91/98/91 87/94/87 89/96/89
f 87/94/87 86/93/86 89/96/89
f 56/56/56 79/84/79 55/55/55
f 68/70/68 76/81/76 74/78/74
f 68/70/68 92/100/92 76/81/76
f 92/100/92 85/92/85 84/91/84
f 77/82/77 76/81/76 82/89/82
f 82/89/82 76/81/76 92/100/92
f 84/91/84 82/89/82 92/100/92
f 93/101/93 94/102/94 95/103/95
f 94/102/94 93/101/93 96/104/96
f 97/105/97 98/106/98 99/107/99
f 24/24/24 99/107/99 23/23/23
f 100/108/100 98/106/98 101/109/101
f 98/106/98 102/110/102 101/109/101
f 103/111/103 102/110/102 80/85/80
f 102/110/102 103/111/103 104/112/104
f 104/112/104 101/109/101 102/110/102
f 101/109/101 104/112/104 105/113/105
f 103/114/103 106/115/106 104/116/104
f 103/114/103 80/86/80 106/115/106
f 80/86/80 81/88/81 106/115/106
f 106/115/106 81/88/81 107/117/107
f 105/118/105 104/116/104 108/119/108
f 106/115/106 107/117/107 109/120/109
f 109/120/109 94/102/94 110/121/110
f 95/103/95 109/120/109 107/117/107
f 111/122/111 95/103/95 107/117/107
f 109/120/109 95/103/95 94/102/94
f 95/103/95 111/122/111 93/101/93
f 112/123/112 107/117/107 81/88/81
f 111/122/111 113/124/113 93/101/93
f 114/125/114 115/126/115 116/127/116
f 117/128/117 115/126/115 114/125/114
f 118/129/118 119/130/119 120/131/120
f 116/127/116 93/101/93 118/129/118
f 118/129/118 120/131/120 121/132/121
f 121/132/121 114/125/114 118/129/118
f 116/127/116 118/129/118 114/125/114
f 121/132/121 120/131/120 122/133/122
f 93/101/93 116/127/116 96/104/96
f 123/134/123 124/135/124 125/136/125
f 113/124/113 118/129/118 93/101/93
f 126/137/126 124/135/124 123/134/123
f 118/129/118 113/124/113 127/138/127
f 126/137/126 119/130/119 127/138/127
f 128/139/128 119/130/119 126/137/126
f 126/137/126 123/134/123 128/139/128
f 129/140/129 85/92/85 130/141/130
f 85/92/85 129/140/129 125/136/125
f 131/142/131 132/143/132 67/69/67
f 133/144/133 131/142/131 67/69/67
f 134/145/134 130/141/130 135/146/135
f 134/145/134 135/146/135 136/147/136
f 137/148/137 136/147/136 132/143/132
f 137/148/137 132/143/132 138/149/138
f 136/147/136 135/146/135 132/143/132
f 132/143/132 135/146/135 67/69/67
f 134/145/134 136/147/136 139/150/139
f 140/151/140 139/150/139 141/152/141
f 139/150/139 142/153/142 134/145/134
f 134/145/134 129/140/129 130/141/130
f 129/140/129 134/145/134 142/153/142
f 142/153/142 139/150/139 140/151/140
f 129/140/129 142/153/142 123/134/123
f 125/136/125 129/140/129 123/134/123
f 137/148/137 143/154/143 144/155/144
f 136/147/136 137/148/137 139/150/139
f 144/155/144 141/152/141 137/148/137
f 137/148/137 141/152/141 139/150/139
f 140/151/140 145/156/145 146/157/146
f 140/151/140 123/134/123 142/153/142
f 141/152/141 147/158/147 140/151/140
f 19/19/19 43/43/43 24/24/24
f 39/39/39 38/38/38 16/16/16
f 18/18/18 16/16/16 54/54/54
f 48/48/48 47/47/47 148/159/148
f 49/49/49 35/35/35 34/34/34
f 37/37/37 51/51/51 38/38/38
f 38/38/38 54/54/54 16/16/16
f 44/80/44 77/82/77 56/99/56
f 66/68/66 133/144/133 67/69/67
f 43/43/43 78/83/78 24/24/24
f 91/98/91 112/123/112 81/88/81
f 135/146/135 130/141/130 68/70/68
f 130/141/130 85/92/85 92/100/92
f 76/81/76 77/82/77 75/79/75
f 96/104/96 149/160/149 94/102/94
f 124/135/124 127/138/127 88/95/88
f 92/100/92 68/70/68 130/141/130
f 150/161/150 138/149/138 151/162/151
f 150/161/150 143/154/143 138/149/138
f 67/69/67 135/146/135 68/70/68
f 123/134/123 146/157/146 128/139/128
f 144/155/144 150/161/150 152/163/152
f 150/161/150 144/155/144 143/154/143
f 122/133/122 117/128/117 121/132/121
f 153/164/153 117/128/117 122/133/122
f 154/165/154 155/166/155 153/164/153
f 155/166/155 117/128/117 153/164/153
f 155/166/155 156/167/156 117/128/117
f 157/168/157 158/169/158 159/170/159
f 160/171/160 159/170/159 158/169/158
f 160/171/160 161/172/161 147/158/147
f 161/172/161 162/173/162 163/174/163
f 163/174/163 147/158/147 161/172/161
f 164/175/164 165/176/165 166/177/166
f 167/178/167 166/177/166 165/176/165
f 168/179/168 169/180/169 170/181/170
f 168/179/168 171/182/171 169/180/169
f 170/181/170 172/183/172 173/184/173
f 170/181/170 173/184/173 168/179/168
f 171/182/171 168/179/168 174/185/174
f 168/179/168 175/186/175 174/185/174
f 176/187/176 162/173/162 166/188/166
f 176/189/176 166/177/166 167/178/167
f 177/190/177 170/191/170 176/189/176
f 176/187/176 169/180/169 162/173/162
f 176/187/176 170/181/170 169/180/169
f 178/192/178 173/184/173 179/193/179
f 172/183/172 179/193/179 173/184/173
f 173/184/173 175/186/175 168/179/168
f 180/194/180 172/195/172 181/196/181
f 182/197/182 183/198/183 184/199/184
f 183/198/183 182/197/182 181/196/181
f 185/200/185 172/195/172 180/194/180
f 179/193/179 172/183/172 185/201/185
f 186/202/186 167/178/167 187/203/187
f 177/190/177 176/189/176 167/178/167
f 177/190/177 186/202/186 181/196/181
f 186/202/186 177/190/177 167/178/167
f 172/195/172 177/190/177 181/196/181
f 181/196/181 186/202/186 183/198/183
f 170/191/170 177/190/177 172/195/172
f 160/171/160 188/204/188 189/205/189
f 189/205/189 164/206/164 161/172/161
f 166/188/166 161/172/161 164/206/164
f 166/188/166 162/173/162 161/172/161
f 189/207/189 165/176/165 164/175/164
f 190/208/190 178/192/178 191/209/191
f 192/210/192 178/192/178 190/208/190
f 192/210/192 190/208/190 193/211/193
f 190/208/190 194/212/194 195/213/195
f 195/213/195 193/211/193 190/208/190
f 192/210/192 193/211/193 196/214/196
f 196/214/196 175/186/175 192/210/192
f 175/186/175 154/165/154 174/185/174
f 196/214/196 154/165/154 175/186/175
f 197/215/197 154/165/154 196/214/196
f 198/216/198 195/213/195 199/217/199
f 195/213/195 198/216/198 193/211/193
f 197/215/197 196/214/196 193/211/193
f 197/215/197 193/211/193 198/216/198
f 200/218/200 201/219/201 202/220/202
f 201/219/201 203/221/203 202/220/202
f 184/199/184 202/220/202 203/221/203
f 184/199/184 203/221/203 182/197/182
f 204/222/204 205/223/205 206/224/206
f 206/224/206 205/223/205 201/219/201
f 201/219/201 207/225/207 203/221/203
f 208/226/208 203/221/203 207/225/207
f 205/223/205 209/227/209 207/225/207
f 205/223/205 207/225/207 201/219/201
f 200/218/200 206/224/206 201/219/201
f 210/228/210 211/229/211 212/230/212
f 210/228/210 212/230/212 213/231/213
f 214/232/214 185/200/185 180/194/180
f 191/209/191 185/201/185 214/233/214
f 191/209/191 178/192/178 179/193/179
f 208/226/208 212/230/212 215/234/215
f 208/226/208 215/234/215 203/221/203
f 211/235/211 194/212/194 214/233/214
f 214/233/214 194/212/194 191/209/191
f 191/209/191 194/212/194 190/208/190
f 211/235/211 195/213/195 194/212/194
f 211/229/211 214/232/214 215/234/215
f 211/229/211 215/234/215 212/230/212
f 180/194/180 182/197/182 203/221/203
f 203/221/203 215/234/215 180/194/180
f 180/194/180 215/234/215 214/232/214
f 204/222/204 200/218/200 216/236/216
f 204/222/204 206/224/206 200/218/200
f 209/227/209 217/237/217 207/225/207
f 207/225/207 218/238/218 208/226/208
f 218/238/218 213/231/213 212/230/212
f 218/239/218 219/240/219 213/241/213
f 218/238/218 212/230/212 208/226/208
f 199/217/199 211/235/211 210/242/210
f 211/235/211 199/217/199 195/213/195
f 219/240/219 199/217/199 213/241/213
f 199/217/199 210/242/210 213/241/213
f 174/185/174 220/243/220 171/182/171
f 171/182/171 220/243/220 221/244/221
f 163/174/163 171/182/171 221/244/221
f 169/180/169 163/174/163 162/173/162
f 169/180/169 171/182/171 163/174/163
f 167/178/167 165/176/165 187/203/187
f 220/243/220 174/185/174 122/133/122
f 185/201/185 191/209/191 179/193/179
f 222/245/222 186/202/186 187/203/187
f 158/169/158 188/204/188 160/171/160
f 189/205/189 161/172/161 160/171/160
f 178/192/178 192/210/192 173/184/173
f 175/186/175 173/184/173 192/210/192
f 181/196/181 182/197/182 180/194/180
f 152/163/152 157/168/157 159/170/159
f 223/246/223 224/247/224 225/248/225
f 226/249/226 227/250/227 223/251/223
f 223/246/223 227/252/227 224/247/224
f 228/253/228 229/254/229 41/41/41
f 230/255/230 231/256/231 232/257/232
f 232/257/232 231/256/231 233/258/233
f 233/258/233 231/256/231 234/259/234
f 223/251/223 234/259/234 231/256/231
f 234/260/234 223/246/223 225/248/225
f 235/261/235 231/256/231 230/255/230
f 235/261/235 226/249/226 231/256/231
f 235/261/235 236/262/236 226/249/226
f 231/256/231 226/249/226 223/251/223
f 233/258/233 237/263/237 238/264/238
f 238/264/238 237/263/237 239/265/239
f 237/266/237 240/267/240 241/268/241
f 228/253/228 242/269/242 243/270/243
f 244/271/244 241/268/241 240/267/240
f 225/248/225 245/272/245 240/267/240
f 240/267/240 246/273/246 244/271/244
f 244/271/244 246/273/246 247/274/247
f 246/273/246 248/275/248 247/274/247
f 225/248/225 224/247/224 245/272/245
f 240/267/240 245/272/245 246/273/246
f 245/272/245 224/247/224 249/276/249
f 249/276/249 250/277/250 245/272/245
f 248/275/248 246/273/246 250/277/250
f 250/277/250 246/273/246 245/272/245
f 250/277/250 47/47/47 248/275/248
f 251/278/251 252/279/252 253/280/253
f 251/278/251 239/281/239 252/279/252
f 254/282/254 238/264/238 255/283/255
f 233/258/233 256/284/256 232/257/232
f 238/264/238 256/284/256 233/258/233
f 255/283/255 239/265/239 251/285/251
f 243/270/243 257/286/257 253/280/253
f 258/287/258 257/286/257 259/288/259
f 260/289/260 257/286/257 243/270/243
f 257/286/257 260/289/260 259/288/259
f 261/290/261 262/291/262 263/292/263
f 263/292/263 264/293/264 265/294/265
f 263/292/263 266/295/266 264/293/264
f 263/292/263 262/291/262 266/295/266
f 262/291/262 267/296/267 268/297/268
f 264/293/264 266/295/266 269/298/269
f 264/293/264 269/298/269 265/294/265
f 269/298/269 258/299/258 265/294/265
f 270/300/270 266/295/266 262/291/262
f 270/300/270 262/291/262 268/297/268
f 266/295/266 270/300/270 269/298/269
f 270/300/270 258/299/258 269/298/269
f 257/301/257 258/299/258 270/300/270
f 271/302/271 272/303/272 273/304/273
f 274/305/274 275/306/275 276/307/276
f 254/282/254 256/284/256 238/264/238
f 277/308/277 267/296/267 262/291/262
f 273/304/273 272/303/272 268/297/268
f 267/296/267 273/304/273 268/297/268
f 278/309/278 230/255/230 279/310/279
f 230/255/230 278/309/278 280/311/280
f 280/311/280 235/261/235 230/255/230
f 281/312/281 282/313/282 148/159/148
f 48/48/48 148/159/148 282/313/282
f 283/314/283 284/315/284 285/316/285
f 286/317/286 224/247/224 227/252/227
f 236/262/236 287/318/287 227/250/227
f 227/252/227 287/319/287 286/317/286
f 287/319/287 288/320/288 286/317/286
f 288/320/288 289/321/289 286/317/286
f 288/320/288 290/322/290 289/321/289
f 290/322/290 288/320/288 283/314/283
f 291/323/291 292/324/292 283/314/283
f 293/325/293 148/159/148 47/47/47
f 249/276/249 294/326/294 293/325/293
f 289/321/289 294/326/294 249/276/249
f 289/321/289 290/322/290 294/326/294
f 294/326/294 148/159/148 293/325/293
f 294/326/294 281/312/281 148/159/148
f 295/327/295 277/308/277 261/290/261
f 255/283/255 238/264/238 239/265/239
f 279/310/279 230/255/230 232/257/232
f 277/308/277 262/291/262 261/290/261
f 256/284/256 296/328/296 232/257/232
f 279/310/279 232/257/232 296/328/296
f 280/311/280 297/329/297 235/261/235
f 293/325/293 47/47/47 250/277/250
f 227/250/227 226/249/226 236/262/236
f 298/330/298 299/331/299 300/332/300
f 300/332/300 301/333/301 298/330/298
f 280/311/280 302/334/302 301/333/301
f 300/332/300 280/311/280 301/333/301
f 303/335/303 292/324/292 304/336/304
f 303/335/303 305/337/305 306/338/306
f 303/335/303 306/338/306 292/324/292
f 304/336/304 292/324/292 291/323/291
f 292/324/292 306/338/306 284/315/284
f 307/339/307 304/336/304 291/323/291
f 308/340/308 309/341/309 310/342/310
f 308/340/308 311/343/311 309/341/309
f 312/344/312 313/345/313 310/342/310
f 312/346/312 309/347/309 314/348/314
f 314/348/314 309/347/309 315/349/315
f 314/348/314 315/349/315 316/350/316
f 311/351/311 315/349/315 309/347/309
f 315/349/315 317/352/317 318/353/318
f 304/354/304 318/353/318 317/352/317
f 319/355/319 313/345/313 312/344/312
f 320/356/320 310/342/310 313/345/313
f 297/329/297 321/357/321 236/262/236
f 299/331/299 322/358/322 321/357/321
f 319/359/319 312/346/312 323/360/323
f 323/360/323 312/346/312 314/348/314
f 322/358/322 323/360/323 314/348/314
f 318/353/318 316/350/316 315/349/315
f 299/331/299 298/330/298 324/361/324
f 325/362/325 324/361/324 298/330/298
f 300/332/300 299/331/299 297/329/297
f 297/329/297 299/331/299 321/357/321
f 323/360/323 324/361/324 325/362/325
f 325/362/325 319/359/319 323/360/323
f 326/363/326 318/353/318 307/364/307
f 327/365/327 317/352/317 311/351/311
f 317/352/317 327/365/327 303/366/303
f 327/365/327 305/367/305 303/366/303
f 310/342/310 309/341/309 312/344/312
f 317/352/317 315/349/315 311/351/311
f 304/354/304 307/364/307 318/353/318
f 317/352/317 303/366/303 304/354/304
f 320/356/320 328/368/328 310/342/310
f 287/318/287 326/363/326 307/364/307
f 329/369/329 330/370/330 331/371/331
f 330/370/330 332/372/332 333/373/333
f 334/374/334 330/370/330 329/369/329
f 332/372/332 330/370/330 334/374/334
f 335/375/335 333/373/333 332/372/332
f 335/375/335 336/376/336 333/373/333
f 336/376/336 337/377/337 333/373/333
f 338/378/338 339/379/339 337/377/337
f 333/373/333 337/377/337 339/379/339
f 338/378/338 337/377/337 62/63/62
f 340/380/340 341/381/341 342/382/342
f 343/383/343 344/384/344 345/385/345
f 343/383/343 345/385/345 342/382/342
f 346/386/346 347/387/347 348/388/348
f 347/387/347 349/389/349 348/388/348
f 350/390/350 351/391/351 349/389/349
f 131/142/131 350/390/350 151/162/151
f 352/392/352 353/393/353 354/394/354
f 355/395/355 356/396/356 353/397/353
f 357/398/357 341/381/341 358/399/358
f 357/400/357 359/401/359 356/402/356
f 358/403/358 359/401/359 357/400/357
f 353/393/353 360/404/360 354/394/354
f 360/404/360 353/393/353 359/401/359
f 361/405/361 335/375/335 360/404/360
f 360/404/360 362/406/362 361/405/361
f 353/393/353 356/402/356 359/401/359
f 360/404/360 359/401/359 362/406/362
f 332/372/332 354/394/354 360/404/360
f 363/407/363 364/408/364 336/376/336
f 364/408/364 337/377/337 336/376/336
f 336/376/336 361/405/361 363/407/363
f 361/405/361 362/406/362 363/407/363
f 335/375/335 361/405/361 336/376/336
f 358/403/358 340/409/340 365/410/365
f 366/411/366 365/410/365 340/409/340
f 340/409/340 367/412/367 366/411/366
f 358/403/358 365/410/365 359/401/359
f 365/410/365 362/406/362 359/401/359
f 365/410/365 368/413/368 362/406/362
f 367/412/367 369/414/369 366/411/366
f 366/411/366 369/414/369 370/415/370
f 365/410/365 366/411/366 368/413/368
f 366/411/366 370/415/370 368/413/368
f 342/382/342 341/381/341 371/416/371
f 358/399/358 341/381/341 340/380/340
f 342/382/342 345/385/345 340/380/340
f 372/417/372 340/380/340 345/385/345
f 344/384/344 372/417/372 345/385/345
f 367/412/367 372/418/372 373/419/373
f 367/412/367 373/419/373 374/420/374
f 340/409/340 372/418/372 367/412/367
f 349/389/349 351/391/351 374/420/374
f 348/388/348 374/420/374 373/419/373
f 372/418/372 348/388/348 373/419/373
f 349/389/349 374/420/374 348/388/348
f 348/421/348 372/417/372 344/384/344
f 369/414/369 374/420/374 351/391/351
f 367/412/367 374/420/374 369/414/369
f 370/415/370 369/414/369 375/422/375
f 375/422/375 369/414/369 351/391/351
f 351/391/351 350/390/350 375/422/375
f 364/408/364 363/407/363 376/423/376
f 362/406/362 368/413/368 363/407/363
f 376/423/376 363/407/363 368/413/368
f 368/413/368 133/144/133 376/423/376
f 370/415/370 133/144/133 368/413/368
f 364/408/364 376/423/376 133/144/133
f 370/415/370 375/422/375 133/144/133
f 375/422/375 350/390/350 131/142/131
f 63/65/63 337/377/337 364/408/364
f 364/408/364 66/68/66 63/65/63
f 377/424/377 347/387/347 378/425/378
f 347/387/347 379/426/379 349/389/349
f 349/389/349 379/426/379 350/390/350
f 377/424/377 379/426/379 347/387/347
f 377/424/377 380/427/380 152/163/152
f 381/428/381 382/429/382 383/430/383
f 381/428/381 342/382/342 382/429/382
f 384/431/384 385/432/385 386/433/386
f 387/434/387 386/433/386 388/435/388
f 387/434/387 388/435/388 389/436/389
f 385/432/385 390/437/390 386/433/386
f 386/433/386 390/437/390 391/438/391
f 389/436/389 388/435/388 392/439/392
f 388/435/388 393/440/393 392/439/392
f 392/439/392 393/440/393 394/441/394
f 386/433/386 391/438/391 388/435/388
f 388/435/388 391/438/391 393/440/393
f 390/437/390 395/442/395 391/438/391
f 383/430/383 395/442/395 390/437/390
f 383/430/383 382/429/382 395/442/395
f 395/442/395 393/440/393 391/438/391
f 393/440/393 382/429/382 371/416/371
f 382/429/382 393/440/393 395/442/395
f 394/441/394 393/440/393 371/416/371
f 342/382/342 371/416/371 382/429/382
f 396/443/396 397/444/397 398/445/398
f 399/446/399 397/444/397 396/443/396
f 400/447/400 399/446/399 396/443/396
f 399/446/399 400/447/400 401/448/401
f 400/447/400 392/439/392 401/448/401
f 399/446/399 402/449/402 397/444/397
f 402/450/402 329/369/329 397/451/397
f 397/451/397 329/369/329 331/371/331
f 387/452/387 389/453/389 403/454/403
f 389/453/389 404/455/404 403/454/403
f 404/455/404 389/453/389 400/456/400
f 389/436/389 392/439/392 400/447/400
f 392/439/392 394/441/394 401/448/401
f 399/446/399 401/448/401 405/457/405
f 405/457/405 402/449/402 399/446/399
f 401/448/401 394/441/394 405/457/405
f 405/457/405 406/458/406 352/459/352
f 405/457/405 352/459/352 402/449/402
f 405/457/405 394/441/394 355/395/355
f 405/457/405 355/395/355 406/458/406
f 394/441/394 371/416/371 355/395/355
f 344/384/344 343/383/343 407/460/407
f 408/461/408 407/460/407 343/383/343
f 344/384/344 409/462/409 346/463/346
f 410/464/410 411/465/411 412/466/412
f 413/467/413 414/468/414 412/466/412
f 414/468/414 413/467/413 415/469/415
f 416/470/416 413/467/413 412/466/412
f 415/469/415 417/471/417 418/472/418
f 419/473/419 407/460/407 417/471/417
f 415/469/415 413/467/413 417/471/417
f 417/471/417 420/474/420 419/473/419
f 420/474/420 421/475/421 419/473/419
f 419/473/419 344/384/344 407/460/407
f 409/462/409 378/476/378 346/463/346
f 409/462/409 344/384/344 419/473/419
f 419/473/419 421/475/421 409/462/409
f 418/472/418 417/471/417 407/460/407
f 417/471/417 413/467/413 420/474/420
f 421/475/421 422/477/422 409/462/409
f 422/477/422 423/478/423 409/462/409
f 424/479/424 422/477/422 421/475/421
f 420/474/420 424/479/424 421/475/421
f 413/467/413 416/470/416 420/474/420
f 424/479/424 420/474/420 416/470/416
f 411/465/411 416/470/416 412/466/412
f 411/465/411 425/480/425 416/470/416
f 424/479/424 416/470/416 426/481/426
f 425/480/425 426/481/426 416/470/416
f 426/481/426 425/480/425 222/245/222
f 222/245/222 427/482/427 426/481/426
f 188/483/188 423/478/423 422/477/422
f 422/477/422 424/479/424 428/484/428
f 429/485/429 428/484/428 424/479/424
f 188/483/188 422/477/422 428/484/428
f 428/484/428 429/485/429 430/486/430
f 429/485/429 426/481/426 427/482/427
f 427/482/427 187/203/187 430/486/430
f 429/485/429 427/482/427 430/486/430
f 157/168/157 380/427/380 378/425/378
f 157/168/157 378/425/378 423/487/423
f 409/462/409 423/478/423 378/476/378
f 380/427/380 157/168/157 152/163/152
f 423/487/423 158/169/158 157/168/157
f 431/488/431 381/428/381 383/430/383
f 432/489/432 381/428/381 431/488/431
f 408/461/408 381/428/381 432/489/432
f 433/490/433 408/461/408 432/489/432
f 408/461/408 433/490/433 418/472/418
f 418/472/418 434/491/434 415/469/415
f 435/492/435 436/493/436 384/431/384
f 436/493/436 385/432/385 384/431/384
f 437/494/437 438/495/438 439/496/439
f 438/495/438 436/493/436 439/496/439
f 436/493/436 431/488/431 385/432/385
f 438/495/438 440/497/440 436/493/436
f 436/493/436 440/497/440 431/488/431
f 440/497/440 432/489/432 431/488/431
f 433/490/433 432/489/432 440/497/440
f 441/498/441 442/499/442 438/495/438
f 441/498/441 443/500/443 442/499/442
f 442/499/442 434/491/434 440/497/440
f 434/491/434 442/499/442 444/501/444
f 433/490/433 440/497/440 434/491/434
f 442/499/442 440/497/440 438/495/438
f 442/499/442 443/500/443 444/501/444
f 434/491/434 418/472/418 433/490/433
f 431/488/431 383/430/383 385/432/385
f 445/502/445 446/503/446 447/504/447
f 448/505/448 447/504/447 449/506/449
f 450/507/450 449/506/449 451/508/451
f 450/507/450 448/505/448 449/506/449
f 449/506/449 443/500/443 451/508/451
f 441/498/441 451/508/451 443/500/443
f 449/506/449 452/509/452 443/500/443
f 447/504/447 453/510/453 449/506/449
f 447/504/447 446/503/446 453/510/453
f 454/511/454 449/506/449 453/510/453
f 449/506/449 454/511/454 452/509/452
f 454/511/454 410/464/410 452/509/452
f 454/511/454 455/512/455 410/464/410
f 434/491/434 444/501/444 415/469/415
f 452/509/452 444/501/444 443/500/443
f 452/509/452 414/468/414 444/501/444
f 452/509/452 410/464/410 414/468/414
f 414/468/414 410/464/410 412/466/412
f 456/513/456 451/508/451 441/498/441
f 438/495/438 437/494/437 441/498/441
f 457/514/457 458/515/458 459/516/459
f 445/502/445 460/517/460 446/503/446
f 461/518/461 460/517/460 445/502/445
f 461/518/461 457/514/457 460/517/460
f 457/514/457 462/519/462 463/520/463
f 457/514/457 463/520/463 460/517/460
f 461/518/461 464/521/464 457/514/457
f 464/521/464 465/522/465 457/514/457
f 446/503/446 460/517/460 453/510/453
f 460/517/460 463/520/463 453/510/453
f 466/523/466 467/524/467 455/512/455
f 467/524/467 411/465/411 455/512/455
f 463/520/463 462/519/462 455/512/455
f 457/514/457 459/516/459 462/519/462
f 462/519/462 459/516/459 466/523/466
f 455/512/455 462/519/462 466/523/466
f 468/525/468 467/524/467 469/526/469
f 469/526/469 467/524/467 466/523/466
f 411/465/411 467/524/467 468/525/468
f 425/480/425 468/525/468 222/245/222
f 468/525/468 470/527/470 222/245/222
f 469/526/469 471/528/471 468/525/468
f 470/527/470 468/525/468 471/528/471
f 472/529/472 471/528/471 469/526/469
f 465/522/465 458/515/458 457/514/457
f 465/522/465 473/530/473 458/515/458
f 474/531/474 475/532/475 473/530/473
f 465/522/465 474/531/474 473/530/473
f 459/516/459 476/533/476 466/523/466
f 466/523/466 476/533/476 469/526/469
f 458/515/458 477/534/477 459/516/459
f 459/516/459 477/534/477 476/533/476
f 458/515/458 473/530/473 477/534/477
f 478/535/478 477/534/477 473/530/473
f 477/534/477 478/535/478 479/536/479
f 477/534/477 479/536/479 476/533/476
f 476/533/476 472/529/472 469/526/469
f 476/533/476 479/536/479 472/529/472
f 479/536/479 480/537/480 472/529/472
f 481/538/481 472/529/472 480/537/480
f 473/530/473 475/532/475 482/539/482
f 473/530/473 482/539/482 478/535/478
f 482/539/482 483/540/483 478/535/478
f 478/535/478 483/540/483 480/537/480
f 483/540/483 484/541/484 480/537/480
f 478/535/478 480/537/480 479/536/479
f 483/540/483 485/542/485 486/543/486
f 483/540/483 486/543/486 484/541/484
f 352/392/352 334/374/334 329/369/329
f 354/394/354 332/372/332 334/374/334
f 352/392/352 354/394/354 334/374/334
f 408/461/408 343/383/343 342/382/342
f 344/384/344 346/463/346 348/421/348
f 406/458/406 353/397/353 352/459/352
f 355/395/355 353/397/353 406/458/406
f 355/395/355 357/398/357 356/396/356
f 341/381/341 357/398/357 371/416/371
f 332/372/332 360/404/360 335/375/335
f 378/425/378 380/427/380 377/424/377
f 381/428/381 408/461/408 342/382/342
f 385/432/385 383/430/383 390/437/390
f 402/450/402 352/392/352 329/369/329
f 357/398/357 355/395/355 371/416/371
f 418/472/418 407/460/407 408/461/408
f 187/203/187 427/482/427 222/245/222
f 347/387/347 346/386/346 378/425/378
f 455/512/455 454/511/454 453/510/453
f 410/464/410 455/512/455 411/465/411
f 414/468/414 415/469/415 444/501/444
f 463/520/463 455/512/455 453/510/453
f 425/480/425 411/465/411 468/525/468
f 487/544/487 488/545/488 489/546/489
f 490/547/490 491/548/491 492/549/492
f 490/547/490 492/549/492 493/550/493
f 493/550/493 494/551/494 490/547/490
f 495/552/495 496/553/496 497/554/497
f 497/554/497 496/553/496 498/555/498
f 499/556/499 500/557/500 501/558/501
f 501/558/501 502/559/502 499/556/499
f 501/558/501 490/547/490 502/559/502
f 490/547/490 494/551/494 502/559/502
f 497/554/497 503/560/503 495/552/495
f 499/556/499 504/561/504 505/562/505
f 506/563/506 495/552/495 505/562/505
f 499/556/499 502/559/502 504/561/504
f 505/562/505 504/561/504 506/563/506
f 495/552/495 506/563/506 496/553/496
f 494/551/494 489/546/489 502/559/502
f 502/559/502 489/546/489 504/561/504
f 504/561/504 489/546/489 488/545/488
f 488/545/488 506/563/506 504/561/504
f 507/564/507 508/565/508 492/549/492
f 492/549/492 508/565/508 493/550/493
f 509/566/509 493/550/493 508/565/508
f 493/550/493 489/546/489 494/551/494
f 493/550/493 509/566/509 510/567/510
f 493/550/493 510/567/510 489/546/489
f 511/568/511 489/546/489 510/567/510
f 489/546/489 511/568/511 487/544/487
f 512/569/512 488/545/488 487/544/487
f 511/568/511 513/570/513 487/544/487
f 513/570/513 512/569/512 487/544/487
f 513/570/513 216/236/216 512/569/512
f 488/545/488 512/569/512 506/563/506
f 506/563/506 512/569/512 496/553/496
f 512/569/512 485/542/485 496/553/496
f 496/553/496 475/532/475 498/555/498
f 511/568/511 514/571/514 513/570/513
f 503/560/503 497/554/497 515/572/515
f 497/554/497 516/573/516 515/572/515
f 498/555/498 516/573/516 497/554/497
f 498/555/498 474/531/474 516/573/516
f 491/548/491 507/564/507 492/549/492
f 3/3/3 2/2/2 4/4/4
f 2/2/2 22/22/22 4/4/4
f 517/574/517 6/6/6 12/12/12
f 13/13/13 14/14/14 1/1/1
f 7/7/7 13/13/13 8/8/8
f 517/574/517 11/11/11 242/269/242
f 11/11/11 517/574/517 12/12/12
f 517/574/517 518/575/518 6/6/6
f 6/6/6 518/575/518 7/7/7
f 26/26/26 28/28/28 27/27/27
f 32/32/32 28/28/28 26/26/26
f 89/96/89 113/124/113 111/122/111
f 220/243/220 119/130/119 128/139/128
f 220/243/220 120/131/120 119/130/119
f 146/157/146 221/244/221 128/139/128
f 144/155/144 152/163/152 159/170/159
f 159/170/159 141/152/141 144/155/144
f 147/158/147 145/156/145 140/151/140
f 145/156/145 147/158/147 163/174/163
f 146/157/146 123/134/123 140/151/140
f 221/244/221 146/157/146 145/156/145
f 163/174/163 221/244/221 145/156/145
f 519/576/519 242/269/242 41/41/41
f 58/58/58 520/577/520 60/60/60
f 62/63/62 63/65/63 65/67/65
f 152/163/152 150/161/150 377/424/377
f 150/161/150 151/162/151 379/426/379
f 243/270/243 242/269/242 11/11/11
f 247/274/247 32/32/32 40/40/40
f 68/70/68 74/78/74 64/66/64
f 48/48/48 282/313/282 58/58/58
f 132/143/132 131/142/131 138/149/138
f 121/132/121 117/128/117 114/125/114
f 220/243/220 122/133/122 120/131/120
f 153/164/153 122/133/122 174/185/174
f 174/185/174 154/165/154 153/164/153
f 147/158/147 141/152/141 159/170/159
f 160/171/160 147/158/147 159/170/159
f 199/217/199 219/240/219 198/216/198
f 187/203/187 165/176/165 430/486/430
f 481/538/481 183/198/183 471/528/471
f 128/139/128 221/244/221 220/243/220
f 521/578/521 202/220/202 184/199/184
f 204/222/204 513/570/513 522/579/522
f 484/541/484 200/218/200 202/220/202
f 165/176/165 189/207/189 188/483/188
f 183/198/183 481/538/481 184/199/184
f 184/199/184 481/538/481 521/578/521
f 484/541/484 202/220/202 521/578/521
f 41/41/41 242/269/242 228/253/228
f 229/254/229 40/40/40 41/41/41
f 260/289/260 243/270/243 11/11/11
f 260/289/260 11/11/11 10/10/10
f 280/311/280 300/332/300 297/329/297
f 520/580/520 338/378/338 60/62/60
f 287/319/287 307/339/307 288/320/288
f 288/320/288 291/323/291 283/314/283
f 261/290/261 523/581/523 295/327/295
f 297/329/297 236/262/236 235/261/235
f 278/309/278 302/334/302 280/311/280
f 306/582/306 524/583/524 284/584/284
f 305/585/305 331/371/331 306/582/306
f 284/584/284 339/379/339 285/586/285
f 284/584/284 524/583/524 339/379/339
f 524/583/524 306/582/306 330/370/330
f 307/339/307 291/323/291 288/320/288
f 398/587/398 327/365/327 311/351/311
f 398/587/398 525/588/525 327/365/327
f 327/365/327 525/588/525 305/367/305
f 526/589/526 404/455/404 328/368/328
f 328/368/328 404/455/404 308/340/308
f 310/342/310 328/368/328 308/340/308
f 236/262/236 326/363/326 287/318/287
f 331/371/331 330/370/330 306/582/306
f 524/583/524 333/373/333 339/379/339
f 330/370/330 333/373/333 524/583/524
f 520/580/520 285/586/285 338/378/338
f 285/586/285 339/379/339 338/378/338
f 60/62/60 338/378/338 62/63/62
f 133/144/133 66/68/66 364/408/364
f 375/422/375 131/142/131 133/144/133
f 151/162/151 138/149/138 131/142/131
f 151/162/151 350/390/350 379/426/379
f 379/426/379 377/424/377 527/590/527
f 377/424/377 150/161/150 527/590/527
f 527/590/527 150/161/150 379/426/379
f 404/455/404 396/591/396 308/340/308
f 396/591/396 311/343/311 308/340/308
f 404/455/404 400/456/400 396/591/396
f 311/343/311 396/591/396 398/592/398
f 398/445/398 397/444/397 525/593/525
f 403/454/403 404/455/404 526/589/526
f 426/481/426 429/485/429 424/479/424
f 188/483/188 428/484/428 165/176/165
f 165/176/165 428/484/428 430/486/430
f 158/169/158 423/487/423 188/204/188
f 480/537/480 521/578/521 481/538/481
f 481/538/481 471/528/471 472/529/472
f 222/245/222 470/527/470 186/202/186
f 470/527/470 471/528/471 183/198/183
f 183/198/183 186/202/186 470/527/470
f 216/236/216 200/218/200 486/543/486
f 474/531/474 465/522/465 516/573/516
f 484/541/484 486/543/486 200/218/200
f 482/539/482 485/542/485 483/540/483
f 480/537/480 484/541/484 521/578/521
f 62/63/62 337/377/337 63/65/63
f 525/594/525 331/371/331 305/585/305
f 525/594/525 397/451/397 331/371/331
f 486/543/486 485/542/485 216/236/216
f 475/532/475 485/542/485 482/539/482
f 512/569/512 216/236/216 485/542/485
f 513/570/513 204/222/204 216/236/216
f 496/553/496 485/542/485 475/532/475
f 522/579/522 513/570/513 514/571/514
f 465/522/465 464/521/464 515/572/515
f 515/572/515 516/573/516 465/522/465
f 475/532/475 474/531/474 498/555/498
f 528/595/528 529/596/529 530/597/530
f 531/598/531 532/599/532 528/595/528
f 532/599/532 529/596/529 528/595/528
f 532/599/532 533/600/533 529/596/529
f 533/600/533 532/599/532 534/601/534
f 534/601/534 535/602/535 533/600/533
f 535/602/535 536/603/536 296/328/296
f 537/604/537 536/603/536 535/602/535
f 532/599/532 531/598/531 538/605/538
f 534/601/534 532/599/532 538/605/538
f 539/606/539 540/607/540 541/608/541
f 542/609/542 530/597/530 543/610/543
f 530/597/530 541/608/541 543/610/543
f 540/607/540 543/610/543 541/608/541
f 544/611/544 528/595/528 530/597/530
f 544/611/544 545/612/545 531/598/531
f 531/598/531 528/595/528 544/611/544
f 546/613/546 547/614/547 548/615/548
f 547/614/547 549/616/549 302/334/302
f 550/617/550 551/618/551 552/619/552
f 552/619/552 551/618/551 553/620/553
f 552/619/552 553/620/553 554/621/554
f 555/622/555 554/621/554 553/620/553
f 553/620/553 556/623/556 555/622/555
f 557/624/557 556/623/556 553/620/553
f 556/623/556 558/625/558 559/626/559
f 557/624/557 560/627/560 556/623/556
f 557/624/557 561/628/561 560/627/560
f 558/625/558 556/623/556 560/627/560
f 561/628/561 558/625/558 560/627/560
f 562/629/562 554/621/554 563/630/563
f 554/621/554 538/605/538 563/630/563
f 564/631/564 550/617/550 562/629/562
f 562/629/562 550/617/550 552/619/552
f 562/629/562 552/619/552 554/621/554
f 565/632/565 566/633/566 567/634/567
f 567/634/567 568/635/568 561/636/561
f 567/634/567 569/637/569 568/635/568
f 561/628/561 570/638/570 558/625/558
f 561/628/561 568/639/568 570/638/570
f 549/616/549 570/638/570 568/639/568
f 571/640/571 567/634/567 566/633/566
f 569/637/569 567/634/567 571/640/571
f 569/637/569 572/641/572 568/635/568
f 572/642/572 549/616/549 568/639/568
f 549/616/549 572/642/572 573/643/573
f 574/644/574 575/645/575 576/646/576
f 577/647/577 574/644/574 578/648/578
f 579/649/579 320/356/320 580/650/580
f 580/650/580 320/356/320 581/651/581
f 571/640/571 582/652/582 583/653/583
f 569/637/569 571/640/571 583/653/583
f 569/637/569 583/653/583 584/654/584
f 585/655/585 569/637/569 584/654/584
f 583/653/583 582/652/582 584/654/584
f 584/654/584 586/656/586 585/655/585
f 585/655/585 587/657/587 569/637/569
f 569/637/569 587/657/587 572/641/572
f 587/657/587 588/658/588 572/641/572
f 587/657/587 585/655/585 588/658/588
f 589/659/589 590/660/590 588/661/588
f 588/661/588 590/660/590 573/643/573
f 585/655/585 581/651/581 588/658/588
f 580/650/580 581/651/581 585/655/585
f 586/656/586 580/650/580 585/655/585
f 581/651/581 589/662/589 588/658/588
f 589/662/589 581/651/581 591/663/591
f 320/356/320 591/663/591 581/651/581
f 576/646/576 580/650/580 586/656/586
f 580/650/580 576/646/576 579/649/579
f 592/664/592 593/665/593 594/666/594
f 595/667/595 594/666/594 593/665/593
f 596/668/596 597/669/597 598/670/598
f 599/671/599 595/667/595 593/665/593
f 593/665/593 597/669/597 599/671/599
f 600/672/600 582/652/582 571/640/571
f 601/673/601 602/674/602 603/675/603
f 603/675/603 602/674/602 594/666/594
f 603/675/603 582/652/582 600/672/600
f 604/676/604 582/652/582 603/675/603
f 604/676/604 603/675/603 595/667/595
f 595/667/595 603/675/603 594/666/594
f 604/676/604 595/667/595 605/677/605
f 599/671/599 606/678/606 595/667/595
f 595/667/595 606/678/606 605/677/605
f 606/678/606 578/648/578 605/677/605
f 607/679/607 608/680/608 609/681/609
f 610/682/610 611/683/611 612/684/612
f 611/683/611 613/685/613 614/686/614
f 612/684/612 611/683/611 614/686/614
f 615/687/615 612/684/612 614/686/614
f 614/686/614 616/688/616 615/687/615
f 610/682/610 617/689/617 565/632/565
f 612/684/612 617/689/617 610/682/610
f 612/684/612 618/690/618 617/689/617
f 612/684/612 615/687/615 618/690/618
f 619/691/619 620/692/620 621/693/621
f 621/693/621 620/692/620 622/694/622
f 615/687/615 616/688/616 623/695/623
f 621/693/621 623/695/623 616/688/616
f 621/693/621 592/664/592 623/695/623
f 623/695/623 592/664/592 602/674/602
f 622/694/622 592/664/592 621/693/621
f 618/690/618 615/687/615 623/695/623
f 623/695/623 602/674/602 618/690/618
f 618/690/618 602/674/602 601/673/601
f 592/664/592 622/694/622 598/670/598
f 592/664/592 598/670/598 593/665/593
f 624/696/624 625/697/625 613/685/613
f 626/698/626 627/699/627 628/700/628
f 624/696/624 627/699/627 626/698/626
f 624/696/624 611/683/611 627/699/627
f 613/685/613 611/683/611 624/696/624
f 611/683/611 610/682/610 627/699/627
f 565/632/565 627/699/627 610/682/610
f 565/632/565 629/701/629 627/699/627
f 630/702/630 613/685/613 631/703/631
f 614/686/614 613/685/613 630/702/630
f 632/704/632 630/702/630 633/705/633
f 614/686/614 630/702/630 616/688/616
f 608/680/608 620/692/620 619/691/619
f 621/693/621 632/704/632 619/691/619
f 630/702/630 632/704/632 616/688/616
f 632/704/632 621/693/621 616/688/616
f 634/706/634 608/680/608 607/679/607
f 608/680/608 634/706/634 620/692/620
f 620/692/620 634/706/634 635/707/635
f 620/692/620 635/707/635 622/694/622
f 622/694/622 635/707/635 636/708/636
f 628/700/628 627/699/627 629/701/629
f 618/690/618 566/633/566 617/689/617
f 618/690/618 601/673/601 566/633/566
f 566/633/566 601/673/601 600/672/600
f 637/709/637 638/710/638 628/711/628
f 638/712/638 639/713/639 628/700/628
f 626/698/626 628/700/628 639/713/639
f 640/714/640 641/715/641 625/697/625
f 625/697/625 639/713/639 640/714/640
f 624/696/624 626/698/626 639/713/639
f 624/696/624 639/713/639 625/697/625
f 642/716/642 564/631/564 643/717/643
f 643/717/643 564/631/564 563/630/563
f 644/718/644 645/719/645 609/681/609
f 646/720/646 644/718/644 619/691/619
f 619/691/619 644/718/644 608/680/608
f 645/719/645 647/721/647 609/681/609
f 631/703/631 641/715/641 648/722/648
f 648/722/648 633/705/633 630/702/630
f 631/703/631 648/722/648 630/702/630
f 546/613/546 570/638/570 547/614/547
f 549/616/549 547/614/547 570/638/570
f 572/642/572 588/661/588 573/643/573
f 578/648/578 586/656/586 605/677/605
f 574/644/574 586/656/586 578/648/578
f 586/656/586 574/644/574 576/646/576
f 602/674/602 592/664/592 594/666/594
f 598/670/598 597/669/597 593/665/593
f 601/673/601 603/675/603 600/672/600
f 582/652/582 604/676/604 584/654/584
f 604/676/604 586/656/586 584/654/584
f 604/676/604 605/677/605 586/656/586
f 644/718/644 609/681/609 608/680/608
f 622/694/622 596/668/596 598/670/598
f 619/691/619 632/704/632 633/705/633
f 617/689/617 566/633/566 565/632/565
f 566/633/566 600/672/600 571/640/571
f 564/631/564 562/629/562 563/630/563
f 641/715/641 631/703/631 625/697/625
f 631/703/631 613/685/613 625/697/625
f 646/720/646 619/691/619 633/705/633
f 649/723/649 650/724/650 575/645/575
f 650/724/650 403/454/403 575/645/575
f 651/725/651 652/726/652 653/727/653
f 653/727/653 654/728/654 655/729/655
f 652/726/652 654/728/654 653/727/653
f 649/723/649 577/647/577 656/730/656
f 656/730/656 655/729/655 649/723/649
f 653/727/653 655/729/655 656/730/656
f 657/731/657 658/732/658 659/733/659
f 660/734/660 661/735/661 662/736/662
f 660/734/660 662/736/662 663/737/663
f 663/737/663 664/738/664 652/739/652
f 662/736/662 665/740/665 663/737/663
f 663/737/663 665/740/665 664/738/664
f 666/741/666 667/742/667 668/743/668
f 669/744/669 670/745/670 661/735/661
f 668/743/668 670/745/670 669/744/669
f 661/735/661 670/745/670 662/736/662
f 667/742/667 670/745/670 668/743/668
f 670/745/670 665/740/665 662/736/662
f 671/746/671 667/742/667 672/747/672
f 577/647/577 649/723/649 575/645/575
f 650/724/650 649/723/649 655/729/655
f 673/748/673 663/737/663 651/749/651
f 663/737/663 652/739/652 651/749/651
f 660/734/660 663/737/663 673/748/673
f 674/750/674 675/751/675 676/752/676
f 677/753/677 674/750/674 678/754/678
f 678/754/678 679/755/679 596/668/596
f 674/750/674 680/756/680 678/754/678
f 678/754/678 680/756/680 679/755/679
f 679/755/679 680/756/680 681/757/681
f 682/758/682 679/755/679 681/757/681
f 682/758/682 653/727/653 683/759/683
f 684/760/684 674/750/674 676/752/676
f 674/750/674 684/760/684 680/756/680
f 680/756/680 673/761/673 681/757/681
f 685/762/685 686/763/686 647/721/647
f 647/721/647 687/764/687 685/762/685
f 686/763/686 688/765/688 607/679/607
f 685/762/685 689/766/689 686/763/686
f 686/763/686 689/766/689 688/765/688
f 688/765/688 690/767/690 607/679/607
f 690/767/690 677/753/677 635/707/635
f 675/751/675 690/767/690 688/765/688
f 675/751/675 688/765/688 689/766/689
f 675/751/675 677/753/677 690/767/690
f 635/707/635 677/753/677 636/708/636
f 685/762/685 691/768/691 692/769/692
f 693/770/693 689/766/689 692/769/692
f 694/771/694 689/766/689 693/770/693
f 693/770/693 692/769/692 695/772/695
f 696/773/696 697/774/697 695/772/695
f 698/775/698 695/776/695 699/777/699
f 699/777/699 700/778/700 698/775/698
f 701/779/701 700/778/700 699/777/699
f 693/780/693 698/775/698 694/781/694
f 698/775/698 693/780/693 695/776/695
f 702/782/702 676/783/676 694/781/694
f 694/781/694 698/775/698 703/784/703
f 703/784/703 702/782/702 694/781/694
f 661/735/661 702/782/702 669/744/669
f 684/785/684 702/782/702 660/734/660
f 700/778/700 703/784/703 698/775/698
f 703/784/703 669/744/669 702/782/702
f 669/744/669 703/784/703 700/778/700
f 704/786/704 705/787/705 666/741/666
f 706/788/706 707/789/707 708/790/708
f 708/790/708 707/789/707 709/791/709
f 706/788/706 710/792/710 711/793/711
f 711/793/711 707/789/707 706/788/706
f 712/794/712 713/795/713 708/790/708
f 714/796/714 711/793/711 710/792/710
f 714/796/714 715/797/715 711/793/711
f 716/798/716 717/799/717 718/800/718
f 716/798/716 718/800/718 719/801/719
f 717/799/717 720/802/720 718/800/718
f 718/800/718 720/802/720 721/803/721
f 721/803/721 720/802/720 710/792/710
f 722/804/722 723/805/723 724/806/724
f 716/798/716 719/801/719 725/807/725
f 719/801/719 718/800/718 713/795/713
f 719/801/719 713/795/713 722/804/722
f 713/795/713 712/794/712 722/804/722
f 722/804/722 712/794/712 723/805/723
f 723/805/723 712/794/712 726/808/726
f 721/803/721 710/792/710 706/788/706
f 718/800/718 721/803/721 727/809/727
f 713/795/713 718/800/718 727/809/727
f 727/809/727 721/803/721 706/788/706
f 708/790/708 728/810/728 726/808/726
f 727/809/727 706/788/706 708/790/708
f 712/794/712 708/790/708 726/808/726
f 727/809/727 708/790/708 713/795/713
f 708/790/708 709/791/709 728/810/728
f 726/808/726 728/810/728 729/811/729
f 728/810/728 730/812/730 729/811/729
f 728/810/728 709/791/709 731/813/731
f 732/814/732 733/815/733 687/764/687
f 734/816/734 733/815/733 732/814/732
f 735/817/735 734/816/734 736/818/736
f 735/817/735 736/818/736 737/819/737
f 736/818/736 738/820/738 737/819/737
f 735/817/735 733/815/733 734/816/734
f 735/817/735 691/768/691 733/815/733
f 735/817/735 696/773/696 691/768/691
f 737/819/737 696/773/696 735/817/735
f 739/821/739 696/773/696 737/819/737
f 692/769/692 691/768/691 696/773/696
f 738/820/738 740/822/740 737/819/737
f 737/819/737 740/822/740 739/821/739
f 741/823/741 725/807/725 740/824/740
f 699/777/699 695/776/695 697/825/697
f 697/825/697 742/826/742 699/777/699
f 742/826/742 701/779/701 699/777/699
f 742/826/742 743/827/743 701/779/701
f 743/827/743 744/828/744 701/779/701
f 724/806/724 723/805/723 744/828/744
f 744/828/744 704/786/704 701/779/701
f 744/828/744 745/829/745 704/786/704
f 723/805/723 745/829/745 744/828/744
f 746/830/746 704/786/704 745/829/745
f 704/786/704 746/830/746 705/787/705
f 746/830/746 658/732/658 705/787/705
f 745/829/745 747/831/747 746/830/746
f 747/831/747 748/832/748 746/830/746
f 749/833/749 746/830/746 748/832/748
f 746/830/746 749/833/749 658/732/658
f 748/832/748 747/831/747 749/833/749
f 729/811/729 730/812/730 750/834/750
f 747/831/747 750/834/750 749/833/749
f 733/815/733 685/762/685 687/764/687
f 751/835/751 752/836/752 753/837/753
f 753/837/753 752/836/752 716/798/716
f 754/838/754 734/816/734 732/814/732
f 755/839/755 738/820/738 736/818/736
f 756/840/756 732/814/732 757/841/757
f 732/814/732 687/764/687 757/841/757
f 715/797/715 714/796/714 758/842/758
f 752/836/752 759/843/759 717/799/717
f 760/844/760 720/802/720 717/799/717
f 758/842/758 761/845/761 762/846/762
f 675/751/675 674/750/674 677/753/677
f 677/753/677 678/754/678 636/708/636
f 691/768/691 685/762/685 733/815/733
f 685/762/685 692/769/692 689/766/689
f 696/773/696 695/772/695 692/769/692
f 700/778/700 701/779/701 704/786/704
f 702/782/702 684/785/684 676/783/676
f 710/792/710 720/802/720 714/796/714
f 749/833/749 659/733/659 658/732/658
f 752/836/752 717/799/717 716/798/716
f 715/797/715 758/842/758 762/846/762
f 760/844/760 714/796/714 720/802/720
f 763/847/763 764/848/764 765/849/765
f 766/850/766 767/851/767 768/852/768
f 764/848/764 769/853/769 766/850/766
f 766/850/766 770/854/770 767/851/767
f 769/853/769 770/854/770 766/850/766
f 770/854/770 769/853/769 771/855/771
f 772/856/772 773/857/773 774/858/774
f 775/859/775 773/857/773 776/860/776
f 777/861/777 778/862/778 763/847/763
f 763/847/763 778/862/778 774/858/774
f 774/858/774 779/863/779 763/847/763
f 774/858/774 773/857/773 780/864/780
f 773/857/773 775/859/775 780/864/780
f 779/863/779 780/864/780 781/865/781
f 775/859/775 781/865/781 780/864/780
f 779/863/779 781/865/781 782/866/782
f 779/863/779 769/853/769 764/848/764
f 779/863/779 782/866/782 769/853/769
f 783/867/783 776/860/776 784/868/784
f 776/860/776 785/869/785 775/859/775
f 783/867/783 785/869/785 776/860/776
f 785/869/785 783/867/783 786/870/786
f 787/871/787 775/859/775 785/869/785
f 785/869/785 788/872/788 787/871/787
f 789/873/789 790/874/790 791/875/791
f 791/875/791 792/876/792 793/877/793
f 790/874/790 792/876/792 791/875/791
f 789/873/789 794/878/794 790/874/790
f 795/879/795 790/874/790 796/880/796
f 796/880/796 797/881/797 795/879/795
f 790/874/790 795/879/795 784/868/784
f 795/879/795 797/881/797 784/868/784
f 790/874/790 772/856/772 792/876/792
f 792/876/792 772/856/772 798/882/798
f 790/874/790 799/883/799 772/856/772
f 798/882/798 772/856/772 778/862/778
f 778/862/778 772/856/772 774/858/774
f 790/874/790 784/868/784 799/883/799
f 784/868/784 776/860/776 799/883/799
f 799/883/799 773/857/773 772/856/772
f 773/857/773 799/883/799 776/860/776
f 771/855/771 769/853/769 800/884/800
f 801/885/801 786/870/786 783/867/783
f 786/870/786 788/872/788 785/869/785
f 545/612/545 788/872/788 563/630/563
f 788/872/788 545/612/545 787/871/787
f 787/871/787 545/612/545 802/886/802
f 803/887/803 804/888/804 805/889/805
f 805/889/805 804/888/804 806/890/806
f 803/887/803 638/710/638 804/888/804
f 638/710/638 637/709/637 804/888/804
f 804/888/804 642/716/642 806/890/806
f 804/888/804 637/709/637 642/716/642
f 807/891/807 808/892/808 809/893/809
f 810/894/810 811/895/811 805/889/805
f 805/889/805 812/896/812 810/894/810
f 813/897/813 814/898/814 807/891/807
f 807/891/807 809/893/809 813/897/813
f 811/895/811 813/899/813 809/900/809
f 805/889/805 811/895/811 809/900/809
f 809/900/809 803/887/803 805/889/805
f 812/896/812 806/890/806 815/901/815
f 805/889/805 806/890/806 812/896/812
f 801/885/801 816/902/816 815/901/815
f 812/896/812 815/901/815 816/902/816
f 815/901/815 817/903/817 801/885/801
f 806/890/806 817/903/817 815/901/815
f 642/716/642 817/903/817 806/890/806
f 797/881/797 816/902/816 818/904/818
f 816/902/816 801/885/801 818/904/818
f 819/905/819 786/870/786 801/885/801
f 801/885/801 817/903/817 819/905/819
f 819/905/819 817/903/817 643/717/643
f 643/717/643 788/872/788 819/905/819
f 817/903/817 642/716/642 643/717/643
f 820/906/820 821/907/821 814/898/814
f 814/898/814 821/907/821 807/891/807
f 822/908/822 823/909/823 824/910/824
f 825/911/825 826/912/826 827/913/827
f 827/913/827 826/912/826 828/914/828
f 826/912/826 829/915/829 828/914/828
f 829/915/829 826/912/826 830/916/830
f 831/917/831 832/918/832 824/910/824
f 825/911/825 833/919/833 822/920/822
f 825/911/825 834/921/834 833/919/833
f 825/911/825 822/920/822 826/912/826
f 835/922/835 822/920/822 833/919/833
f 836/923/836 834/921/834 837/924/837
f 838/925/838 814/898/814 813/897/813
f 839/926/839 820/906/820 814/898/814
f 838/925/838 839/926/839 814/898/814
f 831/917/831 840/927/840 839/926/839
f 840/927/840 820/906/820 839/926/839
f 841/928/841 820/906/820 840/927/840
f 837/924/837 834/921/834 842/929/842
f 834/921/834 825/911/825 842/929/842
f 825/911/825 827/913/827 843/930/843
f 844/931/844 845/932/845 810/894/810
f 844/931/844 810/894/810 846/933/846
f 847/934/847 837/924/837 842/929/842
f 847/934/847 842/929/842 789/873/789
f 848/935/848 849/936/849 850/937/850
f 850/937/850 849/936/849 835/922/835
f 848/938/848 851/939/851 849/940/849
f 851/939/851 848/938/848 852/941/852
f 853/942/853 854/943/854 852/941/852
f 852/941/852 854/943/854 851/939/851
f 855/944/855 856/945/856 857/946/857
f 857/946/857 856/945/856 840/927/840
f 858/947/858 855/944/855 857/946/857
f 854/943/854 853/942/853 859/948/859
f 812/896/812 816/902/816 846/933/846
f 821/907/821 808/892/808 807/891/807
f 849/940/849 823/909/823 822/908/822
f 824/910/824 857/946/857 831/917/831
f 857/946/857 840/927/840 831/917/831
f 846/933/846 810/894/810 812/896/812
f 845/932/845 811/895/811 810/894/810
f 835/922/835 849/936/849 822/920/822
f 860/949/860 803/950/803 861/951/861
f 862/952/862 863/953/863 864/954/864
f 864/954/864 863/953/863 865/955/865
f 862/952/862 866/956/866 863/953/863
f 867/957/867 866/956/866 862/952/862
f 863/953/863 868/958/868 869/959/869
f 863/953/863 866/956/866 868/958/868
f 866/956/866 870/960/870 868/958/868
f 863/953/863 871/961/871 865/955/865
f 868/958/868 870/960/870 872/962/872
f 870/960/870 645/719/645 872/962/872
f 872/962/872 644/718/644 873/963/873
f 873/963/873 644/718/644 646/720/646
f 864/954/864 865/955/865 841/928/841
f 841/928/841 865/955/865 874/964/874
f 874/964/874 865/955/865 871/961/871
f 841/928/841 874/964/874 821/907/821
f 875/965/875 874/964/874 876/966/876
f 808/892/808 875/965/875 861/951/861
f 641/715/641 861/951/861 875/965/875
f 875/965/875 876/966/876 641/715/641
f 641/715/641 876/966/876 877/967/877
f 878/968/878 879/969/879 856/945/856
f 880/970/880 862/952/862 879/969/879
f 862/952/862 881/971/881 879/969/879
f 856/945/856 879/969/879 881/971/881
f 881/971/881 862/952/862 864/954/864
f 882/972/882 879/969/879 878/968/878
f 882/972/882 883/973/883 879/969/879
f 884/974/884 882/972/882 885/975/885
f 855/944/855 882/972/882 878/968/878
f 886/976/886 881/971/881 864/954/864
f 887/977/887 888/978/888 889/979/889
f 887/977/887 890/980/890 888/978/888
f 887/977/887 891/981/891 890/980/890
f 887/977/887 892/982/892 891/981/891
f 892/982/892 893/983/893 891/981/891
f 894/984/894 751/985/751 893/983/893
f 751/985/751 894/984/894 895/986/895
f 751/835/751 895/987/895 896/988/896
f 897/989/897 898/990/898 899/991/899
f 898/990/898 895/986/895 894/984/894
f 900/992/900 732/814/732 756/840/756
f 889/979/889 888/978/888 901/993/901
f 899/991/899 902/994/902 903/995/903
f 902/994/902 899/991/899 892/982/892
f 899/991/899 898/990/898 894/984/894
f 902/994/902 892/982/892 889/979/889
f 892/982/892 887/977/887 889/979/889
f 899/991/899 894/984/894 892/982/892
f 894/984/894 893/983/893 892/982/892
f 867/957/867 904/996/904 866/956/866
f 904/996/904 905/997/905 866/956/866
f 905/997/905 906/998/906 866/956/866
f 904/996/904 907/999/907 905/997/905
f 905/997/905 907/999/907 756/840/756
f 901/993/901 888/978/888 907/999/907
f 906/998/906 905/997/905 756/840/756
f 908/1000/908 909/1001/909 910/1002/910
f 909/1001/909 911/1003/911 912/1004/912
f 909/1001/909 912/1004/912 913/1005/913
f 909/1001/909 913/1005/913 914/1006/914
f 912/1004/912 915/1007/915 916/1008/916
f 917/1009/917 897/989/897 899/991/899
f 910/1002/910 914/1006/914 918/1010/918
f 919/1011/919 918/1010/918 920/1012/920
f 910/1002/910 918/1010/918 921/1013/921
f 921/1013/921 918/1010/918 919/1011/919
f 914/1006/914 922/1014/922 918/1010/918
f 918/1010/918 922/1014/922 920/1012/920
f 920/1012/920 923/1015/923 924/1016/924
f 909/1001/909 914/1006/914 910/1002/910
f 920/1012/920 922/1014/922 923/1015/923
f 924/1016/924 889/979/889 901/993/901
f 922/1014/922 925/1017/925 923/1015/923
f 925/1017/925 926/1018/926 923/1015/923
f 925/1017/925 903/995/903 926/1018/926
f 927/1019/927 928/1020/928 883/973/883
f 929/1021/929 928/1020/928 930/1022/930
f 931/1023/931 921/1013/921 919/1011/919
f 930/1022/930 932/1024/932 929/1021/929
f 919/1011/919 920/1012/920 933/1025/933
f 930/1022/930 934/1026/934 932/1024/932
f 934/1026/934 867/957/867 932/1024/932
f 930/1022/930 935/1027/935 934/1026/934
f 935/1027/935 936/1028/936 934/1026/934
f 933/1025/933 935/1027/935 930/1022/930
f 933/1025/933 901/993/901 935/1027/935
f 882/972/882 884/974/884 883/973/883
f 884/974/884 927/1019/927 883/973/883
f 937/1029/937 927/1019/927 884/974/884
f 938/1030/938 931/1023/931 937/1029/937
f 921/1013/921 931/1023/931 938/1030/938
f 927/1019/927 937/1029/937 931/1023/931
f 931/1023/931 939/1031/939 927/1019/927
f 940/1032/940 911/1003/911 941/1033/941
f 911/1003/911 908/1000/908 941/1033/941
f 942/1034/942 911/1003/911 940/1032/940
f 943/1035/943 944/1036/944 945/1037/945
f 943/1035/943 946/1038/946 944/1036/944
f 944/1036/944 947/1039/947 945/1037/945
f 947/1039/947 948/1040/948 945/1037/945
f 945/1037/945 948/1040/948 859/948/859
f 948/1040/948 947/1039/947 937/1029/937
f 949/1041/949 944/1036/944 946/1038/946
f 944/1036/944 949/1041/949 947/1039/947
f 886/976/886 864/954/864 841/928/841
f 926/1018/926 902/994/902 889/979/889
f 934/1026/934 904/996/904 867/957/867
f 936/1028/936 935/1027/935 904/996/904
f 935/1027/935 907/999/907 904/996/904
f 870/960/870 866/956/866 906/998/906
f 908/1000/908 911/1003/911 909/1001/909
f 936/1028/936 904/996/904 934/1026/934
f 935/1027/935 901/993/901 907/999/907
f 948/1040/948 937/1029/937 884/974/884
f 911/1003/911 942/1034/942 912/1004/912
f 950/1042/950 951/1043/951 952/1044/952
f 951/1045/951 953/1046/953 952/1047/952
f 950/1042/950 952/1044/952 954/1048/954
f 955/1049/955 954/1048/954 952/1044/952
f 952/1047/952 956/1050/956 955/1051/955
f 953/1046/953 956/1050/956 952/1047/952
f 955/1051/955 956/1050/956 957/1052/957
f 956/1050/956 958/1053/958 957/1052/957
f 955/1051/955 957/1052/957 897/1054/897
f 957/1052/957 958/1053/958 959/1055/959
f 957/1052/957 959/1055/959 960/1056/960
f 953/1046/953 958/1053/958 956/1050/956
f 953/1046/953 961/1057/961 958/1053/958
f 962/1058/962 959/1055/959 958/1053/958
f 962/1058/962 958/1053/958 961/1057/961
f 960/1056/960 959/1055/959 963/1059/963
f 960/1056/960 963/1059/963 964/1060/964
f 959/1055/959 962/1058/962 965/1061/965
f 965/1061/965 963/1059/963 959/1055/959
f 964/1060/964 963/1059/963 759/843/759
f 963/1059/963 760/844/760 759/843/759
f 961/1057/961 966/1062/966 962/1058/962
f 967/1063/967 966/1062/966 968/1064/968
f 962/1058/962 966/1062/966 967/1063/967
f 965/1061/965 962/1058/962 967/1063/967
f 965/1061/965 967/1063/967 761/845/761
f 967/1063/967 968/1064/968 969/1065/969
f 969/1065/969 970/1066/970 967/1063/967
f 761/845/761 967/1063/967 970/1066/970
f 971/1067/971 950/1042/950 954/1048/954
f 536/603/536 537/604/537 548/615/548
f 530/597/530 529/596/529 541/608/541
f 800/884/800 542/609/542 543/610/543
f 545/612/545 544/611/544 802/886/802
f 543/610/543 540/607/540 771/855/771
f 537/604/537 559/626/559 546/613/546
f 537/604/537 546/613/546 548/615/548
f 558/625/558 546/613/546 559/626/559
f 570/638/570 546/613/546 558/625/558
f 577/647/577 606/678/606 683/759/683
f 606/678/606 577/647/577 578/648/578
f 606/678/606 599/671/599 683/759/683
f 686/763/686 609/681/609 647/721/647
f 609/681/609 686/763/686 607/679/607
f 607/679/607 690/767/690 634/706/634
f 690/767/690 635/707/635 634/706/634
f 636/708/636 596/668/596 622/694/622
f 563/630/563 531/598/531 545/612/545
f 860/949/860 639/713/639 638/712/638
f 860/949/860 640/714/640 639/713/639
f 640/714/640 860/949/860 641/715/641
f 643/717/643 563/630/563 788/872/788
f 645/719/645 644/718/644 872/962/872
f 877/967/877 633/705/633 648/722/648
f 646/720/646 633/705/633 877/967/877
f 687/764/687 647/721/647 870/960/870
f 531/598/531 563/630/563 538/605/538
f 870/960/870 647/721/647 645/719/645
f 656/730/656 683/759/683 653/727/653
f 681/757/681 651/725/651 682/758/682
f 682/758/682 651/725/651 653/727/653
f 681/757/681 673/761/673 651/725/651
f 658/732/658 657/731/657 705/787/705
f 661/735/661 660/734/660 702/782/702
f 666/741/666 668/743/668 669/744/669
f 667/742/667 666/741/666 672/747/672
f 672/747/672 666/741/666 705/787/705
f 705/787/705 657/731/657 672/747/672
f 574/644/574 577/647/577 575/645/575
f 673/748/673 684/785/684 660/734/660
f 597/669/597 682/758/682 683/759/683
f 597/669/597 683/759/683 599/671/599
f 656/730/656 577/647/577 683/759/683
f 680/756/680 684/760/684 673/761/673
f 596/668/596 679/755/679 597/669/597
f 597/669/597 679/755/679 682/758/682
f 891/981/891 755/839/755 890/980/890
f 751/835/751 896/988/896 752/836/752
f 900/992/900 754/838/754 732/814/732
f 900/992/900 890/980/890 754/838/754
f 870/960/870 757/841/757 687/764/687
f 963/1059/963 758/842/758 714/796/714
f 964/1060/964 759/843/759 752/836/752
f 717/799/717 759/843/759 760/844/760
f 760/844/760 963/1059/963 714/796/714
f 965/1061/965 758/842/758 963/1059/963
f 636/708/636 678/754/678 596/668/596
f 752/836/752 896/988/896 964/1060/964
f 794/878/794 796/880/796 790/874/790
f 818/904/818 784/868/784 797/881/797
f 771/855/771 800/884/800 543/610/543
f 786/870/786 819/905/819 788/872/788
f 783/867/783 784/868/784 818/904/818
f 847/934/847 789/873/789 791/875/791
f 803/950/803 809/893/809 808/892/808
f 803/950/803 808/892/808 861/951/861
f 860/949/860 638/712/638 803/950/803
f 841/928/841 821/907/821 820/906/820
f 855/944/855 858/947/858 882/972/882
f 840/927/840 856/945/856 886/976/886
f 801/885/801 783/867/783 818/904/818
f 821/907/821 875/965/875 808/892/808
f 648/722/648 641/715/641 877/967/877
f 840/927/840 886/976/886 841/928/841
f 858/947/858 885/975/885 882/972/882
f 855/944/855 878/968/878 856/945/856
f 856/945/856 881/971/881 886/976/886
f 888/978/888 890/980/890 900/992/900
f 891/981/891 893/983/893 753/1068/753
f 751/985/751 753/1068/753 893/983/893
f 756/840/756 757/841/757 906/998/906
f 906/998/906 757/841/757 870/960/870
f 945/1037/945 859/948/859 853/942/853
f 853/942/853 943/1035/943 945/1037/945
f 971/1067/971 954/1048/954 972/1069/972
f 861/951/861 641/715/641 860/949/860
f 898/1070/898 897/1054/897 960/1056/960
f 955/1049/955 917/1009/917 972/1069/972
f 915/1007/915 971/1067/971 916/1008/916
f 955/1049/955 972/1069/972 954/1048/954
f 955/1049/955 897/989/897 917/1009/917
f 957/1052/957 960/1056/960 897/1054/897
f 965/1061/965 761/845/761 758/842/758
f 915/1007/915 950/1042/950 971/1067/971
f 973/1071/973 974/1072/974 975/1073/975
f 976/1074/976 977/1075/977 978/1076/978
f 975/1073/975 978/1076/978 973/1071/973
f 979/1077/979 980/1078/980 981/1079/981
f 980/1078/980 974/1072/974 981/1079/981
f 982/1080/982 983/1081/983 984/1082/984
f 984/1082/984 985/1083/985 982/1080/982
f 986/1084/986 987/1085/987 988/1086/988
f 987/1085/987 989/1087/989 990/1088/990
f 987/1085/987 990/1088/990 988/1086/988
f 989/1087/989 991/1089/991 990/1088/990
f 991/1089/991 992/1090/992 993/1091/993
f 994/1092/994 995/1093/995 996/1094/996
f 995/1093/995 997/1095/997 996/1094/996
f 997/1095/997 998/1096/998 996/1094/996
f 996/1094/996 998/1096/998 999/1097/999
f 998/1096/998 989/1087/989 999/1097/999
f 998/1096/998 997/1095/997 1000/1098/1000
f 999/1097/999 987/1085/987 986/1084/986
f 989/1087/989 987/1085/987 999/1097/999
f 998/1096/998 992/1090/992 989/1087/989
f 1000/1098/1000 992/1090/992 998/1096/998
f 991/1089/991 989/1087/989 992/1090/992
f 1000/1098/1000 993/1091/993 992/1090/992
f 1001/1099/1001 1002/1100/1002 994/1092/994
f 1002/1100/1002 995/1093/995 994/1092/994
f 1003/1101/1003 1004/1102/1004 1005/1103/1005
f 1001/1099/1001 994/1092/994 1004/1102/1004
f 994/1092/994 1006/1104/1006 1004/1102/1004
f 1005/1103/1005 1004/1102/1004 1006/1104/1006
f 994/1092/994 996/1094/996 1006/1104/1006
f 996/1094/996 999/1097/999 1006/1104/1006
f 1005/1103/1005 986/1084/986 1007/1105/1007
f 1006/1104/1006 999/1097/999 1005/1103/1005
f 1005/1103/1005 999/1097/999 986/1084/986
f 988/1086/988 1008/1106/1008 1009/1107/1009
f 1008/1106/1008 1010/1108/1010 1009/1107/1009
f 1009/1107/1009 1010/1108/1010 1011/1109/1011
f 1008/1106/1008 976/1074/976 1010/1108/1010
f 1011/1109/1011 1010/1108/1010 1012/1110/1012
f 1010/1108/1010 1013/1111/1013 1012/1110/1012
f 1010/1108/1010 976/1074/976 1013/1111/1013
f 1012/1110/1012 1013/1111/1013 975/1073/975
f 980/1078/980 1012/1110/1012 975/1073/975
f 1014/1112/1014 1015/1113/1015 1016/1114/1016
f 1017/1115/1017 1016/1114/1016 1015/1113/1015
f 1014/1112/1014 1016/1114/1016 1018/1116/1018
f 1014/1112/1014 1018/1116/1018 1019/1117/1019
f 1016/1114/1016 1020/1118/1020 1018/1116/1018
f 1016/1114/1016 1021/1119/1021 1020/1118/1020
f 1020/1118/1020 1021/1119/1021 979/1077/979
f 1022/1120/1022 980/1078/980 979/1077/979
f 979/1077/979 985/1083/985 1020/1118/1020
f 1018/1116/1018 1020/1118/1020 985/1083/985
f 1018/1116/1018 984/1082/984 1019/1117/1019
f 1003/1101/1003 1007/1105/1007 1023/1121/1023
f 1024/1122/1024 1023/1121/1023 1025/1123/1025
f 1026/1124/1026 1027/1125/1027 1023/1121/1023
f 988/1086/988 1009/1107/1009 1026/1124/1026
f 1027/1125/1027 1028/1126/1028 1025/1123/1025
f 1027/1125/1027 1015/1113/1015 1028/1126/1028
f 1023/1121/1023 1027/1125/1027 1025/1123/1025
f 1027/1125/1027 1029/1127/1029 1017/1115/1017
f 1028/1126/1028 1015/1113/1015 1030/1128/1030
f 1027/1125/1027 1017/1115/1017 1015/1113/1015
f 1029/1127/1029 1021/1119/1021 1017/1115/1017
f 1017/1115/1017 1021/1119/1021 1016/1114/1016
f 1026/1124/1026 1029/1127/1029 1027/1125/1027
f 1011/1109/1011 1029/1127/1029 1026/1124/1026
f 1009/1107/1009 1011/1109/1011 1026/1124/1026
f 1022/1120/1022 979/1077/979 1021/1119/1021
f 1011/1109/1011 1022/1120/1022 1029/1127/1029
f 1021/1119/1021 1029/1127/1029 1022/1120/1022
f 1011/1109/1011 1012/1110/1012 1022/1120/1022
f 1012/1110/1012 980/1078/980 1022/1120/1022
f 1003/1101/1003 1023/1121/1023 1024/1122/1024
f 1031/1129/1031 1032/1130/1032 1033/1131/1033
f 1031/1129/1031 1014/1112/1014 1032/1130/1032
f 1014/1112/1014 1019/1117/1019 1032/1130/1032
f 1034/1132/1034 1024/1122/1024 1025/1123/1025
f 983/1081/983 1035/1133/1035 1019/1117/1019
f 983/1081/983 1036/1134/1036 1035/1133/1035
f 1033/1131/1033 1032/1130/1032 1037/1135/1037
f 1037/1135/1037 1038/1136/1038 1039/1137/1039
f 1037/1135/1037 1040/1138/1040 1038/1136/1038
f 1035/1133/1035 1036/1134/1036 1040/1138/1040
f 1041/1139/1041 1001/1099/1001 1042/1140/1042
f 1043/1141/1043 1042/1140/1042 1044/1142/1044
f 1045/1143/1045 1046/1144/1046 1044/1142/1044
f 1046/1144/1046 1045/1143/1045 1047/1145/1047
f 1047/1145/1047 1045/1143/1045 1024/1122/1024
f 1048/1146/1048 1034/1132/1034 1049/1147/1049
f 1047/1145/1047 1034/1132/1034 1048/1146/1048
f 1050/1148/1050 1051/1149/1051 1052/1150/1052
f 976/1074/976 978/1076/978 1013/1111/1013
f 974/1072/974 980/1078/980 975/1073/975
f 1013/1111/1013 978/1076/978 975/1073/975
f 1019/1117/1019 984/1082/984 983/1081/983
f 1004/1102/1004 1003/1101/1003 1044/1142/1044
f 1003/1101/1003 1045/1143/1045 1044/1142/1044
f 1003/1101/1003 1024/1122/1024 1045/1143/1045
f 1007/1105/1007 1003/1101/1003 1005/1103/1005
f 1018/1116/1018 985/1083/985 984/1082/984
f 1031/1129/1031 1033/1131/1033 1053/1151/1053
f 1051/1149/1051 1033/1131/1033 1037/1135/1037
f 1004/1102/1004 1044/1142/1044 1042/1140/1042
f 1042/1140/1042 1001/1099/1001 1004/1102/1004
f 1024/1122/1024 1034/1132/1034 1047/1145/1047
f 1028/1126/1028 1049/1147/1049 1034/1132/1034
f 1034/1132/1034 1025/1123/1025 1028/1126/1028
f 1051/1149/1051 1037/1135/1037 1052/1150/1052
f 1054/1152/1054 1055/1153/1055 1056/1154/1056
f 1039/1137/1039 1057/1155/1057 1054/1152/1054
f 1055/1153/1055 1054/1152/1054 1057/1155/1057
f 1058/1156/1058 1059/1157/1059 1060/1158/1060
f 1060/1158/1060 1059/1157/1059 1061/1159/1061
f 1062/1160/1062 1060/1161/1060 1063/1162/1063
f 1064/1163/1064 1063/1164/1063 1060/1158/1060
f 1065/1165/1065 1064/1163/1064 1061/1159/1061
f 1060/1161/1060 1062/1160/1062 1066/1166/1066
f 1060/1161/1060 1066/1166/1066 1058/1167/1058
f 1065/1165/1065 1061/1159/1061 1067/1168/1067
f 1060/1158/1060 1061/1159/1061 1064/1163/1064
f 1068/1169/1068 1069/1170/1069 1070/1171/1070
f 1069/1170/1069 1071/1172/1071 1070/1171/1070
f 1072/1173/1072 1068/1169/1068 1073/1174/1073
f 1073/1174/1073 1068/1169/1068 1070/1171/1070
f 1074/1175/1074 1075/1176/1075 1073/1174/1073
f 1070/1171/1070 1074/1175/1074 1073/1174/1073
f 1076/1177/1076 1075/1176/1075 1074/1175/1074
f 1075/1176/1075 1076/1177/1076 1077/1178/1077
f 1075/1176/1075 1077/1178/1077 1078/1179/1078
f 1079/1180/1079 1077/1178/1077 1076/1177/1076
f 1075/1176/1075 1078/1179/1078 1080/1181/1080
f 1081/1182/1081 1082/1183/1082 1078/1179/1078
f 1081/1182/1081 1078/1179/1078 1077/1178/1077
f 1079/1180/1079 1083/1184/1083 1077/1178/1077
f 1083/1184/1083 1081/1182/1081 1077/1178/1077
f 1084/1185/1084 1085/1186/1085 1086/1187/1086
f 1071/1172/1071 1084/1185/1084 1074/1175/1074
f 1084/1185/1084 1071/1172/1071 1085/1186/1085
f 1087/1188/1087 1088/1189/1088 1084/1185/1084
f 1086/1187/1086 1087/1188/1087 1084/1185/1084
f 1070/1171/1070 1071/1172/1071 1074/1175/1074
f 1088/1189/1088 1074/1175/1074 1084/1185/1084
f 1089/1190/1089 1090/1191/1090 1091/1192/1091
f 1089/1190/1089 1092/1193/1092 1090/1191/1090
f 1093/1194/1093 1094/1195/1094 1090/1191/1090
f 1090/1191/1090 1092/1193/1092 1093/1194/1093
f 1082/1183/1082 1092/1193/1092 1089/1190/1089
f 1079/1180/1079 1076/1177/1076 1095/1196/1095
f 1079/1180/1079 1095/1196/1095 1043/1141/1043
f 1043/1141/1043 1095/1196/1095 1041/1139/1041
f 1043/1141/1043 1096/1197/1096 1079/1180/1079
f 1089/1190/1089 1091/1192/1091 1072/1173/1072
f 1080/1181/1080 1072/1173/1072 1073/1174/1073
f 1089/1190/1089 1072/1173/1072 1080/1181/1080
f 1082/1183/1082 1089/1190/1089 1080/1181/1080
f 1080/1181/1080 1078/1179/1078 1082/1183/1082
f 1073/1174/1073 1075/1176/1075 1080/1181/1080
f 1074/1175/1074 1088/1189/1088 1076/1177/1076
f 1097/1198/1097 1095/1196/1095 1076/1177/1076
f 1097/1198/1097 1076/1177/1076 1088/1189/1088
f 1087/1188/1087 1097/1198/1097 1088/1189/1088
f 1068/1169/1068 1072/1173/1072 1098/1199/1098
f 1098/1199/1098 1072/1173/1072 1091/1192/1091
f 1094/1195/1094 1099/1200/1099 1091/1192/1091
f 1090/1191/1090 1094/1195/1094 1091/1192/1091
f 1094/1195/1094 1093/1194/1093 1100/1201/1100
f 1082/1183/1082 1081/1182/1081 1101/1202/1101
f 1101/1202/1101 1081/1182/1081 1102/1203/1102
f 1081/1182/1081 1083/1184/1083 1103/1204/1103
f 1104/1205/1104 1102/1203/1102 1081/1182/1081
f 1103/1204/1103 1104/1205/1104 1081/1182/1081
f 1105/1206/1105 1106/1207/1106 1104/1205/1104
f 1107/1208/1107 1105/1206/1105 1104/1205/1104
f 1103/1204/1103 1107/1208/1107 1104/1205/1104
f 1108/1209/1108 1107/1208/1107 1103/1204/1103
f 1100/1201/1100 1093/1194/1093 1109/1210/1109
f 1110/1211/1110 1111/1212/1111 1109/1210/1109
f 1112/1213/1112 1109/1210/1109 1093/1194/1093
f 1093/1194/1093 1092/1193/1092 1112/1213/1112
f 1112/1213/1112 1092/1193/1092 1101/1202/1101
f 1109/1210/1109 1113/1214/1113 1110/1211/1110
f 1109/1210/1109 1112/1213/1112 1113/1214/1113
f 1112/1213/1112 1102/1203/1102 1113/1214/1113
f 1082/1183/1082 1101/1202/1101 1092/1193/1092
f 1101/1202/1101 1102/1203/1102 1112/1213/1112
f 1102/1203/1102 1104/1205/1104 1106/1207/1106
f 1111/1212/1111 1100/1201/1100 1109/1210/1109
f 1114/1215/1114 1087/1188/1087 1115/1216/1115
f 1087/1188/1087 1114/1215/1114 1097/1198/1097
f 1097/1198/1097 1114/1215/1114 1116/1217/1116
f 1065/1165/1065 1114/1215/1114 1115/1216/1115
f 1114/1215/1114 1065/1165/1065 1116/1217/1116
f 1097/1198/1097 1041/1139/1041 1095/1196/1095
f 1116/1217/1116 1041/1139/1041 1097/1198/1097
f 1116/1217/1116 1001/1099/1001 1041/1139/1041
f 1117/1218/1117 1118/1219/1118 1119/1220/1119
f 1119/1221/1119 1085/1186/1085 1117/1222/1117
f 1119/1221/1119 1086/1187/1086 1085/1186/1085
f 1120/1223/1120 1117/1222/1117 1069/1170/1069
f 1117/1222/1117 1085/1186/1085 1069/1170/1069
f 1071/1172/1071 1069/1170/1069 1085/1186/1085
f 1120/1224/1120 1121/1225/1121 1122/1226/1122
f 1123/1227/1123 1121/1225/1121 1124/1228/1124
f 1098/1199/1098 1125/1229/1125 1124/1230/1124
f 1125/1229/1125 1098/1199/1098 1126/1231/1126
f 1098/1199/1098 1124/1230/1124 1121/1232/1121
f 1126/1231/1126 1098/1199/1098 1091/1192/1091
f 1091/1192/1091 1099/1200/1099 1126/1231/1126
f 1120/1224/1120 1122/1226/1122 1127/1233/1127
f 1128/1234/1128 1129/1235/1129 1130/1236/1130
f 1129/1235/1129 1131/1237/1131 1132/1238/1132
f 1130/1236/1130 1129/1235/1129 1133/1239/1133
f 1134/1240/1134 1130/1236/1130 1133/1239/1133
f 1129/1235/1129 1132/1238/1132 1133/1239/1133
f 1134/1240/1134 1135/1241/1135 1130/1236/1130
f 1132/1238/1132 1136/1242/1136 1133/1239/1133
f 1134/1240/1134 1127/1233/1127 1122/1226/1122
f 1133/1239/1133 1127/1233/1127 1134/1240/1134
f 1133/1239/1133 1136/1242/1136 1127/1233/1127
f 1117/1218/1117 1120/1224/1120 1127/1233/1127
f 1127/1233/1127 1136/1242/1136 1118/1219/1118
f 1118/1219/1118 1117/1218/1117 1127/1233/1127
f 1137/1243/1137 1138/1244/1138 1139/1245/1139
f 1140/1246/1140 1086/1187/1086 1119/1221/1119
f 1141/1247/1141 1086/1187/1086 1140/1246/1140
f 1115/1216/1115 1086/1187/1086 1141/1247/1141
f 1140/1246/1140 1139/1248/1139 1141/1247/1141
f 1141/1247/1141 1063/1164/1063 1115/1216/1115
f 1115/1216/1115 1063/1164/1063 1065/1165/1065
f 1138/1244/1138 1142/1249/1142 1143/1250/1143
f 1138/1244/1138 1143/1250/1143 1139/1245/1139
f 1141/1247/1141 1139/1248/1139 1063/1164/1063
f 1132/1238/1132 1131/1237/1131 1144/1251/1144
f 1136/1242/1136 1132/1238/1132 1144/1251/1144
f 1145/1252/1145 1146/1253/1146 1147/1254/1147
f 1148/1255/1148 1146/1253/1146 1145/1252/1145
f 1147/1254/1147 1146/1253/1146 1138/1244/1138
f 1149/1256/1149 1150/1257/1150 1131/1237/1131
f 1129/1235/1129 1149/1256/1149 1131/1237/1131
f 1151/1258/1151 1150/1257/1150 1149/1256/1149
f 1152/1259/1152 1153/1260/1153 1154/1261/1154
f 1152/1259/1152 1154/1261/1154 1155/1262/1155
f 1155/1262/1155 1151/1258/1151 1152/1259/1152
f 1153/1260/1153 1156/1263/1156 1157/1264/1157
f 1152/1259/1152 1156/1263/1156 1153/1260/1153
f 1158/1265/1158 1146/1253/1146 1148/1255/1148
f 1159/1266/1159 1160/1267/1160 1158/1265/1158
f 1158/1265/1158 1160/1267/1160 1161/1268/1161
f 1156/1263/1156 1162/1269/1162 1163/1270/1163
f 1111/1212/1111 1110/1211/1110 1164/1271/1164
f 1115/1216/1115 1087/1188/1087 1086/1187/1086
f 1069/1170/1069 1068/1169/1068 1120/1223/1120
f 1120/1223/1120 1068/1169/1068 1121/1232/1121
f 1068/1169/1068 1098/1199/1098 1121/1232/1121
f 1128/1234/1128 1149/1256/1149 1129/1235/1129
f 1158/1265/1158 1161/1268/1161 1146/1253/1146
f 1165/1272/1165 1166/1273/1166 1167/1274/1167
f 1167/1274/1167 1168/1275/1168 1169/1276/1169
f 1167/1274/1167 1169/1276/1169 1170/1277/1170
f 1165/1272/1165 1167/1274/1167 1170/1277/1170
f 1169/1276/1169 1171/1278/1171 1172/1279/1172
f 1168/1275/1168 1171/1278/1171 1169/1276/1169
f 1170/1277/1170 1169/1276/1169 1172/1279/1172
f 1172/1279/1172 1173/1280/1173 1170/1277/1170
f 1173/1281/1173 1126/1231/1126 1174/1282/1174
f 1175/1283/1175 1176/1284/1176 1177/1285/1177
f 1177/1285/1177 1178/1286/1178 1179/1287/1179
f 1180/1288/1180 1177/1285/1177 1179/1287/1179
f 1176/1284/1176 1178/1286/1178 1177/1285/1177
f 1166/1273/1166 1178/1286/1178 1176/1284/1176
f 1165/1272/1165 1178/1286/1178 1166/1273/1166
f 1179/1289/1179 1181/1290/1181 1182/1291/1182
f 1179/1287/1179 1178/1286/1178 1183/1292/1183
f 1184/1293/1184 1183/1294/1183 1185/1295/1185
f 1178/1286/1178 1165/1272/1165 1183/1292/1183
f 1183/1292/1183 1165/1272/1165 1186/1296/1186
f 1185/1297/1185 1183/1292/1183 1186/1296/1186
f 1165/1272/1165 1170/1277/1170 1186/1296/1186
f 1187/1298/1187 1188/1299/1188 1189/1300/1189
f 1190/1301/1190 1191/1302/1191 1187/1298/1187
f 1166/1273/1166 1176/1284/1176 1192/1303/1192
f 1193/1304/1193 1166/1273/1166 1192/1303/1192
f 1193/1304/1193 1167/1274/1167 1166/1273/1166
f 1193/1304/1193 1168/1275/1168 1167/1274/1167
f 1194/1305/1194 1180/1288/1180 1195/1306/1195
f 1177/1285/1177 1180/1288/1180 1196/1307/1196
f 1197/1308/1197 1198/1309/1198 1199/1310/1199
f 1199/1311/1199 1195/1306/1195 1182/1312/1182
f 1199/1310/1199 1182/1291/1182 1200/1313/1200
f 1194/1305/1194 1195/1306/1195 1199/1311/1199
f 1180/1288/1180 1179/1287/1179 1195/1306/1195
f 1195/1306/1195 1179/1287/1179 1182/1312/1182
f 1199/1310/1199 1200/1313/1200 1197/1308/1197
f 1177/1285/1177 1201/1314/1201 1175/1283/1175
f 1202/1315/1202 1175/1283/1175 1201/1314/1201
f 1201/1314/1201 1177/1285/1177 1196/1307/1196
f 1203/1316/1203 1204/1317/1204 1205/1318/1205
f 1204/1317/1204 1203/1316/1203 1206/1319/1206
f 1205/1320/1205 1207/1321/1207 1203/1322/1203
f 1174/1282/1174 1207/1321/1207 1205/1320/1205
f 1208/1323/1208 1209/1324/1209 1210/1325/1210
f 1203/1316/1203 1209/1326/1209 1206/1319/1206
f 1209/1326/1209 1203/1316/1203 1210/1327/1210
f 1211/1328/1211 1203/1322/1203 1207/1321/1207
f 1210/1329/1210 1203/1322/1203 1212/1330/1212
f 1203/1322/1203 1211/1328/1211 1212/1330/1212
f 1213/1331/1213 1207/1321/1207 1174/1282/1174
f 1207/1321/1207 1213/1331/1213 1211/1328/1211
f 1211/1328/1211 1214/1332/1214 1212/1330/1212
f 1211/1328/1211 1213/1331/1213 1214/1332/1214
f 1214/1332/1214 1213/1331/1213 1100/1201/1100
f 1215/1333/1215 1216/1334/1216 1217/1335/1217
f 1215/1333/1215 1218/1336/1218 1216/1334/1216
f 1219/1337/1219 1220/1338/1220 1216/1334/1216
f 1181/1290/1181 1221/1339/1221 1222/1340/1222
f 1181/1290/1181 1184/1293/1184 1221/1339/1221
f 1223/1341/1223 1221/1339/1221 1215/1333/1215
f 1221/1339/1221 1224/1342/1224 1218/1336/1218
f 1184/1293/1184 1224/1342/1224 1221/1339/1221
f 1184/1293/1184 1185/1295/1185 1224/1342/1224
f 1185/1295/1185 1219/1337/1219 1224/1342/1224
f 1221/1339/1221 1218/1336/1218 1215/1333/1215
f 1218/1336/1218 1219/1337/1219 1216/1334/1216
f 1224/1342/1224 1219/1337/1219 1218/1336/1218
f 1185/1295/1185 1225/1343/1225 1219/1337/1219
f 1225/1344/1225 1185/1297/1185 1204/1317/1204
f 1204/1317/1204 1185/1297/1185 1205/1318/1205
f 1204/1317/1204 1226/1345/1226 1225/1344/1225
f 1225/1343/1225 1227/1346/1227 1220/1338/1220
f 1219/1337/1219 1225/1343/1225 1220/1338/1220
f 1227/1346/1227 1228/1347/1228 1220/1338/1220
f 1226/1348/1226 1227/1346/1227 1225/1343/1225
f 1204/1317/1204 1206/1319/1206 1226/1345/1226
f 1209/1324/1209 1229/1349/1229 1226/1348/1226
f 1226/1345/1226 1206/1319/1206 1209/1326/1209
f 1229/1349/1229 1227/1346/1227 1226/1348/1226
f 1229/1349/1229 1228/1347/1228 1227/1346/1227
f 1229/1349/1229 1209/1324/1209 1208/1323/1208
f 1230/1350/1230 1231/1351/1231 1232/1352/1232
f 1232/1352/1232 1233/1353/1233 1234/1354/1234
f 1233/1353/1233 1223/1341/1223 1234/1354/1234
f 1223/1341/1223 1215/1333/1215 1234/1354/1234
f 1235/1355/1235 1233/1353/1233 1231/1351/1231
f 1235/1355/1235 1200/1313/1200 1233/1353/1233
f 1182/1291/1182 1181/1290/1181 1222/1340/1222
f 1200/1313/1200 1222/1340/1222 1236/1356/1236
f 1236/1356/1236 1233/1353/1233 1200/1313/1200
f 1233/1353/1233 1236/1356/1236 1223/1341/1223
f 1222/1340/1222 1223/1341/1223 1236/1356/1236
f 1221/1339/1221 1223/1341/1223 1222/1340/1222
f 1233/1353/1233 1232/1352/1232 1231/1351/1231
f 1237/1357/1237 1231/1351/1231 1230/1350/1230
f 1232/1352/1232 1234/1354/1234 1238/1358/1238
f 1215/1333/1215 1238/1358/1238 1234/1354/1234
f 1239/1359/1239 1229/1349/1229 1208/1323/1208
f 1240/1360/1240 1239/1359/1239 1208/1323/1208
f 1208/1323/1208 1210/1325/1210 1240/1360/1240
f 1210/1329/1210 1212/1330/1212 1240/1361/1240
f 1212/1330/1212 1241/1362/1241 1240/1361/1240
f 1241/1362/1241 1212/1330/1212 1214/1332/1214
f 1215/1333/1215 1217/1335/1217 1238/1358/1238
f 1220/1338/1220 1242/1363/1242 1216/1334/1216
f 1220/1338/1220 1228/1347/1228 1242/1363/1242
f 1243/1364/1243 1242/1363/1242 1228/1347/1228
f 1243/1364/1243 1228/1347/1228 1244/1365/1244
f 1228/1347/1228 1229/1349/1229 1244/1365/1244
f 1245/1366/1245 1189/1300/1189 1246/1367/1246
f 1247/1368/1247 1248/1369/1248 1249/1370/1249
f 1248/1369/1248 1247/1368/1247 1250/1371/1250
f 1251/1372/1251 1252/1373/1252 1253/1374/1253
f 1253/1374/1253 1254/1375/1254 1251/1372/1251
f 1249/1370/1249 1253/1374/1253 1247/1368/1247
f 1253/1374/1253 1252/1373/1252 1247/1368/1247
f 1252/1373/1252 1255/1376/1255 1247/1368/1247
f 1250/1371/1250 1247/1368/1247 1255/1376/1255
f 1256/1377/1256 1257/1378/1257 1255/1376/1255
f 1258/1379/1258 1256/1377/1256 1255/1376/1255
f 1257/1378/1257 1259/1380/1259 1250/1371/1250
f 1260/1381/1260 1261/1382/1261 1259/1380/1259
f 1261/1382/1261 1260/1381/1260 1262/1383/1262
f 1250/1371/1250 1255/1376/1255 1257/1378/1257
f 1257/1378/1257 1256/1377/1256 1245/1366/1245
f 1259/1380/1259 1257/1378/1257 1260/1381/1260
f 1245/1366/1245 1260/1381/1260 1257/1378/1257
f 1260/1381/1260 1245/1366/1245 1246/1367/1246
f 1263/1384/1263 1264/1385/1264 1265/1386/1265
f 1248/1369/1248 1266/1387/1266 1249/1370/1249
f 1266/1387/1266 1248/1369/1248 1267/1388/1267
f 1267/1388/1267 1248/1369/1248 1263/1384/1263
f 1250/1371/1250 1263/1384/1263 1248/1369/1248
f 1250/1371/1250 1264/1385/1264 1263/1384/1263
f 1267/1388/1267 1263/1384/1263 1268/1389/1268
f 1268/1389/1268 1269/1390/1269 1267/1388/1267
f 1268/1389/1268 1263/1384/1263 1265/1386/1265
f 1264/1385/1264 1261/1382/1261 1201/1314/1201
f 1264/1385/1264 1259/1380/1259 1261/1382/1261
f 1261/1382/1261 1262/1383/1262 1202/1315/1202
f 1261/1382/1261 1202/1315/1202 1201/1314/1201
f 1265/1386/1265 1264/1385/1264 1201/1314/1201
f 1265/1386/1265 1201/1314/1201 1196/1307/1196
f 1250/1371/1250 1259/1380/1259 1264/1385/1264
f 1253/1374/1253 1249/1370/1249 1270/1391/1270
f 1253/1374/1253 1270/1391/1270 1254/1375/1254
f 1271/1392/1271 1266/1387/1266 1272/1393/1272
f 1266/1387/1266 1267/1388/1267 1273/1394/1273
f 1273/1394/1273 1267/1388/1267 1269/1390/1269
f 1274/1395/1274 1275/1396/1275 1272/1393/1272
f 1272/1393/1272 1273/1394/1273 1274/1395/1274
f 1275/1396/1275 1271/1392/1271 1272/1393/1272
f 1274/1395/1274 1276/1397/1276 1275/1396/1275
f 1266/1387/1266 1273/1394/1273 1272/1393/1272
f 1270/1391/1270 1249/1370/1249 1271/1392/1271
f 1249/1370/1249 1266/1387/1266 1271/1392/1271
f 1254/1375/1254 1277/1398/1277 1251/1372/1251
f 1251/1372/1251 1277/1398/1277 1278/1399/1278
f 1251/1372/1251 1278/1399/1278 1279/1400/1279
f 1277/1398/1277 1280/1401/1280 1278/1399/1278
f 1251/1372/1251 1279/1400/1279 1252/1373/1252
f 1279/1400/1279 1278/1399/1278 1281/1402/1281
f 1281/1402/1281 1282/1403/1282 1279/1400/1279
f 1283/1404/1283 1284/1405/1284 1281/1402/1281
f 1258/1379/1258 1282/1403/1282 1256/1377/1256
f 1256/1377/1256 1285/1406/1285 1245/1366/1245
f 1281/1402/1281 1284/1405/1284 1282/1403/1282
f 1282/1403/1282 1285/1406/1285 1256/1377/1256
f 1282/1403/1282 1284/1405/1284 1285/1406/1285
f 1162/1269/1162 1285/1406/1285 1284/1405/1284
f 1245/1366/1245 1286/1407/1286 1189/1300/1189
f 1245/1366/1245 1285/1406/1285 1286/1407/1286
f 1189/1300/1189 1286/1407/1286 1190/1301/1190
f 1285/1406/1285 1162/1269/1162 1286/1407/1286
f 1190/1301/1190 1286/1407/1286 1162/1269/1162
f 1287/1408/1287 1288/1409/1288 1289/1410/1289
f 1287/1408/1287 1290/1411/1290 1288/1409/1288
f 1268/1389/1268 1288/1409/1288 1290/1411/1290
f 1289/1410/1289 1288/1409/1288 1291/1412/1291
f 1288/1409/1288 1292/1413/1292 1291/1412/1291
f 1268/1389/1268 1292/1413/1292 1288/1409/1288
f 1291/1412/1291 1292/1413/1292 1293/1414/1293
f 1291/1412/1291 1294/1415/1294 1289/1410/1289
f 1291/1412/1291 1293/1414/1293 1295/1416/1295
f 1291/1412/1291 1295/1416/1295 1294/1415/1294
f 1293/1414/1293 1296/1417/1296 1194/1305/1194
f 1296/1417/1296 1293/1414/1293 1292/1413/1292
f 1294/1418/1294 1297/1419/1297 1298/1420/1298
f 1295/1421/1295 1299/1422/1299 1294/1418/1294
f 1294/1418/1294 1299/1422/1299 1297/1419/1297
f 1287/1408/1287 1300/1423/1300 1301/1424/1301
f 1289/1410/1289 1294/1415/1294 1300/1423/1300
f 1287/1408/1287 1289/1410/1289 1300/1423/1300
f 1294/1418/1294 1298/1420/1298 1300/1425/1300
f 1194/1305/1194 1198/1426/1198 1293/1414/1293
f 1293/1414/1293 1198/1426/1198 1295/1416/1295
f 1296/1417/1296 1196/1307/1196 1180/1288/1180
f 1196/1307/1196 1296/1417/1296 1292/1413/1292
f 1296/1417/1296 1180/1288/1180 1194/1305/1194
f 1299/1422/1299 1198/1309/1198 1197/1308/1197
f 1197/1308/1197 1235/1355/1235 1299/1422/1299
f 1198/1309/1198 1299/1422/1299 1295/1421/1295
f 1237/1357/1237 1302/1427/1302 1303/1428/1303
f 1302/1427/1302 1237/1357/1237 1304/1429/1304
f 1298/1420/1298 1305/1430/1305 1306/1431/1306
f 1307/1432/1307 1298/1420/1298 1297/1419/1297
f 1307/1432/1307 1305/1430/1305 1298/1420/1298
f 1307/1432/1307 1308/1433/1308 1305/1430/1305
f 1299/1422/1299 1235/1355/1235 1297/1419/1297
f 1298/1420/1298 1306/1431/1306 1300/1425/1300
f 1307/1432/1307 1303/1428/1303 1308/1433/1308
f 1308/1433/1308 1309/1434/1309 1305/1430/1305
f 1305/1430/1305 1309/1434/1309 1310/1435/1310
f 1308/1433/1308 1303/1428/1303 1302/1427/1302
f 1237/1357/1237 1303/1428/1303 1307/1432/1307
f 1237/1357/1237 1307/1432/1307 1297/1419/1297
f 1290/1411/1290 1311/1436/1311 1269/1390/1269
f 1311/1436/1311 1290/1411/1290 1287/1408/1287
f 1312/1437/1312 1311/1436/1311 1313/1438/1313
f 1312/1437/1312 1313/1438/1313 1314/1439/1314
f 1312/1437/1312 1314/1439/1314 1315/1440/1315
f 1315/1441/1315 1314/1442/1314 1316/1443/1316
f 1313/1438/1313 1287/1408/1287 1301/1424/1301
f 1287/1408/1287 1313/1438/1313 1311/1436/1311
f 1301/1444/1301 1300/1425/1300 1306/1431/1306
f 1306/1431/1306 1317/1445/1317 1301/1444/1301
f 1313/1446/1313 1317/1445/1317 1314/1442/1314
f 1301/1444/1301 1317/1445/1317 1313/1446/1313
f 1314/1442/1314 1317/1445/1317 1316/1443/1316
f 1317/1445/1317 1318/1447/1318 1316/1443/1316
f 1317/1445/1317 1319/1448/1319 1318/1447/1318
f 1317/1445/1317 1306/1431/1306 1319/1448/1319
f 1316/1443/1316 1318/1447/1318 1320/1449/1320
f 1318/1447/1318 1321/1450/1321 1320/1449/1320
f 1306/1431/1306 1305/1430/1305 1322/1451/1322
f 1319/1448/1319 1310/1435/1310 1323/1452/1323
f 1322/1451/1322 1310/1435/1310 1319/1448/1319
f 1305/1430/1305 1310/1435/1310 1322/1451/1322
f 1324/1453/1324 1321/1450/1321 1318/1447/1318
f 1319/1448/1319 1324/1453/1324 1318/1447/1318
f 1319/1448/1319 1323/1452/1323 1324/1453/1324
f 1324/1453/1324 1325/1454/1325 1321/1450/1321
f 1325/1454/1325 1324/1453/1324 1326/1455/1326
f 1319/1448/1319 1306/1431/1306 1322/1451/1322
f 1327/1456/1327 1328/1457/1328 1329/1458/1329
f 1276/1397/1276 1328/1457/1328 1330/1459/1330
f 1329/1458/1329 1331/1460/1331 1327/1456/1327
f 1330/1459/1330 1328/1457/1328 1327/1456/1327
f 1331/1460/1331 1315/1440/1315 1332/1461/1332
f 1331/1460/1331 1332/1461/1332 1327/1456/1327
f 1329/1458/1329 1328/1457/1328 1311/1436/1311
f 1312/1437/1312 1329/1458/1329 1311/1436/1311
f 1329/1458/1329 1312/1437/1312 1331/1460/1331
f 1312/1437/1312 1315/1440/1315 1331/1460/1331
f 1316/1443/1316 1320/1449/1320 1315/1441/1315
f 1333/1462/1333 1321/1463/1321 1334/1464/1334
f 1333/1462/1333 1320/1465/1320 1321/1463/1321
f 1321/1450/1321 1325/1454/1325 1334/1466/1334
f 1269/1390/1269 1311/1436/1311 1328/1457/1328
f 1310/1435/1310 1335/1467/1335 1323/1452/1323
f 1323/1452/1323 1326/1455/1326 1324/1453/1324
f 1326/1455/1326 1323/1452/1323 1336/1468/1336
f 1323/1452/1323 1337/1469/1337 1336/1468/1336
f 1302/1427/1302 1309/1434/1309 1308/1433/1308
f 1205/1318/1205 1170/1277/1170 1173/1280/1173
f 1181/1290/1181 1179/1289/1179 1184/1293/1184
f 1183/1294/1183 1184/1293/1184 1179/1289/1179
f 1170/1277/1170 1205/1318/1205 1186/1296/1186
f 1187/1298/1187 1189/1300/1189 1190/1301/1190
f 1173/1281/1173 1174/1282/1174 1205/1320/1205
f 1186/1296/1186 1205/1318/1205 1185/1297/1185
f 1197/1308/1197 1200/1313/1200 1235/1355/1235
f 1182/1291/1182 1222/1340/1222 1200/1313/1200
f 1239/1359/1239 1240/1360/1240 1338/1470/1338
f 1338/1470/1338 1240/1360/1240 1339/1471/1339
f 1241/1362/1241 1214/1332/1214 1340/1472/1340
f 1217/1335/1217 1216/1334/1216 1341/1473/1341
f 1242/1363/1242 1341/1473/1341 1216/1334/1216
f 1229/1349/1229 1239/1359/1239 1244/1365/1244
f 1290/1411/1290 1269/1390/1269 1268/1389/1268
f 1196/1307/1196 1292/1413/1292 1265/1386/1265
f 1273/1394/1273 1328/1457/1328 1274/1395/1274
f 1292/1413/1292 1268/1389/1268 1265/1386/1265
f 1198/1426/1198 1194/1305/1194 1199/1311/1199
f 1235/1355/1235 1231/1351/1231 1297/1419/1297
f 1231/1351/1231 1237/1357/1237 1297/1419/1297
f 1276/1397/1276 1274/1395/1274 1328/1457/1328
f 1273/1394/1273 1269/1390/1269 1328/1457/1328
f 1335/1467/1335 1337/1469/1337 1323/1452/1323
f 1336/1468/1336 1342/1474/1342 1326/1455/1326
f 1325/1454/1325 1326/1455/1326 1342/1474/1342
f 1343/1475/1343 1344/1476/1344 1345/1477/1345
f 1345/1477/1345 1270/1391/1270 1343/1475/1343
f 1270/1391/1270 1345/1477/1345 1346/1478/1346
f 1346/1478/1346 1347/1479/1347 1348/1480/1348
f 1348/1480/1348 1347/1479/1347 1349/1481/1349
f 1348/1480/1348 1277/1398/1277 1346/1478/1346
f 1350/1482/1350 1351/1483/1351 1345/1477/1345
f 1351/1483/1351 1347/1479/1347 1345/1477/1345
f 1351/1483/1351 1352/1484/1352 1347/1479/1347
f 1351/1483/1351 1353/1485/1353 1352/1484/1352
f 1345/1477/1345 1347/1479/1347 1346/1478/1346
f 1354/1486/1354 1355/1487/1355 1356/1488/1356
f 1357/1489/1357 1358/1490/1358 1359/1491/1359
f 1360/1492/1360 1358/1490/1358 1361/1493/1361
f 1357/1489/1357 1356/1488/1356 1358/1490/1358
f 1356/1488/1356 1355/1487/1355 1358/1490/1358
f 1355/1487/1355 1362/1494/1362 1358/1490/1358
f 1363/1495/1363 1355/1487/1355 1354/1486/1354
f 1364/1496/1364 1362/1494/1362 1365/1497/1365
f 1362/1494/1362 1355/1487/1355 1365/1497/1365
f 1355/1487/1355 1363/1495/1363 1365/1497/1365
f 1365/1497/1365 1363/1495/1363 1366/1498/1366
f 1361/1493/1361 1362/1494/1362 1367/1499/1367
f 1364/1496/1364 1367/1499/1367 1362/1494/1362
f 1358/1490/1358 1362/1494/1362 1361/1493/1361
f 1365/1497/1365 1366/1498/1366 1364/1496/1364
f 1366/1498/1366 1368/1500/1368 1364/1496/1364
f 1366/1498/1366 1369/1501/1369 1368/1500/1368
f 1368/1500/1368 1370/1502/1370 1364/1496/1364
f 1371/1503/1371 1330/1459/1330 1356/1504/1356
f 1372/1505/1372 1330/1459/1330 1371/1503/1371
f 1372/1505/1372 1371/1503/1371 1373/1506/1373
f 1330/1459/1330 1354/1507/1354 1356/1504/1356
f 1330/1459/1330 1374/1508/1374 1354/1507/1354
f 1374/1508/1374 1363/1509/1363 1354/1507/1354
f 1327/1456/1327 1374/1508/1374 1330/1459/1330
f 1332/1461/1332 1375/1510/1375 1374/1508/1374
f 1332/1461/1332 1333/1462/1333 1375/1510/1375
f 1374/1508/1374 1375/1510/1375 1363/1509/1363
f 1375/1511/1375 1376/1512/1376 1363/1495/1363
f 1375/1511/1375 1334/1513/1334 1377/1514/1377
f 1377/1514/1377 1376/1512/1376 1375/1511/1375
f 1343/1475/1343 1378/1515/1378 1344/1476/1344
f 1372/1505/1372 1344/1476/1344 1378/1515/1378
f 1344/1476/1344 1372/1505/1372 1373/1506/1373
f 1359/1516/1359 1379/1517/1379 1380/1518/1380
f 1380/1518/1380 1381/1519/1381 1351/1483/1351
f 1353/1485/1353 1351/1483/1351 1381/1519/1381
f 1380/1518/1380 1379/1517/1379 1381/1519/1381
f 1382/1520/1382 1383/1521/1383 1381/1522/1381
f 1353/1523/1353 1381/1522/1381 1383/1521/1383
f 1350/1482/1350 1384/1524/1384 1380/1518/1380
f 1350/1482/1350 1345/1477/1345 1384/1524/1384
f 1384/1524/1384 1359/1516/1359 1380/1518/1380
f 1360/1492/1360 1379/1525/1379 1359/1491/1359
f 1359/1491/1359 1358/1490/1358 1360/1492/1360
f 1379/1525/1379 1360/1492/1360 1382/1520/1382
f 1379/1525/1379 1382/1520/1382 1381/1522/1381
f 1360/1492/1360 1385/1526/1385 1382/1520/1382
f 1360/1492/1360 1361/1493/1361 1386/1527/1386
f 1387/1528/1387 1388/1529/1388 1389/1530/1389
f 1390/1531/1390 1389/1530/1389 1388/1529/1388
f 1368/1500/1368 1369/1501/1369 1391/1532/1391
f 1389/1530/1389 1390/1531/1390 1369/1501/1369
f 1390/1531/1390 1392/1533/1392 1369/1501/1369
f 1368/1500/1368 1391/1532/1391 1370/1502/1370
f 1369/1501/1369 1392/1533/1392 1391/1532/1391
f 1370/1502/1370 1391/1532/1391 1393/1534/1393
f 1394/1535/1394 1395/1536/1395 1377/1537/1377
f 1394/1535/1394 1396/1538/1396 1395/1536/1395
f 1334/1466/1334 1394/1535/1394 1377/1537/1377
f 1376/1512/1376 1377/1514/1377 1387/1528/1387
f 1387/1539/1387 1377/1537/1377 1395/1536/1395
f 1397/1540/1397 1370/1502/1370 1398/1541/1398
f 1399/1542/1399 1400/1543/1400 1385/1526/1385
f 1401/1544/1401 1383/1521/1383 1382/1520/1382
f 1385/1526/1385 1401/1544/1401 1382/1520/1382
f 1386/1527/1386 1399/1542/1399 1385/1526/1385
f 1402/1545/1402 1385/1526/1385 1400/1543/1400
f 1401/1544/1401 1385/1526/1385 1402/1545/1402
f 1403/1546/1403 1399/1542/1399 1386/1527/1386
f 1399/1542/1399 1404/1547/1404 1400/1543/1400
f 1367/1499/1367 1397/1540/1397 1403/1546/1403
f 1403/1546/1403 1397/1540/1397 1405/1548/1405
f 1403/1546/1403 1405/1548/1405 1399/1542/1399
f 1405/1548/1405 1404/1547/1404 1399/1542/1399
f 1344/1476/1344 1373/1506/1373 1384/1524/1384
f 1345/1477/1345 1344/1476/1344 1384/1524/1384
f 1350/1482/1350 1380/1518/1380 1351/1483/1351
f 1386/1527/1386 1361/1493/1361 1403/1546/1403
f 1397/1540/1397 1367/1499/1367 1364/1496/1364
f 1386/1527/1386 1385/1526/1385 1360/1492/1360
f 1403/1546/1403 1361/1493/1361 1367/1499/1367
f 1364/1496/1364 1370/1502/1370 1397/1540/1397
f 1390/1531/1390 1388/1529/1388 1406/1549/1406
f 1407/1550/1407 1408/1551/1408 1398/1541/1398
f 1398/1541/1398 1409/1552/1409 1407/1550/1407
f 1410/1553/1410 1411/1554/1411 1404/1547/1404
f 1412/1555/1412 1413/1556/1413 1414/1557/1414
f 1412/1555/1412 1415/1558/1415 1413/1556/1413
f 1413/1556/1413 1415/1558/1415 1416/1559/1416
f 1105/1206/1105 1107/1208/1107 1417/1560/1417
f 1418/1561/1418 1419/1562/1419 1420/1563/1420
f 1421/1564/1421 1420/1563/1420 1419/1562/1419
f 1421/1564/1421 1422/1565/1422 1420/1563/1420
f 1418/1561/1418 1420/1563/1420 1423/1566/1423
f 1418/1561/1418 1424/1567/1424 1425/1568/1425
f 1418/1561/1418 1423/1566/1423 1424/1567/1424
f 1420/1563/1420 1426/1569/1426 1423/1566/1423
f 1422/1565/1422 1426/1569/1426 1420/1563/1420
f 1426/1569/1426 1427/1570/1427 1423/1566/1423
f 1422/1565/1422 1428/1571/1428 1426/1569/1426
f 1105/1206/1105 1429/1572/1429 1428/1571/1428
f 1428/1571/1428 1429/1572/1429 1426/1569/1426
f 1430/1573/1430 1427/1570/1427 1426/1569/1426
f 1426/1569/1426 1429/1572/1429 1430/1573/1430
f 1105/1206/1105 1417/1560/1417 1429/1572/1429
f 1431/1574/1431 1424/1567/1424 1432/1575/1432
f 1423/1566/1423 1427/1570/1427 1424/1567/1424
f 1431/1574/1431 1433/1576/1433 1434/1577/1434
f 1431/1574/1431 1434/1577/1434 1435/1578/1435
f 1432/1575/1432 1433/1576/1433 1431/1574/1431
f 1424/1567/1424 1427/1570/1427 1432/1575/1432
f 1430/1573/1430 1433/1576/1433 1432/1575/1432
f 1433/1576/1433 1430/1573/1430 1436/1579/1436
f 1433/1576/1433 1437/1580/1437 1434/1577/1434
f 1437/1580/1437 1433/1576/1433 1436/1579/1436
f 1435/1578/1435 1434/1577/1434 1438/1581/1438
f 1435/1578/1435 1438/1581/1438 1439/1582/1439
f 1439/1582/1439 1438/1581/1438 1440/1583/1440
f 1437/1580/1437 1438/1581/1438 1434/1577/1434
f 1438/1581/1438 1437/1580/1437 1441/1584/1441
f 1441/1584/1441 1442/1585/1442 1438/1581/1438
f 1432/1575/1432 1427/1570/1427 1430/1573/1430
f 1430/1573/1430 1429/1572/1429 1436/1579/1436
f 1429/1572/1429 1417/1560/1417 1414/1557/1414
f 1436/1579/1436 1429/1572/1429 1414/1557/1414
f 1417/1560/1417 1412/1555/1412 1414/1557/1414
f 1436/1579/1436 1441/1584/1441 1437/1580/1437
f 1414/1557/1414 1443/1586/1443 1436/1579/1436
f 1443/1586/1443 1441/1584/1441 1436/1579/1436
f 1441/1584/1441 1443/1586/1443 1444/1587/1444
f 1443/1586/1443 1414/1557/1414 1413/1556/1413
f 1439/1582/1439 1445/1588/1445 1446/1589/1446
f 1441/1584/1441 1444/1587/1444 1442/1585/1442
f 1413/1556/1413 1447/1590/1447 1443/1586/1443
f 1447/1590/1447 1444/1587/1444 1443/1586/1443
f 1448/1591/1448 1425/1568/1425 1449/1592/1449
f 1448/1591/1448 1450/1593/1450 1425/1568/1425
f 1424/1567/1424 1431/1574/1431 1425/1568/1425
f 1435/1578/1435 1425/1568/1425 1431/1574/1431
f 1449/1594/1449 1451/1595/1451 1452/1596/1452
f 1452/1596/1452 1451/1595/1451 1453/1597/1453
f 1449/1592/1449 1425/1568/1425 1454/1598/1454
f 1435/1578/1435 1454/1598/1454 1425/1568/1425
f 1449/1592/1449 1454/1598/1454 1451/1599/1451
f 1455/1600/1455 1453/1597/1453 1456/1601/1456
f 1456/1601/1456 1457/1602/1457 1455/1600/1455
f 1453/1597/1453 1451/1595/1451 1456/1601/1456
f 1451/1595/1451 1458/1603/1458 1456/1601/1456
f 1458/1604/1458 1451/1599/1451 1454/1598/1454
f 1454/1598/1454 1435/1578/1435 1439/1582/1439
f 1454/1598/1454 1439/1582/1439 1446/1589/1446
f 1425/1568/1425 1450/1593/1450 1418/1561/1418
f 1459/1605/1459 1444/1587/1444 1447/1590/1447
f 1447/1590/1447 1056/1154/1056 1459/1605/1459
f 1459/1605/1459 1056/1154/1056 1460/1606/1460
f 1461/1607/1461 1056/1154/1056 1447/1590/1447
f 1462/1608/1462 1463/1609/1463 1464/1610/1464
f 1465/1611/1465 1462/1608/1462 1456/1601/1456
f 1462/1608/1462 1465/1611/1465 1463/1609/1463
f 1446/1589/1446 1466/1612/1466 1465/1613/1465
f 1466/1614/1466 1463/1609/1463 1465/1611/1465
f 1445/1588/1445 1467/1615/1467 1446/1589/1446
f 1468/1616/1468 1450/1617/1450 1448/1618/1448
f 1338/1470/1338 1469/1619/1469 1239/1359/1239
f 1470/1620/1470 1338/1470/1338 1471/1621/1471
f 1339/1471/1339 1472/1622/1472 1471/1621/1471
f 1472/1622/1472 1473/1623/1473 1474/1624/1474
f 1471/1621/1471 1475/1625/1475 1470/1620/1470
f 1470/1620/1470 1475/1625/1475 1476/1626/1476
f 1477/1627/1477 1476/1626/1476 1478/1628/1478
f 1476/1626/1476 1475/1625/1475 1478/1628/1478
f 1471/1621/1471 1472/1622/1472 1475/1625/1475
f 1472/1622/1472 1474/1624/1474 1475/1625/1475
f 1475/1625/1475 1474/1624/1474 1479/1629/1479
f 1478/1628/1478 1480/1630/1480 1477/1627/1477
f 1478/1628/1478 1481/1631/1481 1480/1630/1480
f 1475/1625/1475 1479/1629/1479 1478/1628/1478
f 1481/1631/1481 1478/1628/1478 1479/1629/1479
f 1474/1624/1474 1482/1632/1482 1479/1629/1479
f 1479/1629/1479 1482/1632/1482 1483/1633/1483
f 1481/1631/1481 1479/1629/1479 1483/1633/1483
f 1484/1634/1484 1481/1631/1481 1483/1633/1483
f 1473/1623/1473 1485/1635/1485 1474/1624/1474
f 1482/1632/1482 1474/1624/1474 1485/1635/1485
f 1482/1632/1482 1486/1636/1486 1483/1633/1483
f 1482/1632/1482 1468/1616/1468 1486/1636/1486
f 1482/1632/1482 1450/1617/1450 1468/1616/1468
f 1482/1632/1482 1485/1635/1485 1450/1617/1450
f 1419/1562/1419 1485/1637/1485 1164/1271/1164
f 1242/1363/1242 1487/1638/1487 1341/1473/1341
f 1341/1473/1341 1487/1638/1487 1488/1639/1488
f 1243/1364/1243 1489/1640/1489 1487/1638/1487
f 1490/1641/1490 1487/1638/1487 1489/1640/1489
f 1243/1364/1243 1469/1619/1469 1489/1640/1489
f 1469/1619/1469 1243/1364/1243 1244/1365/1244
f 1470/1620/1470 1469/1619/1469 1338/1470/1338
f 1487/1638/1487 1490/1641/1490 1488/1639/1488
f 1491/1642/1491 1489/1640/1489 1492/1643/1492
f 1489/1640/1489 1491/1642/1491 1490/1641/1490
f 1493/1644/1493 1491/1642/1491 1494/1645/1494
f 1491/1642/1491 1492/1643/1492 1494/1645/1494
f 1495/1646/1495 1492/1643/1492 1489/1640/1489
f 1492/1643/1492 1495/1646/1495 1496/1647/1496
f 1469/1619/1469 1495/1646/1495 1489/1640/1489
f 1470/1620/1470 1495/1646/1495 1469/1619/1469
f 1476/1626/1476 1495/1646/1495 1470/1620/1470
f 1495/1646/1495 1476/1626/1476 1497/1648/1497
f 1477/1627/1477 1497/1648/1497 1476/1626/1476
f 1494/1645/1494 1492/1643/1492 1496/1647/1496
f 1496/1647/1496 1495/1646/1495 1497/1648/1497
f 1481/1631/1481 1498/1649/1498 1499/1650/1499
f 1498/1649/1498 1481/1631/1481 1500/1651/1500
f 1486/1636/1486 1501/1652/1501 1484/1634/1484
f 1484/1634/1484 1501/1652/1501 1500/1651/1500
f 1500/1651/1500 1502/1653/1502 1498/1649/1498
f 1498/1649/1498 1502/1653/1502 1503/1654/1503
f 1502/1653/1502 1500/1651/1500 1501/1652/1501
f 1504/1655/1504 1502/1653/1502 1501/1652/1501
f 1502/1653/1502 1505/1656/1505 1503/1654/1503
f 1506/1657/1506 1505/1656/1505 1502/1653/1502
f 1505/1656/1505 1506/1657/1506 1507/1658/1507
f 1504/1655/1504 1501/1652/1501 1455/1600/1455
f 1506/1657/1506 1502/1653/1502 1504/1655/1504
f 1486/1636/1486 1468/1616/1468 1501/1652/1501
f 1448/1618/1448 1501/1652/1501 1468/1616/1468
f 1448/1618/1448 1508/1659/1508 1501/1652/1501
f 1455/1600/1455 1457/1602/1457 1504/1655/1504
f 1501/1652/1501 1508/1659/1508 1455/1600/1455
f 1455/1600/1455 1452/1596/1452 1453/1597/1453
f 1507/1658/1507 1506/1657/1506 1509/1660/1509
f 1506/1657/1506 1510/1661/1510 1509/1660/1509
f 1510/1661/1510 1464/1610/1464 1511/1662/1511
f 1506/1657/1506 1504/1655/1504 1457/1602/1457
f 1506/1657/1506 1457/1602/1457 1510/1661/1510
f 1457/1602/1457 1462/1608/1462 1510/1661/1510
f 1511/1662/1511 1464/1610/1464 1512/1663/1512
f 1513/1664/1513 1514/1665/1514 1515/1666/1515
f 1514/1665/1514 1516/1667/1516 1515/1666/1515
f 1514/1665/1514 1517/1668/1517 1516/1667/1516
f 1516/1667/1516 1518/1669/1518 1515/1666/1515
f 1513/1664/1513 1496/1647/1496 1514/1665/1514
f 1514/1665/1514 1519/1670/1519 1517/1668/1517
f 1520/1671/1520 1516/1667/1516 1517/1668/1517
f 1519/1670/1519 1499/1650/1499 1517/1668/1517
f 1499/1650/1499 1520/1671/1520 1517/1668/1517
f 1520/1671/1520 1503/1654/1503 1521/1672/1521
f 1499/1650/1499 1498/1649/1498 1520/1671/1520
f 1498/1649/1498 1503/1654/1503 1520/1671/1520
f 1516/1667/1516 1522/1673/1522 1518/1669/1518
f 1520/1671/1520 1522/1673/1522 1516/1667/1516
f 1521/1672/1521 1523/1674/1523 1524/1675/1524
f 1505/1656/1505 1523/1674/1523 1503/1654/1503
f 1524/1675/1524 1525/1676/1525 1526/1677/1526
f 1524/1675/1524 1526/1677/1526 1527/1678/1527
f 1525/1676/1525 1528/1679/1528 1526/1677/1526
f 1525/1676/1525 1524/1675/1524 1523/1674/1523
f 1529/1680/1529 1525/1676/1525 1523/1674/1523
f 1525/1676/1525 1529/1680/1529 1528/1679/1528
f 1505/1656/1505 1529/1680/1529 1523/1674/1523
f 1529/1680/1529 1505/1656/1505 1507/1658/1507
f 1509/1660/1509 1529/1680/1529 1507/1658/1507
f 1509/1660/1509 1530/1681/1530 1529/1680/1529
f 1510/1661/1510 1530/1681/1530 1509/1660/1509
f 1531/1682/1531 1532/1683/1532 1533/1684/1533
f 1534/1685/1534 1535/1686/1535 1536/1687/1536
f 1536/1687/1536 1535/1686/1535 1537/1688/1537
f 1535/1686/1535 1538/1689/1538 1537/1688/1537
f 1538/1689/1538 1539/1690/1539 1540/1691/1540
f 1541/1692/1541 1535/1686/1535 1534/1685/1534
f 1541/1692/1541 1538/1689/1538 1535/1686/1535
f 1541/1692/1541 1539/1690/1539 1538/1689/1538
f 1541/1692/1541 1542/1693/1542 1539/1690/1539
f 1534/1685/1534 1543/1694/1543 1541/1692/1541
f 1544/1695/1544 1545/1696/1545 1546/1697/1546
f 1545/1696/1545 1547/1698/1547 1546/1697/1546
f 1545/1696/1545 1540/1691/1540 1547/1698/1547
f 1545/1696/1545 1538/1689/1538 1540/1691/1540
f 1545/1696/1545 1537/1688/1537 1538/1689/1538
f 1540/1691/1540 1548/1699/1548 1547/1698/1547
f 1549/1700/1549 1543/1694/1543 1534/1685/1534
f 1548/1699/1548 1540/1691/1540 1550/1701/1550
f 1550/1701/1550 1540/1691/1540 1539/1690/1539
f 1548/1699/1548 1550/1701/1550 1532/1683/1532
f 1539/1690/1539 1551/1702/1551 1550/1701/1550
f 1541/1692/1541 1543/1694/1543 1542/1693/1542
f 1542/1693/1542 1552/1703/1552 1539/1690/1539
f 1539/1690/1539 1552/1703/1552 1553/1704/1553
f 1554/1705/1554 1552/1703/1552 1542/1693/1542
f 1552/1703/1552 1554/1705/1554 1553/1704/1553
f 1553/1704/1553 1551/1702/1551 1539/1690/1539
f 1555/1706/1555 1556/1707/1556 1557/1708/1557
f 1558/1709/1558 1557/1708/1557 1559/1710/1559
f 1557/1708/1557 1560/1711/1560 1559/1710/1559
f 1555/1706/1555 1546/1697/1546 1556/1707/1556
f 1556/1707/1556 1547/1698/1547 1561/1712/1561
f 1556/1707/1556 1546/1697/1546 1547/1698/1547
f 1556/1707/1556 1561/1712/1561 1557/1708/1557
f 1562/1713/1562 1559/1710/1559 1560/1711/1560
f 1563/1714/1563 1560/1711/1560 1557/1708/1557
f 1547/1698/1547 1548/1699/1548 1561/1712/1561
f 1531/1682/1531 1561/1712/1561 1532/1683/1532
f 1548/1699/1548 1532/1683/1532 1561/1712/1561
f 1561/1712/1561 1563/1714/1563 1557/1708/1557
f 1563/1714/1563 1561/1712/1561 1531/1682/1531
f 1542/1693/1542 1543/1694/1543 1515/1666/1515
f 1515/1666/1515 1564/1715/1564 1542/1693/1542
f 1564/1715/1564 1565/1716/1565 1542/1693/1542
f 1542/1693/1542 1565/1716/1565 1554/1705/1554
f 1554/1705/1554 1565/1716/1565 1566/1717/1566
f 1564/1715/1564 1566/1717/1566 1565/1716/1565
f 1564/1715/1564 1518/1669/1518 1566/1717/1566
f 1518/1669/1518 1527/1678/1527 1566/1717/1566
f 1567/1718/1567 1568/1719/1568 1569/1720/1569
f 1570/1721/1570 1571/1722/1571 1567/1718/1567
f 1572/1723/1572 1568/1719/1568 1567/1718/1567
f 1572/1723/1572 1567/1718/1567 1571/1722/1571
f 1309/1434/1309 1569/1720/1569 1573/1724/1573
f 1569/1720/1569 1574/1725/1574 1573/1724/1573
f 1304/1429/1304 1570/1721/1570 1567/1718/1567
f 1230/1350/1230 1570/1721/1570 1304/1429/1304
f 1575/1726/1575 1576/1727/1576 1570/1721/1570
f 1570/1721/1570 1576/1727/1576 1571/1722/1571
f 1575/1726/1575 1577/1728/1577 1576/1727/1576
f 1575/1726/1575 1578/1729/1578 1577/1728/1577
f 1579/1730/1579 1580/1731/1580 1578/1729/1578
f 1579/1730/1579 1581/1732/1581 1580/1731/1580
f 1578/1729/1578 1575/1726/1575 1570/1721/1570
f 1578/1729/1578 1238/1358/1238 1579/1730/1579
f 1582/1733/1582 1574/1725/1574 1568/1719/1568
f 1574/1725/1574 1582/1733/1582 1583/1734/1583
f 1568/1719/1568 1584/1735/1584 1582/1733/1582
f 1582/1733/1582 1558/1709/1558 1583/1734/1583
f 1569/1720/1569 1568/1719/1568 1574/1725/1574
f 1572/1723/1572 1584/1735/1584 1568/1719/1568
f 1584/1735/1584 1572/1723/1572 1585/1736/1585
f 1573/1724/1573 1583/1734/1583 1586/1737/1586
f 1574/1725/1574 1583/1734/1583 1573/1724/1573
f 1586/1737/1586 1587/1738/1587 1588/1739/1588
f 1583/1734/1583 1587/1738/1587 1586/1737/1586
f 1583/1734/1583 1558/1709/1558 1587/1738/1587
f 1558/1709/1558 1559/1710/1559 1587/1738/1587
f 1582/1733/1582 1555/1706/1555 1558/1709/1558
f 1558/1709/1558 1555/1706/1555 1557/1708/1557
f 1584/1735/1584 1589/1740/1589 1555/1706/1555
f 1589/1740/1589 1584/1735/1584 1585/1736/1585
f 1584/1735/1584 1555/1706/1555 1582/1733/1582
f 1589/1740/1589 1546/1697/1546 1555/1706/1555
f 1576/1727/1576 1577/1728/1577 1590/1741/1590
f 1571/1722/1571 1585/1736/1585 1572/1723/1572
f 1576/1727/1576 1585/1736/1585 1571/1722/1571
f 1590/1741/1590 1585/1736/1585 1576/1727/1576
f 1590/1741/1590 1577/1728/1577 1591/1742/1591
f 1580/1731/1580 1577/1728/1577 1578/1729/1578
f 1580/1731/1580 1591/1742/1591 1577/1728/1577
f 1592/1743/1592 1580/1731/1580 1581/1732/1581
f 1590/1741/1590 1537/1688/1537 1544/1695/1544
f 1591/1742/1591 1537/1688/1537 1590/1741/1590
f 1585/1736/1585 1544/1695/1544 1589/1740/1589
f 1590/1741/1590 1544/1695/1544 1585/1736/1585
f 1537/1688/1537 1545/1696/1545 1544/1695/1544
f 1589/1740/1589 1544/1695/1544 1546/1697/1546
f 1591/1742/1591 1580/1731/1580 1592/1743/1592
f 1537/1688/1537 1591/1742/1591 1536/1687/1536
f 1592/1743/1592 1536/1687/1536 1591/1742/1591
f 1549/1700/1549 1536/1687/1536 1592/1743/1592
f 1536/1687/1536 1549/1700/1549 1534/1685/1534
f 1217/1335/1217 1488/1639/1488 1579/1730/1579
f 1579/1730/1579 1488/1639/1488 1581/1732/1581
f 1581/1732/1581 1488/1639/1488 1593/1744/1593
f 1341/1473/1341 1488/1639/1488 1217/1335/1217
f 1488/1639/1488 1490/1641/1490 1593/1744/1593
f 1490/1641/1490 1594/1745/1594 1593/1744/1593
f 1593/1744/1593 1592/1743/1592 1581/1732/1581
f 1592/1743/1592 1593/1744/1593 1594/1745/1594
f 1594/1745/1594 1595/1746/1595 1549/1700/1549
f 1549/1700/1549 1592/1743/1592 1594/1745/1594
f 1595/1746/1595 1493/1644/1493 1549/1700/1549
f 1549/1700/1549 1493/1644/1493 1543/1694/1543
f 1493/1644/1493 1513/1664/1513 1543/1694/1543
f 1493/1644/1493 1494/1645/1494 1513/1664/1513
f 1533/1684/1533 1532/1683/1532 1596/1747/1596
f 1551/1702/1551 1597/1748/1597 1598/1749/1598
f 1566/1717/1566 1527/1678/1527 1599/1750/1599
f 1597/1748/1597 1554/1705/1554 1599/1750/1599
f 1527/1678/1527 1600/1751/1600 1599/1750/1599
f 1527/1678/1527 1526/1677/1526 1600/1751/1600
f 1526/1677/1526 1601/1752/1601 1600/1751/1600
f 1602/1753/1602 1603/1754/1603 1604/1755/1604
f 1605/1756/1605 1606/1757/1606 1604/1755/1604
f 1607/1758/1607 1608/1759/1608 1602/1753/1602
f 1607/1758/1607 1531/1682/1531 1608/1759/1608
f 1602/1753/1602 1608/1759/1608 1603/1754/1603
f 1609/1760/1609 1610/1761/1610 1611/1762/1611
f 1562/1713/1562 1560/1711/1560 1610/1761/1610
f 1612/1763/1612 1610/1761/1610 1560/1711/1560
f 1613/1764/1613 1611/1762/1611 1614/1765/1614
f 1611/1762/1611 1615/1766/1615 1614/1765/1614
f 1615/1766/1615 1616/1767/1616 1617/1768/1617
f 1611/1762/1611 1610/1761/1610 1612/1763/1612
f 1612/1763/1612 1615/1766/1615 1611/1762/1611
f 1612/1763/1612 1616/1767/1616 1615/1766/1615
f 1618/1769/1618 1616/1767/1616 1612/1763/1612
f 1618/1769/1618 1606/1757/1606 1616/1767/1616
f 1602/1753/1602 1606/1757/1606 1618/1769/1618
f 1616/1767/1616 1606/1757/1606 1619/1770/1619
f 1616/1767/1616 1619/1770/1619 1617/1768/1617
f 1602/1753/1602 1618/1769/1618 1607/1758/1607
f 1335/1467/1335 1573/1724/1573 1620/1771/1620
f 1620/1771/1620 1573/1724/1573 1621/1772/1621
f 1622/1773/1622 1623/1774/1623 1336/1468/1336
f 1623/1774/1623 1624/1775/1624 1336/1468/1336
f 1625/1776/1625 1624/1775/1624 1623/1774/1623
f 1620/1771/1620 1621/1772/1621 1337/1469/1337
f 1621/1772/1621 1622/1773/1622 1337/1469/1337
f 1337/1469/1337 1622/1773/1622 1336/1468/1336
f 1622/1773/1622 1626/1777/1626 1623/1774/1623
f 1621/1772/1621 1626/1777/1626 1622/1773/1622
f 1342/1474/1342 1336/1468/1336 1624/1775/1624
f 1586/1737/1586 1626/1777/1626 1621/1772/1621
f 1626/1777/1626 1625/1776/1625 1623/1774/1623
f 1588/1739/1588 1625/1776/1625 1626/1777/1626
f 1626/1777/1626 1586/1737/1586 1588/1739/1588
f 1588/1739/1588 1587/1738/1587 1562/1713/1562
f 1625/1776/1625 1588/1739/1588 1627/1778/1627
f 1588/1739/1588 1609/1760/1609 1627/1778/1627
f 1562/1713/1562 1609/1760/1609 1588/1739/1588
f 1609/1760/1609 1562/1713/1562 1610/1761/1610
f 1624/1775/1624 1625/1776/1625 1627/1778/1627
f 1624/1775/1624 1627/1778/1627 1628/1779/1628
f 1609/1760/1609 1611/1762/1611 1613/1764/1613
f 1627/1778/1627 1609/1760/1609 1613/1764/1613
f 1613/1764/1613 1628/1779/1628 1627/1778/1627
f 1618/1769/1618 1612/1763/1612 1563/1714/1563
f 1618/1769/1618 1563/1714/1563 1607/1758/1607
f 1416/1559/1416 1461/1607/1461 1413/1556/1413
f 1508/1659/1508 1448/1618/1448 1449/1594/1449
f 1449/1594/1449 1452/1596/1452 1508/1659/1508
f 1456/1601/1456 1462/1608/1462 1457/1602/1457
f 1465/1611/1465 1456/1601/1456 1458/1603/1458
f 1465/1613/1465 1458/1604/1458 1446/1589/1446
f 1454/1598/1454 1446/1589/1446 1458/1604/1458
f 1418/1561/1418 1450/1593/1450 1485/1637/1485
f 1461/1607/1461 1447/1590/1447 1413/1556/1413
f 1500/1651/1500 1481/1631/1481 1484/1634/1484
f 1483/1633/1483 1486/1636/1486 1484/1634/1484
f 1499/1650/1499 1519/1670/1519 1481/1631/1481
f 1419/1562/1419 1418/1561/1418 1485/1637/1485
f 1595/1746/1595 1490/1641/1490 1491/1642/1491
f 1493/1644/1493 1595/1746/1595 1491/1642/1491
f 1477/1627/1477 1496/1647/1496 1497/1648/1497
f 1496/1647/1496 1477/1627/1477 1519/1670/1519
f 1455/1600/1455 1508/1659/1508 1452/1596/1452
f 1510/1661/1510 1462/1608/1462 1464/1610/1464
f 1513/1664/1513 1494/1645/1494 1496/1647/1496
f 1514/1665/1514 1496/1647/1496 1519/1670/1519
f 1607/1758/1607 1563/1714/1563 1531/1682/1531
f 1596/1747/1596 1550/1701/1550 1551/1702/1551
f 1543/1694/1543 1513/1664/1513 1515/1666/1515
f 1518/1669/1518 1564/1715/1564 1515/1666/1515
f 1335/1467/1335 1309/1434/1309 1573/1724/1573
f 1573/1724/1573 1586/1737/1586 1621/1772/1621
f 1559/1710/1559 1562/1713/1562 1587/1738/1587
f 1594/1745/1594 1490/1641/1490 1595/1746/1595
f 1532/1683/1532 1550/1701/1550 1596/1747/1596
f 1553/1704/1553 1597/1748/1597 1551/1702/1551
f 1597/1748/1597 1553/1704/1553 1554/1705/1554
f 1566/1717/1566 1599/1750/1599 1554/1705/1554
f 1602/1753/1602 1604/1755/1604 1606/1757/1606
f 1606/1757/1606 1605/1756/1605 1619/1770/1619
f 1619/1770/1619 1605/1756/1605 1629/1780/1629
f 1563/1714/1563 1612/1763/1612 1560/1711/1560
f 1467/1615/1467 1630/1781/1630 1631/1782/1631
f 1632/1783/1632 1633/1784/1633 1630/1781/1630
f 1634/1785/1634 1512/1663/1512 1635/1786/1635
f 1512/1663/1512 1636/1787/1636 1635/1786/1635
f 1634/1785/1634 1635/1786/1635 1637/1788/1637
f 1637/1788/1637 1635/1786/1635 1638/1789/1638
f 1635/1786/1635 1636/1787/1636 1639/1790/1639
f 1636/1787/1636 1640/1791/1640 1639/1790/1639
f 1639/1790/1639 1640/1791/1640 1641/1792/1641
f 1463/1609/1463 1642/1793/1642 1636/1787/1636
f 1642/1793/1642 1640/1791/1640 1636/1787/1636
f 1643/1794/1643 1640/1791/1640 1642/1793/1642
f 1642/1793/1642 1466/1614/1466 1643/1794/1643
f 1466/1612/1466 1467/1615/1467 1643/1795/1643
f 1467/1615/1467 1644/1796/1644 1643/1795/1643
f 1631/1782/1631 1644/1796/1644 1467/1615/1467
f 1645/1797/1645 1637/1788/1637 1646/1798/1646
f 1637/1788/1637 1645/1797/1645 1634/1785/1634
f 1647/1799/1647 1637/1788/1637 1638/1789/1638
f 1601/1752/1601 1645/1797/1645 1646/1798/1646
f 1648/1800/1648 1649/1801/1649 1650/1802/1650
f 1651/1803/1651 1648/1800/1648 1650/1802/1650
f 1652/1804/1652 1648/1800/1648 1651/1803/1651
f 1653/1805/1653 1648/1800/1648 1654/1806/1654
f 1648/1800/1648 1652/1804/1652 1654/1806/1654
f 1598/1749/1598 1650/1802/1650 1596/1747/1596
f 1654/1806/1654 1652/1804/1652 1655/1807/1655
f 1656/1808/1656 1657/1809/1657 1658/1810/1658
f 1658/1810/1658 1657/1809/1657 1659/1811/1659
f 1660/1812/1660 1646/1798/1646 1661/1813/1661
f 1662/1814/1662 1657/1809/1657 1656/1808/1656
f 1657/1809/1657 1662/1814/1662 1663/1815/1663
f 1662/1814/1662 1660/1812/1660 1661/1813/1661
f 1663/1815/1663 1662/1814/1662 1664/1816/1664
f 1662/1814/1662 1661/1813/1661 1664/1816/1664
f 1661/1813/1661 1665/1817/1665 1664/1816/1664
f 1664/1816/1664 1665/1817/1665 1666/1818/1666
f 1666/1818/1666 1665/1817/1665 1647/1799/1647
f 1656/1808/1656 1667/1819/1667 1660/1812/1660
f 1667/1819/1667 1656/1808/1656 1668/1820/1668
f 1656/1808/1656 1660/1812/1660 1662/1814/1662
f 1600/1751/1600 1646/1798/1646 1660/1812/1660
f 1601/1752/1601 1646/1798/1646 1600/1751/1600
f 1637/1788/1637 1665/1817/1665 1646/1798/1646
f 1647/1799/1647 1665/1817/1665 1637/1788/1637
f 1669/1821/1669 1649/1801/1649 1648/1800/1648
f 1648/1800/1648 1653/1805/1653 1669/1821/1669
f 1646/1798/1646 1665/1817/1665 1661/1813/1661
f 1670/1822/1670 1671/1823/1671 1672/1824/1672
f 1617/1768/1617 1629/1780/1629 1670/1822/1670
f 1670/1822/1670 1629/1780/1629 1671/1823/1671
f 1628/1779/1628 1613/1764/1613 1673/1825/1673
f 1613/1764/1613 1614/1765/1614 1672/1824/1672
f 1613/1764/1613 1672/1824/1672 1673/1825/1673
f 1674/1826/1674 1396/1538/1396 1675/1827/1675
f 1394/1535/1394 1676/1828/1676 1396/1538/1396
f 1676/1828/1676 1675/1827/1675 1396/1538/1396
f 1677/1829/1677 1674/1826/1674 1675/1827/1675
f 1676/1828/1676 1628/1779/1628 1675/1827/1675
f 1628/1779/1628 1673/1825/1673 1675/1827/1675
f 1675/1827/1675 1678/1830/1678 1677/1829/1677
f 1674/1826/1674 1677/1829/1677 1679/1831/1679
f 1677/1829/1677 1680/1832/1680 1679/1831/1679
f 1677/1829/1677 1681/1833/1681 1680/1832/1680
f 1678/1830/1678 1681/1833/1681 1677/1829/1677
f 1675/1827/1675 1673/1825/1673 1678/1830/1678
f 1673/1825/1673 1672/1824/1672 1678/1830/1678
f 1678/1830/1678 1672/1824/1672 1682/1834/1682
f 1681/1833/1681 1678/1830/1678 1682/1834/1682
f 1683/1835/1683 1684/1836/1684 1682/1834/1682
f 1681/1833/1681 1682/1834/1682 1684/1836/1684
f 1683/1835/1683 1682/1834/1682 1671/1823/1671
f 1672/1824/1672 1671/1823/1671 1682/1834/1682
f 1671/1823/1671 1685/1837/1685 1683/1835/1683
f 1686/1838/1686 1685/1837/1685 1671/1823/1671
f 1629/1780/1629 1686/1838/1686 1671/1823/1671
f 1679/1831/1679 1680/1832/1680 1406/1839/1406
f 1680/1832/1680 1681/1833/1681 1406/1839/1406
f 1392/1533/1392 1687/1840/1687 1393/1534/1393
f 1687/1840/1687 1392/1533/1392 1406/1549/1406
f 1406/1839/1406 1681/1833/1681 1687/1841/1687
f 1681/1833/1681 1688/1842/1688 1687/1841/1687
f 1689/1843/1689 1690/1844/1690 1688/1842/1688
f 1688/1842/1688 1681/1833/1681 1689/1843/1689
f 1681/1833/1681 1684/1836/1684 1689/1843/1689
f 1685/1837/1685 1691/1845/1691 1683/1835/1683
f 1629/1780/1629 1605/1756/1605 1686/1838/1686
f 1043/1141/1043 1044/1142/1044 1046/1144/1046
f 1043/1141/1043 1041/1139/1041 1042/1140/1042
f 1692/1846/1692 1047/1145/1047 1048/1146/1048
f 1001/1099/1001 1116/1217/1116 1067/1168/1067
f 1416/1559/1416 1415/1558/1415 1052/1150/1052
f 1052/1150/1052 1054/1152/1054 1416/1559/1416
f 1052/1150/1052 1037/1135/1037 1054/1152/1054
f 1001/1099/1001 1067/1168/1067 1002/1100/1002
f 1059/1157/1059 995/1093/995 1002/1100/1002
f 1061/1159/1061 1002/1100/1002 1067/1168/1067
f 1054/1152/1054 1056/1154/1056 1416/1559/1416
f 1056/1154/1056 1055/1153/1055 1693/1847/1693
f 1055/1153/1055 1694/1848/1694 1693/1847/1693
f 1037/1135/1037 1039/1137/1039 1054/1152/1054
f 1059/1157/1059 1695/1849/1695 995/1093/995
f 1695/1849/1695 1696/1850/1696 995/1093/995
f 1061/1159/1061 1059/1157/1059 1002/1100/1002
f 1067/1168/1067 1116/1217/1116 1065/1165/1065
f 1697/1851/1697 1142/1249/1142 1698/1852/1698
f 1062/1160/1062 1142/1249/1142 1697/1851/1697
f 1697/1851/1697 1066/1166/1066 1062/1160/1062
f 1213/1331/1213 1099/1200/1099 1094/1195/1094
f 1096/1197/1096 1046/1144/1046 1692/1846/1692
f 1043/1141/1043 1046/1144/1046 1096/1197/1096
f 1047/1145/1047 1692/1846/1692 1046/1144/1046
f 1125/1229/1125 1126/1231/1126 1124/1230/1124
f 1143/1250/1143 1142/1249/1142 1062/1160/1062
f 1063/1162/1063 1139/1245/1139 1143/1250/1143
f 1143/1250/1143 1062/1160/1062 1063/1162/1063
f 1063/1164/1063 1064/1163/1064 1065/1165/1065
f 1149/1256/1149 1191/1302/1191 1151/1258/1151
f 1102/1203/1102 1699/1853/1699 1113/1214/1113
f 1699/1853/1699 1102/1203/1102 1106/1207/1106
f 1156/1263/1156 1190/1301/1190 1162/1269/1162
f 1156/1263/1156 1152/1259/1152 1190/1301/1190
f 1191/1302/1191 1152/1259/1152 1151/1258/1151
f 1190/1301/1190 1152/1259/1152 1191/1302/1191
f 1172/1279/1172 1123/1227/1123 1173/1280/1173
f 1123/1227/1123 1172/1279/1172 1171/1278/1171
f 1421/1564/1421 1110/1211/1110 1113/1214/1113
f 1428/1571/1428 1699/1853/1699 1106/1207/1106
f 1173/1280/1173 1123/1227/1123 1124/1228/1124
f 1124/1230/1124 1126/1231/1126 1173/1281/1173
f 1128/1234/1128 1130/1236/1130 1700/1854/1700
f 1168/1275/1168 1700/1854/1700 1135/1241/1135
f 1130/1236/1130 1135/1241/1135 1700/1854/1700
f 1174/1282/1174 1099/1200/1099 1213/1331/1213
f 1111/1212/1111 1340/1472/1340 1214/1332/1214
f 1275/1396/1275 1276/1397/1276 1378/1515/1378
f 1254/1375/1254 1346/1478/1346 1277/1398/1277
f 1280/1401/1280 1281/1402/1281 1278/1399/1278
f 1302/1427/1302 1569/1720/1569 1309/1434/1309
f 1238/1358/1238 1217/1335/1217 1579/1730/1579
f 1171/1278/1171 1168/1275/1168 1135/1241/1135
f 1174/1282/1174 1126/1231/1126 1099/1200/1099
f 1213/1331/1213 1094/1195/1094 1100/1201/1100
f 1100/1201/1100 1111/1212/1111 1214/1332/1214
f 1111/1212/1111 1164/1271/1164 1340/1472/1340
f 1271/1392/1271 1275/1396/1275 1378/1515/1378
f 1327/1456/1327 1332/1461/1332 1374/1508/1374
f 1315/1440/1315 1320/1465/1320 1332/1461/1332
f 1320/1465/1320 1333/1462/1333 1332/1461/1332
f 1334/1464/1334 1375/1510/1375 1333/1462/1333
f 1241/1362/1241 1339/1855/1339 1240/1361/1240
f 1237/1357/1237 1230/1350/1230 1304/1429/1304
f 1334/1466/1334 1325/1454/1325 1676/1828/1676
f 1334/1466/1334 1676/1828/1676 1394/1535/1394
f 1310/1435/1310 1309/1434/1309 1335/1467/1335
f 1393/1534/1393 1409/1552/1409 1370/1502/1370
f 1397/1540/1397 1398/1541/1398 1408/1551/1408
f 1370/1502/1370 1409/1552/1409 1398/1541/1398
f 1405/1548/1405 1408/1551/1408 1410/1553/1410
f 1405/1548/1405 1397/1540/1397 1408/1551/1408
f 1404/1547/1404 1405/1548/1405 1410/1553/1410
f 1387/1539/1387 1395/1536/1395 1679/1831/1679
f 1679/1831/1679 1388/1856/1388 1387/1539/1387
f 1348/1480/1348 1280/1401/1280 1277/1398/1277
f 1271/1392/1271 1343/1475/1343 1270/1391/1270
f 1346/1478/1346 1254/1375/1254 1270/1391/1270
f 1372/1505/1372 1276/1397/1276 1330/1459/1330
f 1372/1505/1372 1378/1515/1378 1276/1397/1276
f 1343/1475/1343 1271/1392/1271 1378/1515/1378
f 1390/1531/1390 1406/1549/1406 1392/1533/1392
f 1391/1532/1391 1392/1533/1392 1393/1534/1393
f 1400/1543/1400 1404/1547/1404 1701/1857/1701
f 1110/1211/1110 1421/1564/1421 1419/1562/1419
f 1421/1564/1421 1699/1853/1699 1422/1565/1422
f 1421/1564/1421 1113/1214/1113 1699/1853/1699
f 1422/1565/1422 1699/1853/1699 1428/1571/1428
f 1106/1207/1106 1105/1206/1105 1428/1571/1428
f 1417/1560/1417 1050/1148/1050 1412/1555/1412
f 1412/1555/1412 1050/1148/1050 1415/1558/1415
f 1052/1150/1052 1415/1558/1415 1050/1148/1050
f 1416/1559/1416 1056/1154/1056 1461/1607/1461
f 1056/1154/1056 1693/1847/1693 1460/1606/1460
f 1702/1858/1702 1467/1615/1467 1445/1588/1445
f 1466/1612/1466 1446/1589/1446 1467/1615/1467
f 1339/1471/1339 1471/1621/1471 1338/1470/1338
f 1241/1362/1241 1472/1859/1472 1339/1855/1339
f 1241/1362/1241 1340/1472/1340 1472/1859/1472
f 1340/1472/1340 1473/1860/1473 1472/1859/1472
f 1164/1271/1164 1473/1860/1473 1340/1472/1340
f 1519/1670/1519 1480/1630/1480 1481/1631/1481
f 1243/1364/1243 1487/1638/1487 1242/1363/1242
f 1239/1359/1239 1469/1619/1469 1244/1365/1244
f 1503/1654/1503 1523/1674/1523 1521/1672/1521
f 1304/1429/1304 1567/1718/1567 1302/1427/1302
f 1302/1427/1302 1567/1718/1567 1569/1720/1569
f 1232/1352/1232 1570/1721/1570 1230/1350/1230
f 1570/1721/1570 1232/1352/1232 1578/1729/1578
f 1232/1352/1232 1238/1358/1238 1578/1729/1578
f 1533/1684/1533 1649/1801/1649 1531/1682/1531
f 1596/1747/1596 1551/1702/1551 1598/1749/1598
f 1597/1748/1597 1599/1750/1599 1598/1749/1598
f 1604/1755/1604 1703/1861/1703 1605/1756/1605
f 1649/1801/1649 1608/1759/1608 1531/1682/1531
f 1337/1469/1337 1335/1467/1335 1620/1771/1620
f 1676/1828/1676 1342/1474/1342 1624/1775/1624
f 1676/1828/1676 1624/1775/1624 1628/1779/1628
f 1702/1858/1702 1630/1781/1630 1467/1615/1467
f 1464/1610/1464 1636/1787/1636 1512/1663/1512
f 1636/1787/1636 1464/1610/1464 1463/1609/1463
f 1463/1609/1463 1466/1614/1466 1642/1793/1642
f 1650/1802/1650 1649/1801/1649 1533/1684/1533
f 1533/1684/1533 1596/1747/1596 1650/1802/1650
f 1667/1819/1667 1598/1749/1598 1599/1750/1599
f 1599/1750/1599 1660/1812/1660 1667/1819/1667
f 1599/1750/1599 1600/1751/1600 1660/1812/1660
f 1603/1754/1603 1608/1759/1608 1704/1862/1704
f 1649/1801/1649 1669/1821/1669 1608/1759/1608
f 1669/1821/1669 1704/1862/1704 1608/1759/1608
f 1672/1824/1672 1614/1765/1614 1670/1822/1670
f 1614/1765/1614 1615/1766/1615 1670/1822/1670
f 1615/1766/1615 1617/1768/1617 1670/1822/1670
f 1619/1770/1619 1629/1780/1629 1617/1768/1617
f 1325/1454/1325 1342/1474/1342 1676/1828/1676
f 1674/1826/1674 1679/1831/1679 1395/1536/1395
f 1396/1538/1396 1674/1826/1674 1395/1536/1395
f 1406/1839/1406 1388/1856/1388 1679/1831/1679
f 1705/1863/1705 1706/1864/1706 1707/1865/1707
f 1707/1865/1707 1708/1866/1708 1709/1867/1709
f 1708/1866/1708 1710/1868/1710 1709/1867/1709
f 1711/1869/1711 1712/1870/1712 1713/1871/1713
f 981/1079/981 1711/1869/1711 1714/1872/1714
f 1713/1871/1713 1714/1872/1714 1711/1869/1711
f 1712/1870/1712 1707/1865/1707 1715/1873/1715
f 1712/1870/1712 1715/1873/1715 1713/1871/1713
f 1715/1873/1715 1716/1874/1716 1713/1871/1713
f 1716/1874/1716 1715/1873/1715 1717/1875/1717
f 1718/1876/1718 981/1079/981 1714/1872/1714
f 1718/1876/1718 1714/1872/1714 1719/1877/1719
f 1714/1872/1714 1713/1871/1713 1720/1878/1720
f 1718/1876/1718 1719/1877/1719 1721/1879/1721
f 1719/1880/1719 1722/1881/1722 1721/1882/1721
f 1714/1872/1714 1720/1878/1720 1719/1877/1719
f 1719/1880/1719 1720/1883/1720 1723/1884/1723
f 1724/1885/1724 1725/1886/1725 1726/1887/1726
f 1713/1871/1713 1716/1874/1716 1720/1878/1720
f 1722/1881/1722 1719/1880/1719 1727/1888/1727
f 1719/1880/1719 1723/1884/1723 1727/1888/1727
f 1723/1884/1723 1728/1889/1728 1729/1890/1729
f 1730/1891/1730 1723/1884/1723 1729/1890/1729
f 1729/1890/1729 1728/1889/1728 1726/1887/1726
f 1729/1890/1729 1725/1886/1725 1731/1892/1731
f 1725/1886/1725 1729/1890/1729 1726/1887/1726
f 1710/1868/1710 1717/1875/1717 1709/1867/1709
f 1710/1868/1710 1732/1893/1732 1717/1875/1717
f 105/113/105 1733/1894/1733 1732/1893/1732
f 1733/1895/1733 1724/1885/1724 1726/1887/1726
f 1733/1895/1733 105/118/105 1724/1885/1724
f 1717/1875/1717 1732/1893/1732 1733/1894/1733
f 1727/1888/1727 1730/1891/1730 1734/1896/1734
f 1730/1891/1730 1735/1897/1735 1734/1896/1734
f 1735/1897/1735 1736/1898/1736 1734/1896/1734
f 1737/1899/1737 1735/1897/1735 1731/1892/1731
f 1737/1899/1737 1736/1898/1736 1735/1897/1735
f 1738/1900/1738 1739/1901/1739 1740/1902/1740
f 1740/1902/1740 1741/1903/1741 1738/1900/1738
f 1741/1903/1741 1740/1902/1740 1742/1904/1742
f 1743/1905/1743 1742/1904/1742 1740/1902/1740
f 1739/1901/1739 1744/1906/1744 1745/1907/1745
f 1745/1907/1745 1744/1906/1744 1746/1908/1746
f 1745/1907/1745 1740/1902/1740 1739/1901/1739
f 1745/1907/1745 1746/1908/1746 1747/1909/1747
f 1746/1908/1746 1722/1881/1722 1747/1909/1747
f 1745/1907/1745 1743/1905/1743 1740/1902/1740
f 1744/1906/1744 1721/1882/1721 1746/1908/1746
f 1721/1882/1721 1722/1881/1722 1746/1908/1746
f 1747/1909/1747 1727/1888/1727 1734/1896/1734
f 1723/1884/1723 1730/1891/1730 1727/1888/1727
f 1722/1881/1722 1727/1888/1727 1747/1909/1747
f 1748/1910/1748 1749/1911/1749 1750/1912/1750
f 1750/1912/1750 1751/1913/1751 1748/1910/1748
f 1752/1914/1752 1753/1915/1753 1754/1916/1754
f 1755/1917/1755 1756/1918/1756 1757/1919/1757
f 1758/1920/1758 1756/1918/1756 1754/1916/1754
f 1756/1918/1756 1752/1914/1752 1754/1916/1754
f 1757/1919/1757 1756/1918/1756 1758/1920/1758
f 1737/1899/1737 1759/1921/1759 1760/1922/1760
f 1759/1921/1759 1753/1915/1753 1760/1922/1760
f 1756/1918/1756 1761/1923/1761 1762/1924/1762
f 156/167/156 1755/1917/1755 117/128/117
f 1761/1923/1761 156/167/156 1763/1925/1763
f 1761/1923/1761 1755/1917/1755 156/167/156
f 1764/1926/1764 1762/1924/1762 1761/1923/1761
f 1765/1927/1765 1766/1928/1766 1767/1929/1767
f 1768/1930/1768 1752/1914/1752 1762/1924/1762
f 1768/1930/1768 1765/1927/1765 1752/1914/1752
f 1769/1931/1769 1770/1932/1770 1771/1933/1771
f 1771/1933/1771 1768/1930/1768 1769/1931/1769
f 1772/1934/1772 1773/1935/1773 1774/1936/1774
f 1772/1934/1772 1769/1931/1769 1773/1935/1773
f 1766/1928/1766 1765/1927/1765 1775/1937/1775
f 1776/1938/1776 1775/1937/1775 1771/1933/1771
f 1765/1927/1765 1768/1930/1768 1775/1937/1775
f 1768/1930/1768 1771/1933/1771 1775/1937/1775
f 1777/1939/1777 1778/1940/1778 1779/1941/1779
f 1780/1942/1780 1777/1939/1777 1781/1943/1781
f 1780/1942/1780 1782/1944/1782 1777/1939/1777
f 1777/1939/1777 1782/1944/1782 1778/1940/1778
f 1783/1945/1783 1784/1946/1784 1782/1944/1782
f 1785/1947/1785 1786/1948/1786 1787/1949/1787
f 1784/1946/1784 1785/1947/1785 1787/1949/1787
f 1778/1940/1778 1784/1946/1784 1788/1950/1788
f 1789/1951/1789 1779/1941/1779 1778/1940/1778
f 1789/1951/1789 1778/1940/1778 1788/1950/1788
f 1778/1940/1778 1782/1944/1782 1784/1946/1784
f 1790/1952/1790 1770/1932/1770 1791/1953/1791
f 1792/1954/1792 1790/1952/1790 1791/1953/1791
f 1776/1938/1776 1793/1955/1793 1766/1928/1766
f 1794/1956/1794 1766/1928/1766 1793/1955/1793
f 1787/1949/1787 1786/1948/1786 1794/1956/1794
f 1766/1928/1766 1775/1937/1775 1776/1938/1776
f 1795/1957/1795 1781/1943/1781 1796/1958/1796
f 1795/1957/1795 1797/1959/1797 1781/1943/1781
f 1797/1959/1797 1780/1942/1780 1781/1943/1781
f 1798/1960/1798 1799/1961/1799 1800/1962/1800
f 1781/1943/1781 1798/1960/1798 1796/1958/1796
f 1798/1960/1798 1801/1963/1801 1799/1961/1799
f 1777/1939/1777 1779/1941/1779 1801/1963/1801
f 1801/1963/1801 1798/1960/1798 1781/1943/1781
f 1781/1943/1781 1777/1939/1777 1801/1963/1801
f 1799/1961/1799 1801/1963/1801 1779/1941/1779
f 1802/1964/1802 1782/1944/1782 1780/1942/1780
f 1782/1944/1782 1802/1964/1802 1783/1945/1783
f 1785/1947/1785 1784/1946/1784 1783/1945/1783
f 1803/1965/1803 1804/1966/1804 1805/1967/1805
f 1805/1967/1805 1804/1966/1804 1806/1968/1806
f 1807/1969/1807 1806/1968/1806 1804/1966/1804
f 1808/1970/1808 1803/1965/1803 1809/1971/1809
f 1808/1970/1808 1809/1971/1809 1810/1972/1810
f 1809/1971/1809 1803/1965/1803 1805/1967/1805
f 1811/1973/1811 1803/1965/1803 1808/1970/1808
f 1803/1965/1803 1811/1973/1811 1812/1974/1812
f 1813/1975/1813 1814/1976/1814 1815/1977/1815
f 1813/1975/1813 1816/1978/1816 1814/1976/1814
f 1816/1978/1816 1813/1975/1813 1817/1979/1817
f 1818/1980/1818 1815/1977/1815 1819/1981/1819
f 1820/1982/1820 1821/1983/1821 1818/1980/1818
f 1821/1983/1821 1815/1977/1815 1818/1980/1818
f 1822/1984/1822 1815/1977/1815 1814/1976/1814
f 1815/1977/1815 1821/1983/1821 1813/1975/1813
f 1821/1983/1821 1823/1985/1823 1813/1975/1813
f 1824/1986/1824 1825/1987/1825 1826/1988/1826
f 1779/1941/1779 1789/1951/1789 1825/1987/1825
f 1825/1987/1825 1789/1951/1789 1826/1988/1826
f 1827/1989/1827 1826/1988/1826 1789/1951/1789
f 1827/1989/1827 1828/1990/1828 1829/1991/1829
f 1830/1992/1830 1826/1988/1826 1827/1989/1827
f 1830/1992/1830 1827/1989/1827 1829/1991/1829
f 1831/1993/1831 1830/1992/1830 1829/1991/1829
f 1829/1991/1829 1790/1952/1790 1832/1994/1832
f 1790/1952/1790 1792/1954/1792 1832/1994/1832
f 1791/1953/1791 1833/1995/1833 1792/1954/1792
f 1833/1995/1833 1791/1953/1791 1772/1934/1772
f 1834/1996/1834 1835/1997/1835 1836/1998/1836
f 1836/1998/1836 1837/1999/1837 1834/1996/1834
f 1838/2000/1838 1839/2001/1839 1840/2002/1840
f 1839/2001/1839 1824/1986/1824 1840/2002/1840
f 1835/1997/1835 1834/1996/1834 1840/2002/1840
f 1840/2002/1840 1824/1986/1824 1835/1997/1835
f 1824/1986/1824 1826/1988/1826 1830/1992/1830
f 1824/1986/1824 1830/1992/1830 1835/1997/1835
f 1835/1997/1835 1830/1992/1830 1841/2003/1841
f 1836/1998/1836 1835/1997/1835 1841/2003/1841
f 1820/1982/1820 1837/1999/1837 1821/1983/1821
f 1837/1999/1837 1842/2004/1842 1821/1983/1821
f 1837/1999/1837 1836/1998/1836 1842/2004/1842
f 1843/2005/1843 1842/2004/1842 1836/1998/1836
f 1821/1983/1821 1842/2004/1842 1823/1985/1823
f 1842/2004/1842 1844/2006/1844 1823/1985/1823
f 1842/2004/1842 1843/2005/1843 1844/2006/1844
f 1823/1985/1823 1844/2006/1844 1845/2007/1845
f 1841/2003/1841 1830/1992/1830 1831/1993/1831
f 1831/1993/1831 1846/2008/1846 1843/2005/1843
f 1829/1991/1829 1832/1994/1832 1831/1993/1831
f 1832/1994/1832 1792/1954/1792 1847/2009/1847
f 1832/1994/1832 1846/2008/1846 1831/1993/1831
f 1846/2008/1846 1832/1994/1832 1847/2009/1847
f 1836/1998/1836 1841/2003/1841 1843/2005/1843
f 1831/1993/1831 1843/2005/1843 1841/2003/1841
f 1843/2005/1843 1846/2008/1846 1844/2006/1844
f 1823/1985/1823 1817/1979/1817 1813/1975/1813
f 1823/1985/1823 1845/2007/1845 1817/1979/1817
f 1845/2007/1845 1848/2010/1848 1817/1979/1817
f 1845/2007/1845 1849/2011/1849 1848/2010/1848
f 1850/2012/1850 1849/2011/1849 1845/2007/1845
f 1851/2013/1851 1849/2011/1849 1850/2012/1850
f 1847/2009/1847 1850/2012/1850 1846/2008/1846
f 1847/2009/1847 1851/2013/1851 1850/2012/1850
f 1847/2009/1847 1792/1954/1792 1833/1995/1833
f 1833/1995/1833 1851/2013/1851 1847/2009/1847
f 1844/2006/1844 1846/2008/1846 1850/2012/1850
f 1844/2006/1844 1850/2012/1850 1845/2007/1845
f 1852/2014/1852 1808/1970/1808 1810/1972/1810
f 1853/2015/1853 1848/2010/1848 1849/2011/1849
f 1848/2010/1848 1853/2015/1853 1854/2016/1854
f 1854/2016/1854 1853/2015/1853 1810/1972/1810
f 1851/2013/1851 1855/2017/1855 1856/2018/1856
f 1833/1995/1833 1772/1934/1772 1855/2017/1855
f 1851/2013/1851 1833/1995/1833 1855/2017/1855
f 1774/1936/1774 1855/2017/1855 1772/1934/1772
f 1857/2019/1857 1800/1962/1800 1799/1961/1799
f 1779/1941/1779 1857/2019/1857 1799/1961/1799
f 1779/1941/1779 1825/1987/1825 1857/2019/1857
f 1857/2019/1857 1825/1987/1825 1858/2020/1858
f 1825/1987/1825 1824/1986/1824 1858/2020/1858
f 1824/1986/1824 1839/2001/1839 1858/2020/1858
f 1839/2001/1839 1859/2021/1859 1858/2020/1858
f 1860/2022/1860 1861/2023/1861 1800/1962/1800
f 1860/2022/1860 1862/2024/1862 1861/2023/1861
f 1859/2021/1859 1863/2025/1863 1857/2019/1857
f 1800/1962/1800 1863/2025/1863 1864/2026/1864
f 1865/2027/1865 1820/1982/1820 1866/2028/1866
f 1865/2027/1865 1867/2029/1867 1820/1982/1820
f 1866/2028/1866 1819/1981/1819 1868/2030/1868
f 1869/2031/1869 1868/2030/1868 1819/1981/1819
f 1804/1966/1804 1870/2032/1870 1807/1969/1807
f 1786/1948/1786 1766/1928/1766 1794/1956/1794
f 1791/1953/1791 1769/1931/1769 1772/1934/1772
f 1791/1953/1791 1770/1932/1770 1769/1931/1769
f 1796/1958/1796 1861/2023/1861 1871/2033/1871
f 1796/1958/1796 1798/1960/1798 1861/2023/1861
f 1819/1981/1819 1815/1977/1815 1822/1984/1822
f 1867/2029/1867 1834/1996/1834 1837/1999/1837
f 1858/2020/1858 1859/2021/1859 1857/2019/1857
f 1859/2021/1859 1839/2001/1839 1872/2034/1872
f 1871/2033/1871 1861/2023/1861 1862/2024/1862
f 1798/1960/1798 1800/1962/1800 1861/2023/1861
f 1857/2019/1857 1863/2025/1863 1800/1962/1800
f 1838/2000/1838 1872/2034/1872 1839/2001/1839
f 1820/1982/1820 1867/2029/1867 1837/1999/1837
f 1866/2028/1866 1820/1982/1820 1818/1980/1818
f 1819/1981/1819 1866/2028/1866 1818/1980/1818
f 1873/2035/1873 1874/2036/1874 1875/2037/1875
f 1873/2035/1873 1875/2037/1875 1876/2038/1876
f 1874/2036/1874 1805/1967/1805 1875/2037/1875
f 1875/2037/1875 1805/1967/1805 1877/2039/1877
f 1877/2039/1877 1805/1967/1805 1806/1968/1806
f 1878/2040/1878 1879/2041/1879 1880/2042/1880
f 1878/2043/1878 1881/2044/1881 1879/2045/1879
f 1879/2041/1879 1882/2046/1882 1883/2047/1883
f 1881/2044/1881 1884/2048/1884 1879/2045/1879
f 1879/2045/1879 1884/2048/1884 1882/2049/1882
f 1883/2047/1883 1882/2046/1882 1885/2050/1885
f 1884/2048/1884 1886/2051/1886 1882/2049/1882
f 1885/2050/1885 1887/2052/1887 1888/2053/1888
f 1882/2046/1882 1887/2052/1887 1885/2050/1885
f 1882/2049/1882 1886/2051/1886 1887/2054/1887
f 1887/2052/1887 1889/2055/1889 1888/2053/1888
f 1888/2053/1888 1890/2056/1890 1891/2057/1891
f 1889/2055/1889 1890/2056/1890 1888/2053/1888
f 1887/2054/1887 1892/2058/1892 1889/2059/1889
f 1889/2059/1889 1892/2058/1892 1890/2060/1890
f 1892/2058/1892 1893/2061/1893 1890/2060/1890
f 1894/2062/1894 1895/2063/1895 1893/2061/1893
f 1895/2063/1895 1894/2062/1894 1896/2064/1896
f 1892/2058/1892 1886/2051/1886 1897/2065/1897
f 1892/2058/1892 1887/2054/1887 1886/2051/1886
f 1897/2065/1897 1894/2062/1894 1892/2058/1892
f 1892/2058/1892 1894/2062/1894 1893/2061/1893
f 1897/2065/1897 1854/2016/1854 1894/2062/1894
f 1880/2042/1880 1879/2041/1879 1883/2047/1883
f 1898/2066/1898 1899/2067/1899 1900/2068/1900
f 1880/2042/1880 1899/2067/1899 1898/2066/1898
f 1880/2042/1880 1883/2047/1883 1899/2067/1899
f 1899/2067/1899 1901/2069/1901 1900/2068/1900
f 1901/2069/1901 1899/2067/1899 1902/2070/1902
f 1899/2067/1899 1885/2050/1885 1902/2070/1902
f 1899/2067/1899 1883/2047/1883 1885/2050/1885
f 1903/2071/1903 1902/2070/1902 1904/2072/1904
f 1903/2071/1903 1904/2072/1904 1905/2073/1905
f 1902/2070/1902 1885/2050/1885 1888/2053/1888
f 1902/2070/1902 1891/2057/1891 1904/2072/1904
f 1891/2057/1891 1902/2070/1902 1888/2053/1888
f 1876/2038/1876 1875/2037/1875 1906/2074/1906
f 1907/2075/1907 1908/2076/1908 1909/2077/1909
f 1910/2078/1910 1908/2076/1908 1907/2075/1907
f 1906/2074/1906 1875/2037/1875 1877/2039/1877
f 1911/2079/1911 1912/2080/1912 1913/2081/1913
f 1909/2077/1909 1914/2082/1914 1907/2075/1907
f 1915/2083/1915 1916/2084/1916 1911/2079/1911
f 1917/2085/1917 1893/2061/1893 1895/2063/1895
f 1876/2038/1876 1896/2064/1896 1873/2035/1873
f 1894/2062/1894 1918/2086/1918 1873/2035/1873
f 1896/2064/1896 1894/2062/1894 1873/2035/1873
f 1895/2063/1895 1896/2064/1896 1876/2038/1876
f 1876/2038/1876 1907/2075/1907 1914/2082/1914
f 1919/2087/1919 1920/2088/1920 1921/2089/1921
f 1921/2089/1921 1920/2088/1920 1922/2090/1922
f 1903/2071/1903 1905/2073/1905 1919/2087/1919
f 1905/2073/1905 1923/2091/1923 1920/2088/1920
f 1920/2088/1920 1923/2091/1923 1922/2090/1922
f 1923/2091/1923 1924/2092/1924 1925/2093/1925
f 1915/2083/1915 1925/2093/1925 1924/2092/1924
f 1913/2081/1913 1915/2083/1915 1911/2079/1911
f 1919/2087/1919 1905/2073/1905 1920/2088/1920
f 1905/2073/1905 1924/2092/1924 1923/2091/1923
f 1904/2072/1904 1891/2057/1891 1905/2073/1905
f 1905/2073/1905 1891/2057/1891 1924/2092/1924
f 1924/2092/1924 1891/2057/1891 1916/2084/1916
f 1924/2092/1924 1916/2084/1916 1915/2083/1915
f 1926/2094/1926 1927/2095/1927 1878/2043/1878
f 1928/2096/1928 1898/2066/1898 1900/2068/1900
f 1928/2096/1928 1900/2068/1900 1929/2097/1929
f 1930/2098/1930 1878/2040/1878 1880/2042/1880
f 1931/2099/1931 1878/2040/1878 1930/2098/1930
f 1927/2095/1927 1881/2044/1881 1878/2043/1878
f 1930/2098/1930 1880/2042/1880 1898/2066/1898
f 1932/2100/1932 1933/2101/1933 1934/2102/1934
f 1935/2103/1935 1936/2104/1936 1934/2102/1934
f 1935/2103/1935 1937/2105/1937 1938/2106/1938
f 1935/2103/1935 1938/2106/1938 1936/2104/1936
f 1939/2107/1939 1940/2108/1940 1941/2109/1941
f 1942/2110/1942 1943/2111/1943 1940/2108/1940
f 1943/2111/1943 1944/2112/1944 1940/2108/1940
f 1940/2108/1940 1944/2112/1944 1941/2109/1941
f 1945/2113/1945 1946/2114/1946 1947/2115/1947
f 1946/2114/1946 1948/2116/1948 1947/2115/1947
f 1948/2116/1948 1949/2117/1949 1947/2115/1947
f 1950/2118/1950 1948/2116/1948 1946/2114/1946
f 1951/2119/1951 1947/2115/1947 1949/2117/1949
f 1952/2120/1952 1951/2119/1951 1953/2121/1953
f 1946/2114/1946 1954/2122/1954 1955/2123/1955
f 1950/2118/1950 1946/2114/1946 1955/2123/1955
f 1950/2124/1950 1955/2125/1955 1956/2126/1956
f 1957/2127/1957 1958/2128/1958 1959/2129/1959
f 1958/2128/1958 1957/2127/1957 1956/2126/1956
f 1959/2129/1959 1958/2128/1958 1960/2130/1960
f 1947/2115/1947 1961/2131/1961 1962/2132/1962
f 1951/2119/1951 1961/2131/1961 1947/2115/1947
f 1961/2131/1961 1951/2119/1951 1952/2120/1952
f 1960/2130/1960 1963/2133/1963 1860/2022/1860
f 1964/2134/1964 1965/2135/1965 1962/2132/1962
f 1962/2132/1962 1961/2131/1961 1966/2136/1966
f 1947/2115/1947 1962/2132/1962 1945/2113/1945
f 1967/2137/1967 1954/2122/1954 1945/2113/1945
f 1968/2138/1968 1969/2139/1969 1954/2122/1954
f 1945/2113/1945 1954/2122/1954 1946/2114/1946
f 1954/2122/1954 1969/2139/1969 1955/2123/1955
f 1956/2126/1956 1955/2125/1955 1969/2140/1969
f 1950/2118/1950 1970/2141/1970 1948/2116/1948
f 1951/2119/1951 1949/2117/1949 1953/2121/1953
f 1949/2117/1949 1971/2142/1971 1953/2121/1953
f 1948/2116/1948 1970/2141/1970 1949/2117/1949
f 1971/2142/1971 1949/2117/1949 1970/2141/1970
f 1970/2143/1970 1950/2124/1950 1972/2144/1972
f 1950/2124/1950 1956/2126/1956 1972/2144/1972
f 1957/2127/1957 1972/2144/1972 1956/2126/1956
f 1972/2144/1972 1971/2145/1971 1970/2143/1970
f 1971/2145/1971 1972/2144/1972 1973/2146/1973
f 1953/2121/1953 1971/2142/1971 1974/2147/1974
f 1973/2146/1973 1974/2148/1974 1971/2145/1971
f 1975/2149/1975 1976/2150/1976 1974/2148/1974
f 1974/2148/1974 1973/2146/1973 1975/2149/1975
f 1972/2144/1972 1977/2151/1977 1973/2146/1973
f 1973/2146/1973 1977/2151/1977 1978/2152/1978
f 1973/2146/1973 1979/2153/1979 1975/2149/1975
f 1979/2153/1979 1973/2146/1973 1978/2152/1978
f 1972/2144/1972 1957/2127/1957 1980/2154/1980
f 1959/2129/1959 1980/2154/1980 1957/2127/1957
f 1980/2154/1980 1977/2151/1977 1972/2144/1972
f 1959/2129/1959 1981/2155/1981 1980/2154/1980
f 1980/2154/1980 1981/2155/1981 1982/2156/1982
f 1864/2026/1864 1959/2129/1959 1960/2130/1960
f 1959/2129/1959 1864/2026/1864 1981/2155/1981
f 1980/2154/1980 1982/2156/1982 1977/2151/1977
f 1982/2156/1982 1978/2152/1978 1977/2151/1977
f 1983/2157/1983 1984/2158/1984 1985/2159/1985
f 1984/2158/1984 1983/2157/1983 1986/2160/1986
f 1983/2157/1983 1987/2161/1987 1986/2160/1986
f 1987/2161/1987 1988/2162/1988 1986/2160/1986
f 1984/2158/1984 1989/2163/1989 1985/2159/1985
f 1986/2160/1986 1988/2162/1988 1990/2164/1990
f 1987/2161/1987 1991/2165/1991 1992/2166/1992
f 1966/2136/1966 1992/2166/1992 1991/2165/1991
f 1988/2162/1988 1987/2161/1987 1992/2166/1992
f 1961/2131/1961 1992/2166/1992 1966/2136/1966
f 1952/2120/1952 1993/2167/1993 1992/2166/1992
f 1992/2166/1992 1993/2167/1993 1988/2162/1988
f 1952/2120/1952 1992/2166/1992 1961/2131/1961
f 1987/2161/1987 1994/2168/1994 1991/2165/1991
f 1991/2165/1991 1964/2134/1964 1966/2136/1966
f 1984/2158/1984 1995/2169/1995 1989/2163/1989
f 1986/2160/1986 1995/2169/1995 1984/2158/1984
f 1986/2160/1986 1996/2170/1996 1995/2169/1995
f 1986/2160/1986 1990/2164/1990 1996/2170/1996
f 1996/2170/1996 1997/2171/1997 1995/2169/1995
f 1996/2170/1996 1998/2172/1998 1997/2171/1997
f 1988/2162/1988 1993/2167/1993 1990/2164/1990
f 1993/2167/1993 1999/2173/1999 1990/2164/1990
f 1999/2173/1999 2000/2174/2000 1990/2164/1990
f 1990/2164/1990 2000/2174/2000 1996/2170/1996
f 2000/2174/2000 2001/2175/2001 1996/2170/1996
f 1999/2173/1999 2002/2176/2002 2000/2174/2000
f 2002/2177/2002 2003/2178/2003 2004/2179/2004
f 2002/2177/2002 1976/2150/1976 2003/2178/2003
f 1976/2150/1976 1975/2149/1975 2003/2178/2003
f 1997/2171/1997 2005/2180/2005 1995/2169/1995
f 2006/2181/2006 1989/2163/1989 2005/2180/2005
f 1989/2163/1989 1995/2169/1995 2005/2180/2005
f 1998/2172/1998 2005/2180/2005 1997/2171/1997
f 2001/2175/2001 1998/2172/1998 1996/2170/1996
f 2000/2174/2000 2002/2176/2002 2001/2175/2001
f 2001/2182/2001 2002/2177/2002 2007/2183/2007
f 2007/2183/2007 2002/2177/2002 2004/2179/2004
f 2001/2175/2001 2005/2180/2005 1998/2172/1998
f 2008/2184/2008 2005/2185/2005 2007/2183/2007
f 2001/2182/2001 2007/2183/2007 2005/2185/2005
f 2003/2178/2003 2009/2186/2009 2004/2179/2004
f 2009/2186/2009 2003/2178/2003 2010/2187/2010
f 2011/2188/2011 2005/2185/2005 2008/2184/2008
f 2008/2184/2008 2007/2183/2007 2012/2189/2012
f 2008/2184/2008 2012/2189/2012 2013/2190/2013
f 2004/2179/2004 2009/2186/2009 2007/2183/2007
f 2009/2186/2009 2012/2189/2012 2007/2183/2007
f 2012/2189/2012 2009/2186/2009 2014/2191/2014
f 2014/2191/2014 2009/2186/2009 2010/2187/2010
f 2014/2191/2014 2015/2192/2015 2012/2189/2012
f 2014/2191/2014 2010/2187/2010 2016/2193/2016
f 2014/2191/2014 2016/2193/2016 2015/2192/2015
f 2003/2178/2003 1979/2153/1979 2010/2187/2010
f 2010/2187/2010 1979/2153/1979 2017/2194/2017
f 1983/2157/1983 2018/2195/2018 1994/2168/1994
f 2019/2196/2019 1655/1807/1655 2020/2197/2020
f 2020/2197/2020 2021/2198/2021 2022/2199/2022
f 2019/2196/2019 2020/2197/2020 2022/2199/2022
f 2022/2199/2022 2018/2195/2018 2019/2196/2019
f 2019/2196/2019 2018/2195/2018 2023/2200/2023
f 2024/2201/2024 2018/2195/2018 2022/2199/2022
f 2024/2201/2024 2025/2202/2025 1994/2168/1994
f 2025/2202/2025 2026/2203/2026 1994/2168/1994
f 1994/2168/1994 2018/2195/2018 2024/2201/2024
f 2026/2203/2026 1991/2165/1991 1994/2168/1994
f 2026/2203/2026 1964/2134/1964 1991/2165/1991
f 2018/2195/2018 2027/2204/2027 2023/2200/2023
f 2018/2195/2018 1983/2157/1983 2027/2204/2027
f 2028/2205/2028 2029/2206/2029 2030/2207/2030
f 2029/2206/2029 2028/2205/2028 2031/2208/2031
f 2031/2208/2031 2032/2209/2032 2029/2206/2029
f 2031/2208/2031 2028/2205/2028 2033/2210/2033
f 2033/2210/2033 2034/2211/2034 2031/2208/2031
f 2033/2210/2033 2035/2212/2035 2034/2211/2034
f 2034/2211/2034 2035/2212/2035 1868/2030/1868
f 2036/2213/2036 2037/2214/2037 2038/2215/2038
f 2039/2216/2039 2038/2215/2038 2037/2214/2037
f 2040/2217/2040 2041/2218/2041 2037/2214/2037
f 2042/2219/2042 2043/2220/2043 2040/2217/2040
f 2041/2218/2041 2040/2217/2040 2043/2220/2043
f 2041/2218/2041 2043/2220/2043 2044/2221/2044
f 2045/2222/2045 2038/2215/2038 2039/2216/2039
f 2041/2218/2041 2039/2216/2039 2037/2214/2037
f 2041/2218/2041 2046/2223/2046 2039/2216/2039
f 2045/2222/2045 2047/2224/2047 2048/2225/2048
f 2039/2216/2039 2047/2224/2047 2045/2222/2045
f 2047/2224/2047 2039/2216/2039 2046/2223/2046
f 2049/2226/2049 2030/2227/2030 2047/2224/2047
f 2046/2223/2046 2041/2218/2041 2044/2221/2044
f 2050/2228/2050 2051/2229/2051 2044/2221/2044
f 2047/2224/2047 2046/2223/2046 2049/2226/2049
f 2046/2223/2046 2052/2230/2052 2049/2226/2049
f 2051/2229/2051 2046/2223/2046 2044/2221/2044
f 2046/2223/2046 2051/2229/2051 2052/2230/2052
f 2030/2207/2030 2049/2231/2049 2028/2205/2028
f 2049/2231/2049 2052/2232/2052 2028/2205/2028
f 2053/2233/2053 2054/2234/2054 2055/2235/2055
f 2055/2235/2055 2056/2236/2056 2053/2233/2053
f 2053/2233/2053 2056/2236/2056 2040/2217/2040
f 2040/2217/2040 2037/2214/2037 2053/2233/2053
f 2056/2236/2056 1985/2159/1985 2040/2217/2040
f 2053/2233/2053 2036/2213/2036 2054/2234/2054
f 2057/2237/2057 2036/2213/2036 2038/2215/2038
f 2037/2214/2037 2036/2213/2036 2053/2233/2053
f 2042/2219/2042 2058/2238/2058 2043/2220/2043
f 2058/2238/2058 2042/2219/2042 1989/2163/1989
f 2058/2238/2058 2044/2221/2044 2043/2220/2043
f 2044/2221/2044 2058/2238/2058 2050/2228/2050
f 2058/2238/2058 2006/2181/2006 2050/2228/2050
f 2052/2230/2052 2051/2229/2051 2050/2228/2050
f 2050/2228/2050 2006/2181/2006 2011/2239/2011
f 2050/2240/2050 2013/2190/2013 2052/2232/2052
f 2011/2188/2011 2013/2190/2013 2050/2240/2050
f 2013/2190/2013 2028/2205/2028 2052/2232/2052
f 2028/2205/2028 2013/2190/2013 2033/2210/2033
f 2033/2210/2033 2013/2190/2013 2012/2189/2012
f 2012/2189/2012 2015/2192/2015 2033/2210/2033
f 2059/2241/2059 2060/2242/2060 2061/2243/2061
f 2062/2244/2062 2061/2243/2061 2060/2242/2060
f 1654/1806/1654 1655/1807/1655 2063/2245/2063
f 2064/2246/2064 2063/2245/2063 1655/1807/1655
f 2019/2196/2019 2064/2246/2064 1655/1807/1655
f 2060/2242/2060 1653/1805/1653 2065/2247/2065
f 1653/1805/1653 2063/2245/2063 2065/2247/2065
f 2063/2245/2063 2066/2248/2066 2065/2247/2065
f 2066/2248/2066 2067/2249/2067 2065/2247/2065
f 2063/2245/2063 2068/2250/2068 2066/2248/2066
f 1653/1805/1653 1654/1806/1654 2063/2245/2063
f 2064/2246/2064 2068/2250/2068 2063/2245/2063
f 2068/2250/2068 2064/2246/2064 2069/2251/2069
f 2019/2196/2019 2069/2251/2069 2064/2246/2064
f 2068/2250/2068 2070/2252/2070 2066/2248/2066
f 2068/2250/2068 2055/2235/2055 2054/2234/2054
f 2070/2252/2070 2054/2234/2054 2071/2253/2071
f 2054/2234/2054 2070/2252/2070 2068/2250/2068
f 2072/2254/2072 1965/2135/1965 1964/2134/1964
f 1964/2134/1964 1962/2132/1962 1966/2136/1966
f 1974/2147/1974 1976/2255/1976 1953/2121/1953
f 2056/2236/2056 2027/2204/2027 1985/2159/1985
f 1985/2159/1985 2042/2219/2042 2040/2217/2040
f 2042/2219/2042 1985/2159/1985 1989/2163/1989
f 1953/2121/1953 1993/2167/1993 1952/2120/1952
f 2006/2181/2006 2005/2180/2005 2011/2239/2011
f 2008/2184/2008 2013/2190/2013 2011/2188/2011
f 1975/2149/1975 1979/2153/1979 2003/2178/2003
f 1983/2157/1983 1994/2168/1994 1987/2161/1987
f 2027/2204/2027 1983/2157/1983 1985/2159/1985
f 2015/2192/2015 2035/2212/2035 2033/2210/2033
f 2036/2213/2036 2057/2237/2057 2054/2234/2054
f 2058/2238/2058 1989/2163/1989 2006/2181/2006
f 2069/2251/2069 2019/2196/2019 2023/2200/2023
f 2054/2234/2054 2057/2237/2057 2071/2253/2071
f 2073/2256/2073 2074/2257/2074 2075/2258/2075
f 2075/2258/2075 2076/2259/2076 2073/2256/2073
f 2076/2259/2076 2077/2260/2077 2073/2256/2073
f 2077/2260/2077 2048/2225/2048 2030/2227/2030
f 2073/2256/2073 2078/2261/2078 2079/2262/2079
f 2073/2256/2073 2077/2260/2077 2078/2261/2078
f 2030/2227/2030 2078/2261/2078 2077/2260/2077
f 2078/2263/2078 2030/2207/2030 2080/2264/2080
f 2081/2265/2081 2079/2262/2079 2078/2261/2078
f 2078/2266/2078 2080/2267/2080 2081/2268/2081
f 2080/2264/2080 2029/2206/2029 2082/2269/2082
f 2080/2267/2080 2082/2270/2082 2083/2271/2083
f 2082/2270/2082 2084/2272/2084 2083/2271/2083
f 2082/2269/2082 2032/2209/2032 2084/2273/2084
f 2085/2274/2085 2086/2275/2086 2087/2276/2087
f 2088/2277/2088 2089/2278/2089 2075/2258/2075
f 2090/2279/2090 2089/2278/2089 2086/2275/2086
f 2089/2278/2089 2090/2279/2090 2075/2258/2075
f 2075/2258/2075 2090/2279/2090 2076/2259/2076
f 2048/2225/2048 2077/2260/2077 2076/2259/2076
f 2071/2253/2071 2057/2237/2057 2085/2274/2085
f 2057/2237/2057 2086/2275/2086 2085/2274/2085
f 2090/2279/2090 2086/2275/2086 2057/2237/2057
f 2087/2276/2087 2086/2275/2086 2091/2280/2091
f 2092/2281/2092 2093/2282/2093 2094/2283/2094
f 2094/2283/2094 2095/2284/2095 2096/2285/2096
f 2092/2281/2092 2094/2283/2094 2096/2285/2096
f 2094/2283/2094 2093/2282/2093 2097/2286/2097
f 2094/2283/2094 2097/2286/2097 2095/2284/2095
f 2098/2287/2098 2095/2284/2095 2097/2286/2097
f 2098/2287/2098 2099/2288/2099 2095/2284/2095
f 2095/2284/2095 2099/2288/2099 2096/2285/2096
f 2098/2287/2098 2100/2289/2100 2099/2288/2099
f 2101/2290/2101 2102/2291/2102 2100/2289/2100
f 2103/2292/2103 2100/2289/2100 2102/2291/2102
f 2100/2289/2100 2098/2287/2098 2101/2290/2101
f 2102/2291/2102 2104/2293/2104 2103/2292/2103
f 2105/2294/2105 2106/2295/2106 2107/2296/2107
f 2106/2295/2106 2105/2294/2105 2108/2297/2108
f 2109/2298/2109 2110/2299/2110 2111/2300/2111
f 2099/2288/2099 2112/2301/2112 2096/2285/2096
f 2096/2302/2096 2112/2303/2112 2110/2299/2110
f 2110/2299/2110 2112/2303/2112 2111/2300/2111
f 2099/2288/2099 2113/2304/2113 2112/2301/2112
f 2100/2289/2100 2113/2304/2113 2099/2288/2099
f 2112/2301/2112 2113/2304/2113 2114/2305/2114
f 2115/2306/2115 2116/2307/2116 2111/2300/2111
f 2115/2306/2115 2117/2308/2117 2116/2307/2116
f 2100/2289/2100 2103/2292/2103 2118/2309/2118
f 2100/2289/2100 2118/2309/2118 2113/2304/2113
f 2114/2305/2114 2113/2304/2113 2118/2309/2118
f 2103/2292/2103 2119/2310/2119 2118/2309/2118
f 2119/2310/2119 2114/2305/2114 2118/2309/2118
f 2091/2280/2091 2120/2311/2120 2119/2310/2119
f 2119/2310/2119 2120/2311/2120 2121/2312/2121
f 2088/2277/2088 2122/2313/2122 2120/2311/2120
f 2123/2314/2123 2119/2310/2119 2121/2312/2121
f 2120/2311/2120 2122/2313/2122 2121/2312/2121
f 2124/2315/2124 2112/2301/2112 2114/2305/2114
f 2114/2305/2114 2119/2310/2119 2124/2315/2124
f 2119/2310/2119 2123/2314/2123 2124/2315/2124
f 2122/2313/2122 2123/2314/2123 2121/2312/2121
f 2123/2316/2123 2125/2317/2125 2124/2318/2124
f 2123/2316/2123 2126/2319/2126 2125/2317/2125
f 2122/2313/2122 2126/2320/2126 2123/2314/2123
f 2124/2318/2124 2115/2306/2115 2112/2303/2112
f 2115/2306/2115 2111/2300/2111 2112/2303/2112
f 2124/2318/2124 2127/2321/2127 2115/2306/2115
f 2127/2321/2127 2117/2308/2117 2115/2306/2115
f 2127/2321/2127 2124/2318/2124 2125/2317/2125
f 2128/2322/2128 2116/2307/2116 2117/2308/2117
f 2117/2308/2117 2129/2323/2129 2128/2322/2128
f 2128/2322/2128 2129/2323/2129 2130/2324/2130
f 2127/2321/2127 2129/2323/2129 2117/2308/2117
f 2081/2268/2081 2125/2317/2125 2126/2319/2126
f 2131/2325/2131 2127/2321/2127 2132/2326/2132
f 2125/2317/2125 2132/2326/2132 2127/2321/2127
f 2125/2317/2125 2133/2327/2133 2132/2326/2132
f 2127/2321/2127 2131/2325/2131 2129/2323/2129
f 2134/2328/2134 2131/2325/2131 2132/2326/2132
f 2131/2325/2131 2107/2296/2107 2106/2295/2106
f 2131/2325/2131 2134/2328/2134 2107/2296/2107
f 2129/2323/2129 2131/2325/2131 2130/2324/2130
f 2130/2324/2130 2131/2325/2131 2106/2295/2106
f 2088/2277/2088 2120/2311/2120 2089/2278/2089
f 2088/2277/2088 2074/2257/2074 2122/2313/2122
f 2074/2257/2074 2126/2320/2126 2122/2313/2122
f 2074/2257/2074 2079/2262/2079 2126/2320/2126
f 2126/2320/2126 2079/2262/2079 2081/2265/2081
f 2081/2268/2081 2135/2329/2135 2125/2317/2125
f 2135/2329/2135 2133/2327/2133 2125/2317/2125
f 2080/2267/2080 2133/2327/2133 2135/2329/2135
f 2133/2327/2133 2080/2267/2080 2083/2271/2083
f 2132/2326/2132 2133/2327/2133 2134/2328/2134
f 2133/2327/2133 2083/2271/2083 2136/2330/2136
f 2133/2327/2133 2136/2330/2136 2134/2328/2134
f 2134/2328/2134 2136/2330/2136 2107/2296/2107
f 2083/2271/2083 2137/2331/2137 2136/2330/2136
f 2136/2330/2136 2137/2331/2137 2138/2332/2138
f 2136/2330/2136 2138/2332/2138 2139/2333/2139
f 2107/2296/2107 2136/2330/2136 2139/2333/2139
f 2138/2332/2138 1928/2096/1928 2139/2333/2139
f 2137/2331/2137 1930/2098/1930 2138/2332/2138
f 2107/2296/2107 2139/2333/2139 2105/2294/2105
f 2139/2333/2139 1929/2097/1929 2105/2294/2105
f 2087/2276/2087 2091/2280/2091 2104/2293/2104
f 2091/2280/2091 2103/2292/2103 2104/2293/2104
f 2091/2280/2091 2119/2310/2119 2103/2292/2103
f 2120/2311/2120 2086/2275/2086 2089/2278/2089
f 2140/2334/2140 2141/2335/2141 2142/2336/2142
f 2143/2337/2143 2142/2336/2142 2144/2338/2144
f 2142/2336/2142 2141/2335/2141 2144/2338/2144
f 2141/2335/2141 2145/2339/2145 2144/2338/2144
f 2146/2340/2146 2147/2341/2147 2148/2342/2148
f 2109/2298/2109 2149/2343/2149 2150/2344/2150
f 2109/2298/2109 2151/2345/2151 2149/2343/2149
f 2149/2343/2149 2152/2346/2152 2150/2344/2150
f 2153/2347/2153 2152/2346/2152 2149/2343/2149
f 2152/2346/2152 2153/2347/2153 2154/2348/2154
f 2153/2347/2153 2155/2349/2155 2154/2348/2154
f 2155/2349/2155 2153/2347/2153 2156/2350/2156
f 2154/2348/2154 2157/2351/2157 2158/2352/2158
f 2155/2349/2155 2157/2351/2157 2154/2348/2154
f 2158/2352/2158 2159/2353/2159 2160/2354/2160
f 2159/2353/2159 2161/2355/2161 2160/2354/2160
f 2162/2356/2162 2146/2340/2146 2161/2355/2161
f 2162/2356/2162 2147/2341/2147 2146/2340/2146
f 2163/2357/2163 2162/2356/2162 2159/2353/2159
f 2164/2358/2164 2162/2356/2162 2163/2357/2163
f 2162/2356/2162 2164/2358/2164 2147/2341/2147
f 2165/2359/2165 2166/2360/2166 2140/2334/2140
f 2166/2360/2166 2167/2361/2167 2141/2335/2141
f 2168/2362/2168 2169/2363/2169 2165/2359/2165
f 2169/2363/2169 2170/2364/2170 2165/2359/2165
f 2171/2365/2171 2170/2364/2170 2169/2363/2169
f 2170/2364/2170 2166/2360/2166 2165/2359/2165
f 2154/2348/2154 2170/2364/2170 2171/2365/2171
f 2154/2348/2154 2158/2352/2158 2170/2364/2170
f 2170/2364/2170 2158/2352/2158 2160/2354/2160
f 2145/2339/2145 2167/2361/2167 2172/2366/2172
f 2166/2360/2166 2170/2364/2170 2167/2361/2167
f 2167/2361/2167 2173/2367/2173 2172/2366/2172
f 2172/2366/2172 2173/2367/2173 2174/2368/2174
f 2170/2364/2170 2160/2354/2160 2167/2361/2167
f 2160/2354/2160 2173/2367/2173 2167/2361/2167
f 2173/2367/2173 2160/2354/2160 2161/2355/2161
f 2173/2367/2173 2161/2355/2161 2175/2369/2175
f 2146/2340/2146 2175/2369/2175 2161/2355/2161
f 2176/2370/2176 2092/2281/2092 2177/2371/2177
f 2177/2372/2177 2092/2373/2092 2110/2299/2110
f 2171/2365/2171 2169/2363/2169 2178/2374/2178
f 2178/2374/2178 2152/2346/2152 2171/2365/2171
f 2109/2298/2109 2150/2344/2150 2179/2375/2179
f 2109/2298/2109 2179/2375/2179 2110/2299/2110
f 2179/2375/2179 2150/2344/2150 2180/2376/2180
f 2178/2374/2178 2180/2376/2180 2152/2346/2152
f 2150/2344/2150 2152/2346/2152 2180/2376/2180
f 2152/2346/2152 2154/2348/2154 2171/2365/2171
f 2155/2349/2155 2181/2377/2181 2182/2378/2182
f 2163/2357/2163 2183/2379/2183 2184/2380/2184
f 2163/2357/2163 2184/2380/2184 2164/2358/2164
f 2164/2358/2164 2184/2380/2184 2185/2381/2185
f 2186/2382/2186 2185/2381/2185 2184/2380/2184
f 2147/2341/2147 2185/2381/2185 1934/2102/1934
f 2147/2341/2147 2164/2358/2164 2185/2381/2185
f 2130/2324/2130 2187/2383/2187 2188/2384/2188
f 2187/2383/2187 2183/2379/2183 2188/2384/2188
f 2183/2379/2183 2189/2385/2189 2184/2380/2184
f 2183/2379/2183 2187/2383/2187 2189/2385/2189
f 2108/2297/2108 2190/2386/2190 2187/2383/2187
f 2191/2387/2191 2190/2386/2190 2108/2297/2108
f 2187/2383/2187 2190/2386/2190 2189/2385/2189
f 2184/2380/2184 2189/2385/2189 2186/2382/2186
f 2190/2386/2190 2186/2382/2186 2189/2385/2189
f 2151/2345/2151 2153/2347/2153 2149/2343/2149
f 2151/2345/2151 2156/2350/2156 2153/2347/2153
f 2128/2322/2128 2156/2350/2156 2116/2307/2116
f 2128/2322/2128 2181/2377/2181 2156/2350/2156
f 2156/2350/2156 2181/2377/2181 2155/2349/2155
f 2188/2384/2188 2128/2322/2128 2130/2324/2130
f 2088/2277/2088 2075/2258/2075 2074/2257/2074
f 2073/2256/2073 2079/2262/2079 2074/2257/2074
f 2080/2267/2080 2135/2329/2135 2081/2268/2081
f 2086/2275/2086 2120/2311/2120 2091/2280/2091
f 2093/2282/2093 2092/2281/2092 2176/2370/2176
f 2092/2373/2092 2096/2302/2096 2110/2299/2110
f 2105/2294/2105 2191/2387/2191 2108/2297/2108
f 2111/2300/2111 2151/2345/2151 2109/2298/2109
f 2151/2345/2151 2116/2307/2116 2156/2350/2156
f 2116/2307/2116 2151/2345/2151 2111/2300/2111
f 2192/2388/2192 2104/2293/2104 2102/2291/2102
f 2140/2334/2140 2166/2360/2166 2141/2335/2141
f 2141/2335/2141 2167/2361/2167 2145/2339/2145
f 2110/2299/2110 2193/2389/2193 2177/2372/2177
f 2106/2295/2106 2108/2297/2108 2130/2324/2130
f 2108/2297/2108 2187/2383/2187 2130/2324/2130
f 2085/2274/2085 2087/2276/2087 2194/2390/2194
f 2193/2389/2193 2110/2299/2110 2179/2375/2179
f 2195/2391/2195 2196/2392/2196 2197/2393/2197
f 2195/2391/2195 2197/2393/2197 2198/2394/2198
f 2199/2395/2199 2198/2394/2198 2197/2393/2197
f 2197/2393/2197 2196/2392/2196 2200/2396/2200
f 2201/2397/2201 2197/2393/2197 2200/2396/2200
f 2196/2392/2196 2202/2398/2202 2200/2396/2200
f 2200/2396/2200 2202/2398/2202 2203/2399/2203
f 2204/2400/2204 2205/2401/2205 2206/2402/2206
f 2199/2395/2199 2204/2400/2204 2198/2394/2198
f 2199/2395/2199 2197/2393/2197 2201/2397/2201
f 2201/2397/2201 2204/2400/2204 2199/2395/2199
f 2201/2397/2201 2205/2401/2205 2204/2400/2204
f 2207/2403/2207 2201/2397/2201 2208/2404/2208
f 2200/2396/2200 2208/2404/2208 2201/2397/2201
f 2201/2397/2201 2207/2403/2207 2205/2401/2205
f 2200/2396/2200 2203/2399/2203 2208/2404/2208
f 2208/2404/2208 2209/2405/2209 2207/2403/2207
f 2210/2406/2210 2209/2405/2209 2208/2404/2208
f 2203/2399/2203 2210/2406/2210 2208/2404/2208
f 2211/2407/2211 2210/2406/2210 2203/2399/2203
f 2202/2398/2202 2211/2407/2211 2203/2399/2203
f 2202/2398/2202 2067/2249/2067 2211/2407/2211
f 2192/2388/2192 2210/2406/2210 2211/2407/2211
f 2211/2407/2211 2067/2249/2067 2212/2408/2212
f 2192/2388/2192 2211/2407/2211 2212/2408/2212
f 2213/2409/2213 2212/2408/2212 2067/2249/2067
f 2212/2408/2212 2213/2409/2213 2194/2390/2194
f 2085/2274/2085 2194/2390/2194 2213/2409/2213
f 2210/2406/2210 2214/2410/2214 2209/2405/2209
f 2210/2406/2210 2192/2388/2192 2214/2410/2214
f 2215/2411/2215 2216/2412/2216 2217/2413/2217
f 2218/2414/2218 2216/2412/2216 2215/2411/2215
f 2215/2411/2215 2219/2415/2219 2218/2414/2218
f 2215/2411/2215 2217/2413/2217 2220/2416/2220
f 2215/2411/2215 2220/2416/2220 2219/2415/2219
f 2217/2413/2217 2221/2417/2221 2220/2416/2220
f 2198/2394/2198 2222/2418/2222 2221/2417/2221
f 2062/2244/2062 2195/2391/2195 2223/2419/2223
f 1703/1861/1703 2223/2419/2223 2217/2413/2217
f 2221/2417/2221 2223/2419/2223 2195/2391/2195
f 2196/2392/2196 2195/2391/2195 2062/2244/2062
f 2223/2419/2223 2221/2417/2221 2217/2413/2217
f 2198/2394/2198 2221/2417/2221 2195/2391/2195
f 2198/2394/2198 2204/2400/2204 2206/2402/2206
f 2220/2416/2220 2222/2418/2222 2224/2420/2224
f 2220/2416/2220 2221/2417/2221 2222/2418/2222
f 2070/2252/2070 2213/2409/2213 2067/2249/2067
f 2070/2252/2070 2071/2253/2071 2213/2409/2213
f 2225/2421/2225 2226/2422/2226 2227/2423/2227
f 2228/2424/2228 2225/2421/2225 2227/2423/2227
f 2228/2424/2228 2229/2425/2229 2230/2426/2230
f 2228/2424/2228 2231/2427/2231 2225/2421/2225
f 2230/2426/2230 2231/2427/2231 2228/2424/2228
f 2232/2428/2232 2233/2429/2233 2234/2430/2234
f 2234/2430/2234 2235/2431/2235 2232/2428/2232
f 2235/2431/2235 2234/2430/2234 2236/2432/2236
f 2237/2433/2237 2232/2428/2232 2235/2431/2235
f 2235/2431/2235 2236/2432/2236 2238/2434/2238
f 2239/2435/2239 2236/2432/2236 2234/2430/2234
f 2240/2436/2240 2241/2437/2241 2242/2438/2242
f 2241/2437/2241 2243/2439/2243 2242/2438/2242
f 2241/2437/2241 2244/2440/2244 2243/2439/2243
f 2245/2441/2245 2246/2442/2246 2247/2443/2247
f 2245/2441/2245 2233/2429/2233 2246/2442/2246
f 2233/2429/2233 2245/2441/2245 2243/2439/2243
f 2225/2444/2225 2242/2438/2242 2245/2441/2245
f 2234/2430/2234 2233/2429/2233 2243/2439/2243
f 2242/2438/2242 2243/2439/2243 2245/2441/2245
f 2234/2430/2234 2243/2439/2243 2244/2440/2244
f 2244/2440/2244 2239/2435/2239 2234/2430/2234
f 2244/2440/2244 2248/2445/2248 2239/2435/2239
f 2239/2435/2239 2249/2446/2249 2236/2432/2236
f 2239/2435/2239 2250/2447/2250 2249/2446/2249
f 2248/2445/2248 2250/2447/2250 2239/2435/2239
f 2251/2448/2251 2231/2427/2231 2230/2426/2230
f 2236/2432/2236 2249/2446/2249 2238/2434/2238
f 2249/2446/2249 2252/2449/2252 2238/2434/2238
f 2252/2449/2252 2253/2450/2253 2254/2451/2254
f 2254/2451/2254 2238/2434/2238 2252/2449/2252
f 2249/2446/2249 2255/2452/2255 2256/2453/2256
f 2249/2446/2249 2256/2453/2256 2252/2449/2252
f 2257/2454/2257 2246/2442/2246 2258/2455/2258
f 2257/2454/2257 2247/2443/2247 2246/2442/2246
f 2258/2455/2258 2246/2442/2246 2259/2456/2259
f 2258/2455/2258 2259/2456/2259 2260/2457/2260
f 2260/2457/2260 2259/2456/2259 2232/2428/2232
f 2259/2456/2259 2233/2429/2233 2232/2428/2232
f 2260/2457/2260 2232/2428/2232 2261/2458/2261
f 2246/2442/2246 2233/2429/2233 2259/2456/2259
f 2261/2458/2261 2237/2433/2237 2262/2459/2262
f 2232/2428/2232 2237/2433/2237 2261/2458/2261
f 2226/2460/2226 2263/2461/2263 2264/2462/2264
f 2226/2422/2226 2264/2463/2264 2227/2423/2227
f 1690/2464/1690 2264/2462/2264 2263/2461/2263
f 1690/1844/1690 2265/2465/2265 2264/2463/2264
f 2266/2466/2266 2264/2463/2264 2265/2465/2265
f 2267/2467/2267 2264/2463/2264 2266/2466/2266
f 2265/2465/2265 2268/2468/2268 2266/2466/2266
f 2268/2468/2268 2269/2469/2269 2266/2466/2266
f 2267/2467/2267 2227/2423/2227 2264/2463/2264
f 2269/2469/2269 2267/2467/2267 2266/2466/2266
f 2267/2467/2267 2228/2424/2228 2227/2423/2227
f 2270/2470/2270 2267/2467/2267 2269/2469/2269
f 2270/2470/2270 2228/2424/2228 2267/2467/2267
f 2270/2470/2270 2229/2425/2229 2228/2424/2228
f 2257/2454/2257 2263/2461/2263 2247/2443/2247
f 2263/2461/2263 2271/2471/2271 1690/2464/1690
f 2272/2472/2272 2273/2473/2273 2265/2465/2265
f 2265/2465/2265 2273/2473/2273 2268/2468/2268
f 2268/2468/2268 2274/2474/2274 2269/2469/2269
f 2269/2469/2269 2274/2474/2274 2270/2470/2270
f 2274/2474/2274 2275/2475/2275 2270/2470/2270
f 2219/2415/2219 2275/2475/2275 2274/2474/2274
f 2270/2470/2270 2275/2475/2275 2276/2476/2276
f 2277/2477/2277 2278/2478/2278 2279/2479/2279
f 2241/2480/2241 2280/2481/2280 2248/2482/2248
f 2280/2481/2280 2281/2483/2281 2248/2482/2248
f 2282/2484/2282 2251/2448/2251 2230/2426/2230
f 2282/2484/2282 2276/2476/2276 2279/2479/2279
f 2283/2485/2283 2284/2486/2284 2282/2484/2282
f 2279/2479/2279 2283/2485/2283 2282/2484/2282
f 2283/2485/2283 2279/2479/2279 2285/2487/2285
f 2240/2488/2240 2251/2489/2251 2284/2490/2284
f 2282/2484/2282 2284/2486/2284 2251/2448/2251
f 2278/2478/2278 2286/2491/2286 2285/2487/2285
f 2278/2478/2278 2277/2477/2277 2287/2492/2287
f 2287/2492/2287 2286/2491/2286 2278/2478/2278
f 2288/2493/2288 2286/2491/2286 2289/2494/2289
f 2288/2493/2288 2290/2495/2290 2286/2491/2286
f 2286/2491/2286 2287/2492/2287 2289/2494/2289
f 2287/2492/2287 2291/2496/2291 2289/2494/2289
f 2286/2491/2286 2290/2495/2290 2292/2497/2292
f 2289/2494/2289 2293/2498/2293 2288/2493/2288
f 2289/2494/2289 2294/2499/2294 2293/2498/2293
f 2291/2496/2291 2294/2499/2294 2289/2494/2289
f 2214/2410/2214 2294/2499/2294 2291/2496/2291
f 2101/2290/2101 2293/2498/2293 2294/2499/2294
f 2290/2495/2290 2288/2493/2288 2295/2500/2295
f 2296/2501/2296 2295/2500/2295 2288/2493/2288
f 2293/2498/2293 2297/2502/2297 2288/2493/2288
f 2176/2370/2176 2296/2501/2296 2288/2493/2288
f 2288/2493/2288 2297/2502/2297 2176/2370/2176
f 2294/2499/2294 2214/2410/2214 2101/2290/2101
f 2278/2478/2278 2285/2487/2285 2279/2479/2279
f 2292/2497/2292 2285/2487/2285 2286/2491/2286
f 2284/2486/2284 2283/2485/2283 2298/2503/2298
f 2299/2504/2299 2240/2488/2240 2284/2490/2284
f 2300/2505/2300 2284/2486/2284 2298/2503/2298
f 2300/2506/2300 2301/2507/2301 2299/2504/2299
f 2284/2490/2284 2300/2506/2300 2299/2504/2299
f 2283/2485/2283 2285/2487/2285 2298/2503/2298
f 2302/2508/2302 2300/2505/2300 2298/2503/2298
f 2298/2503/2298 2292/2497/2292 2302/2508/2302
f 2292/2497/2292 2303/2509/2303 2302/2508/2302
f 2285/2487/2285 2292/2497/2292 2298/2503/2298
f 2300/2506/2300 2303/2510/2303 2301/2507/2301
f 2292/2497/2292 2290/2495/2290 2304/2511/2304
f 2292/2497/2292 2304/2511/2304 2303/2509/2303
f 2302/2508/2302 2303/2509/2303 2300/2505/2300
f 2304/2511/2304 2290/2495/2290 2295/2500/2295
f 2295/2500/2295 2305/2512/2305 2304/2511/2304
f 2306/2513/2306 2303/2509/2303 2304/2511/2304
f 2305/2512/2305 2306/2513/2306 2304/2511/2304
f 2299/2504/2299 2280/2481/2280 2241/2480/2241
f 2241/2480/2241 2240/2488/2240 2299/2504/2299
f 2299/2504/2299 2307/2514/2307 2280/2481/2280
f 2307/2514/2307 2308/2515/2308 2280/2481/2280
f 2281/2483/2281 2280/2481/2280 2308/2515/2308
f 2281/2483/2281 2308/2515/2308 2309/2516/2309
f 2307/2514/2307 2310/2517/2310 2308/2515/2308
f 2309/2516/2309 2308/2515/2308 2168/2362/2168
f 2308/2515/2308 2169/2363/2169 2168/2362/2168
f 2310/2517/2310 2169/2363/2169 2308/2515/2308
f 2299/2504/2299 2301/2507/2301 2307/2514/2307
f 2311/2518/2311 2307/2514/2307 2301/2507/2301
f 2303/2510/2303 2306/2519/2306 2301/2507/2301
f 2306/2519/2306 2311/2518/2311 2301/2507/2301
f 2311/2518/2311 2310/2517/2310 2307/2514/2307
f 2295/2500/2295 2296/2501/2296 2305/2512/2305
f 2305/2512/2305 2296/2501/2296 2306/2513/2306
f 2296/2501/2296 2312/2520/2312 2306/2513/2306
f 2313/2521/2313 2312/2520/2312 2296/2501/2296
f 2296/2501/2296 2176/2370/2176 2313/2521/2313
f 2311/2518/2311 2306/2519/2306 2179/2375/2179
f 2180/2376/2180 2310/2517/2310 2311/2518/2311
f 2180/2376/2180 2178/2374/2178 2310/2517/2310
f 2193/2389/2193 2179/2375/2179 2306/2519/2306
f 2206/2402/2206 2314/2522/2314 2315/2523/2315
f 2314/2522/2314 2206/2402/2206 2205/2401/2205
f 2314/2522/2314 2287/2492/2287 2277/2477/2277
f 2205/2401/2205 2207/2403/2207 2314/2522/2314
f 2207/2403/2207 2291/2496/2291 2287/2492/2287
f 2287/2492/2287 2314/2522/2314 2207/2403/2207
f 2209/2405/2209 2291/2496/2291 2207/2403/2207
f 2214/2410/2214 2291/2496/2291 2209/2405/2209
f 2219/2415/2219 2220/2416/2220 2224/2420/2224
f 2316/2524/2316 2276/2476/2276 2275/2475/2275
f 2275/2475/2275 2224/2420/2224 2316/2524/2316
f 2315/2523/2315 2316/2524/2316 2222/2418/2222
f 2314/2522/2314 2277/2477/2277 2315/2523/2315
f 2276/2476/2276 2316/2524/2316 2279/2479/2279
f 2315/2523/2315 2277/2477/2277 2316/2524/2316
f 2277/2477/2277 2279/2479/2279 2316/2524/2316
f 2219/2415/2219 2274/2474/2274 2218/2414/2218
f 2206/2402/2206 2315/2523/2315 2222/2418/2222
f 2241/2437/2241 2248/2445/2248 2244/2440/2244
f 2248/2482/2248 2309/2516/2309 2250/2525/2250
f 2249/2446/2249 2250/2447/2250 2255/2452/2255
f 2273/2473/2273 2274/2474/2274 2268/2468/2268
f 2281/2483/2281 2309/2516/2309 2248/2482/2248
f 2250/2525/2250 2317/2526/2317 2255/2527/2255
f 2309/2516/2309 2317/2526/2317 2250/2525/2250
f 2229/2425/2229 2282/2484/2282 2230/2426/2230
f 2229/2425/2229 2276/2476/2276 2282/2484/2282
f 2224/2420/2224 2275/2475/2275 2219/2415/2219
f 2222/2418/2222 2316/2524/2316 2224/2420/2224
f 1736/1898/1736 1737/1899/1737 1767/1929/1767
f 1802/1964/1802 1741/1903/1741 1742/1904/1742
f 1742/1904/1742 1743/1905/1743 1783/1945/1783
f 1743/1905/1743 1785/1947/1785 1783/1945/1783
f 1751/1913/1751 1731/1892/1731 1725/1886/1725
f 1736/1898/1736 1767/1929/1767 1786/1948/1786
f 1725/1886/1725 1748/1910/1748 1751/1913/1751
f 1748/1910/1748 1724/1885/1724 105/118/105
f 1725/1886/1725 1724/1885/1724 1748/1910/1748
f 105/118/105 108/119/108 1748/1910/1748
f 1756/1918/1756 1762/1924/1762 1752/1914/1752
f 1760/1922/1760 1765/1927/1765 1767/1929/1767
f 1765/1927/1765 1760/1922/1760 1753/1915/1753
f 1753/1915/1753 1752/1914/1752 1765/1927/1765
f 1737/1899/1737 1731/1892/1731 1759/1921/1759
f 1760/1922/1760 1767/1929/1767 1737/1899/1737
f 1755/1917/1755 1761/1923/1761 1756/1918/1756
f 1786/1948/1786 1767/1929/1767 1766/1928/1766
f 1741/1903/1741 1780/1942/1780 1797/1959/1797
f 1741/1903/1741 1802/1964/1802 1780/1942/1780
f 1742/1904/1742 1783/1945/1783 1802/1964/1802
f 1785/1947/1785 1736/1898/1736 1786/1948/1786
f 1817/1979/1817 1848/2010/1848 1886/2051/1886
f 1860/2022/1860 1800/1962/1800 1864/2026/1864
f 1864/2026/1864 1863/2025/1863 1981/2155/1981
f 1863/2025/1863 1859/2021/1859 1981/2155/1981
f 1838/2000/1838 1978/2152/1978 1872/2034/1872
f 1872/2034/1872 1978/2152/1978 1982/2156/1982
f 1982/2156/1982 1981/2155/1981 1859/2021/1859
f 1859/2021/1859 1872/2034/1872 1982/2156/1982
f 2035/2212/2035 1866/2028/1866 1868/2030/1868
f 1927/2095/1927 2318/2528/2318 1869/2031/1869
f 2034/2211/2034 1868/2030/1868 1869/2031/1869
f 1822/1984/1822 1927/2095/1927 1869/2031/1869
f 1869/2031/1869 1819/1981/1819 1822/1984/1822
f 1816/1978/1816 1884/2048/1884 1814/1976/1814
f 1817/1979/1817 1886/2051/1886 1816/1978/1816
f 1897/2065/1897 1848/2010/1848 1854/2016/1854
f 1854/2016/1854 1810/1972/1810 1918/2086/1918
f 1810/1972/1810 1809/1971/1809 1874/2036/1874
f 2016/2193/2016 1867/2029/1867 1865/2027/1865
f 1918/2086/1918 1874/2036/1874 1873/2035/1873
f 1809/1971/1809 1805/1967/1805 1874/2036/1874
f 1884/2048/1884 1816/1978/1816 1886/2051/1886
f 1901/2069/1901 1902/2070/1902 1903/2071/1903
f 2137/2331/2137 1931/2099/1931 1930/2098/1930
f 1918/2086/1918 1810/1972/1810 1874/2036/1874
f 1881/2044/1881 1814/1976/1814 1884/2048/1884
f 1848/2010/1848 1897/2065/1897 1886/2051/1886
f 1881/2044/1881 1927/2095/1927 1822/1984/1822
f 1822/1984/1822 1814/1976/1814 1881/2044/1881
f 1894/2062/1894 1854/2016/1854 1918/2086/1918
f 2319/2529/2319 1903/2071/1903 1919/2087/1919
f 1919/2087/1919 1921/2089/1921 2320/2530/2320
f 2185/2381/2185 1935/2103/1935 1934/2102/1934
f 2190/2386/2190 2191/2387/2191 1937/2105/1937
f 2191/2387/2191 2321/2531/2321 1937/2105/1937
f 2262/2459/2262 1943/2111/1943 2261/2458/2261
f 1943/2111/1943 2262/2459/2262 1944/2112/1944
f 1864/2026/1864 1960/2130/1960 1860/2022/1860
f 1978/2152/1978 1838/2000/1838 1979/2153/1979
f 2035/2212/2035 2015/2192/2015 1865/2027/1865
f 2015/2192/2015 2016/2193/2016 1865/2027/1865
f 2080/2264/2080 2030/2207/2030 2029/2206/2029
f 2031/2208/2031 2034/2211/2034 2318/2528/2318
f 2034/2211/2034 1869/2031/1869 2318/2528/2318
f 2090/2279/2090 2057/2237/2057 2038/2215/2038
f 2045/2222/2045 2076/2259/2076 2038/2215/2038
f 2048/2225/2048 2047/2224/2047 2030/2227/2030
f 2322/2532/2322 2061/2243/2061 2062/2244/2062
f 2060/2242/2060 2196/2392/2196 2062/2244/2062
f 2065/2247/2065 2196/2392/2196 2060/2242/2060
f 2065/2247/2065 2202/2398/2202 2196/2392/2196
f 2065/2247/2065 2067/2249/2067 2202/2398/2202
f 2066/2248/2066 2070/2252/2070 2067/2249/2067
f 2035/2212/2035 1865/2027/1865 1866/2028/1866
f 2029/2206/2029 2032/2209/2032 2082/2269/2082
f 2076/2259/2076 2090/2279/2090 2038/2215/2038
f 2048/2225/2048 2076/2259/2076 2045/2222/2045
f 2105/2294/2105 1929/2097/1929 2191/2387/2191
f 1928/2096/1928 1929/2097/1929 2139/2333/2139
f 1930/2098/1930 1898/2066/1898 2138/2332/2138
f 2138/2332/2138 1898/2066/1898 1928/2096/1928
f 1934/2102/1934 2148/2342/2148 2147/2341/2147
f 2185/2381/2185 2186/2382/2186 1935/2103/1935
f 2186/2382/2186 2190/2386/2190 1937/2105/1937
f 2186/2382/2186 1937/2105/1937 1935/2103/1935
f 2194/2390/2194 2104/2293/2104 2192/2388/2192
f 2087/2276/2087 2104/2293/2104 2194/2390/2194
f 2297/2502/2297 2093/2282/2093 2176/2370/2176
f 2193/2389/2193 2312/2533/2312 2177/2372/2177
f 2176/2370/2176 2177/2371/2177 2313/2521/2313
f 2179/2375/2179 2180/2376/2180 2311/2518/2311
f 2256/2534/2256 2142/2336/2142 2143/2337/2143
f 2323/2535/2323 2140/2334/2140 2142/2336/2142
f 2140/2334/2140 2323/2535/2323 2165/2359/2165
f 2255/2527/2255 2142/2336/2142 2256/2534/2256
f 2255/2527/2255 2323/2535/2323 2142/2336/2142
f 2098/2287/2098 2097/2286/2097 2101/2290/2101
f 2192/2388/2192 2102/2291/2102 2214/2410/2214
f 2071/2253/2071 2085/2274/2085 2213/2409/2213
f 2194/2390/2194 2192/2388/2192 2212/2408/2212
f 2198/2394/2198 2206/2402/2206 2222/2418/2222
f 2252/2449/2252 2256/2453/2256 2143/2536/2143
f 2324/2537/2324 1943/2111/1943 1942/2110/1942
f 2324/2537/2324 2260/2457/2260 1943/2111/1943
f 2324/2537/2324 2258/2455/2258 2260/2457/2260
f 2324/2537/2324 2325/2538/2325 2258/2455/2258
f 1943/2111/1943 2260/2457/2260 2261/2458/2261
f 2323/2535/2323 2317/2526/2317 2309/2516/2309
f 2168/2362/2168 2323/2535/2323 2309/2516/2309
f 2323/2535/2323 2168/2362/2168 2165/2359/2165
f 2297/2502/2297 2293/2498/2293 2097/2286/2097
f 2101/2290/2101 2097/2286/2097 2293/2498/2293
f 2297/2502/2297 2097/2286/2097 2093/2282/2093
f 2193/2389/2193 2306/2519/2306 2312/2533/2312
f 2177/2371/2177 2312/2520/2312 2313/2521/2313
f 2310/2517/2310 2178/2374/2178 2169/2363/2169
f 2101/2290/2101 2214/2410/2214 2102/2291/2102
f 2317/2526/2317 2323/2535/2323 2255/2527/2255
f 3/3/3 2326/2539/2326 2327/2540/2327
f 3/3/3 5/5/5 2326/2539/2326
f 5/5/5 1705/1863/1705 2326/2539/2326
f 1705/1863/1705 5/5/5 1706/1864/1706
f 5/5/5 2328/2541/2328 1706/1864/1706
f 2328/2541/2328 2329/2542/2329 1708/1866/1708
f 2329/2542/2329 1710/1868/1710 1708/1866/1708
f 100/108/100 1710/1868/1710 2329/2542/2329
f 2330/2543/2330 8/8/8 1/1/1
f 2330/2543/2330 1/1/1 2327/2540/2327
f 2331/2544/2331 10/10/10 2332/2545/2332
f 10/10/10 12/12/12 2332/2545/2332
f 2332/2545/2332 12/12/12 9/9/9
f 12/12/12 6/6/6 9/9/9
f 993/1091/993 2332/2545/2332 9/9/9
f 9/9/9 8/8/8 2330/2543/2330
f 1/1/1 3/3/3 2327/2540/2327
f 1710/1868/1710 100/108/100 1732/1893/1732
f 30/30/30 33/33/33 15/15/15
f 25/25/25 2333/2546/2333 518/575/518
f 7/7/7 518/575/518 2333/2546/2333
f 2333/2546/2333 2334/2547/2334 7/7/7
f 2334/2547/2334 2333/2546/2333 25/25/25
f 27/27/27 2334/2547/2334 25/25/25
f 27/27/27 29/29/29 14/14/14
f 33/33/33 30/30/30 28/28/28
f 36/36/36 39/39/39 33/33/33
f 33/33/33 39/39/39 15/15/15
f 36/36/36 37/37/37 39/39/39
f 39/39/39 16/16/16 15/15/15
f 242/269/242 519/576/519 517/574/517
f 519/576/519 26/26/26 25/25/25
f 518/575/518 517/574/517 519/576/519
f 519/576/519 25/25/25 518/575/518
f 41/41/41 26/26/26 519/576/519
f 32/32/32 247/274/247 248/275/248
f 34/34/34 32/32/32 248/275/248
f 34/34/34 36/36/36 32/32/32
f 34/34/34 248/275/248 47/47/47
f 45/45/45 54/54/54 53/53/53
f 72/74/72 45/45/45 53/53/53
f 51/51/51 53/53/53 54/54/54
f 78/83/78 57/57/57 79/84/79
f 112/123/112 91/98/91 89/96/89
f 55/55/55 79/84/79 57/57/57
f 24/24/24 78/83/78 97/105/97
f 24/24/24 97/105/97 99/107/99
f 97/105/97 78/83/78 102/110/102
f 78/83/78 80/85/80 102/110/102
f 102/110/102 98/106/98 97/105/97
f 108/119/108 110/121/110 1749/1911/1749
f 109/120/109 110/121/110 104/116/104
f 104/116/104 110/121/110 108/119/108
f 109/120/109 104/116/104 106/115/106
f 94/102/94 1749/1911/1749 110/121/110
f 94/102/94 2335/2548/2335 1749/1911/1749
f 112/123/112 111/122/111 107/117/107
f 96/104/96 116/127/116 149/160/149
f 1757/1919/1757 115/126/115 1755/1917/1755
f 2335/2548/2335 149/160/149 1757/1919/1757
f 115/126/115 149/160/149 116/127/116
f 1757/1919/1757 149/160/149 115/126/115
f 85/92/85 125/136/125 88/95/88
f 124/135/124 88/95/88 125/136/125
f 124/135/124 126/137/126 127/138/127
f 127/138/127 119/130/119 118/129/118
f 138/149/138 143/154/143 137/148/137
f 43/43/43 42/42/42 57/57/57
f 43/43/43 57/57/57 78/83/78
f 89/96/89 88/95/88 113/124/113
f 113/124/113 88/95/88 127/138/127
f 149/160/149 2335/2548/2335 94/102/94
f 1807/1969/1807 155/166/155 154/165/154
f 155/166/155 1807/1969/1807 2336/2549/2336
f 2336/2549/2336 156/167/156 155/166/155
f 1877/2039/1877 1806/1968/1806 198/216/198
f 198/216/198 1806/1968/1806 197/215/197
f 2337/2550/2337 205/223/205 204/222/204
f 205/223/205 2337/2550/2337 209/227/209
f 218/238/218 207/225/207 217/237/217
f 218/239/218 1910/2078/1910 1906/2074/1906
f 218/238/218 217/237/217 1910/2551/1910
f 1906/2074/1906 219/240/219 218/239/218
f 204/222/204 522/579/522 2338/2552/2338
f 2338/2552/2338 2337/2550/2337 204/222/204
f 2337/2550/2337 1912/2080/1912 209/227/209
f 209/227/209 1912/2080/1912 217/237/217
f 198/216/198 219/240/219 1877/2039/1877
f 2339/2553/2339 522/579/522 514/571/514
f 1925/2093/1925 2338/2552/2338 522/579/522
f 1925/2093/1925 522/579/522 2339/2553/2339
f 244/271/244 229/254/229 2340/2554/2340
f 239/281/239 237/266/237 241/268/241
f 239/281/239 241/268/241 252/279/252
f 241/268/241 2340/2554/2340 252/279/252
f 241/268/241 244/271/244 2340/2554/2340
f 252/279/252 2340/2554/2340 228/253/228
f 2340/2554/2340 229/254/229 228/253/228
f 229/254/229 244/271/244 40/40/40
f 244/271/244 247/274/247 40/40/40
f 293/325/293 250/277/250 249/276/249
f 253/2555/253 2341/2556/2341 251/285/251
f 2341/2556/2341 268/297/268 272/303/272
f 2341/2556/2341 270/300/270 268/297/268
f 2341/2556/2341 253/2555/253 270/300/270
f 2341/2556/2341 272/303/272 255/283/255
f 255/283/255 251/285/251 2341/2556/2341
f 243/270/243 253/280/253 228/253/228
f 252/279/252 228/253/228 253/280/253
f 1058/1156/1058 258/287/258 1695/1849/1695
f 259/288/259 1695/1849/1695 258/287/258
f 1058/1167/1058 1066/1166/1066 265/294/265
f 253/2555/253 257/301/257 270/300/270
f 265/294/265 258/299/258 1058/1167/1058
f 272/303/272 271/302/271 276/307/276
f 255/283/255 272/303/272 276/307/276
f 276/307/276 275/306/275 254/282/254
f 275/306/275 256/284/256 254/282/254
f 256/284/256 275/306/275 2342/2557/2342
f 276/307/276 254/282/254 255/283/255
f 2343/2558/2343 282/313/282 281/312/281
f 281/312/281 283/314/283 2343/2558/2343
f 2343/2558/2343 520/577/520 58/58/58
f 283/314/283 285/316/285 2343/2558/2343
f 285/316/285 520/577/520 2343/2558/2343
f 224/247/224 286/317/286 249/276/249
f 289/321/289 249/276/249 286/317/286
f 292/324/292 284/315/284 283/314/283
f 294/326/294 290/322/290 281/312/281
f 290/322/290 283/314/283 281/312/281
f 1698/1852/1698 261/290/261 2344/2559/2344
f 2345/2560/2345 267/296/267 277/308/277
f 296/328/296 256/284/256 2342/2557/2342
f 271/302/271 274/305/274 276/307/276
f 523/581/523 261/290/261 1698/1852/1698
f 261/290/261 263/292/263 2344/2559/2344
f 302/334/302 298/330/298 301/333/301
f 302/334/302 2346/2561/2346 298/330/298
f 547/614/547 302/334/302 278/309/278
f 328/368/328 320/356/320 579/649/579
f 2346/2561/2346 325/362/325 298/330/298
f 590/660/590 325/362/325 2346/2561/2346
f 591/663/591 320/356/320 313/345/313
f 313/345/313 319/355/319 591/663/591
f 579/649/579 526/589/526 328/368/328
f 387/434/387 2347/2562/2347 386/433/386
f 447/504/447 657/731/657 445/502/445
f 447/504/447 448/505/448 657/731/657
f 659/733/659 445/502/445 657/731/657
f 671/746/671 450/507/450 456/513/456
f 671/746/671 2348/2563/2348 450/507/450
f 2347/2562/2347 384/431/384 386/433/386
f 450/507/450 2348/2563/2348 448/505/448
f 456/513/456 450/507/450 451/508/451
f 456/513/456 441/498/441 665/740/665
f 2348/2563/2348 657/731/657 448/505/448
f 441/498/441 437/494/437 665/740/665
f 490/547/490 2349/2564/2349 491/548/491
f 2350/2565/2350 2349/2564/2349 490/547/490
f 490/547/490 501/558/501 2350/2565/2350
f 500/557/500 499/556/499 505/562/505
f 503/560/503 731/813/731 709/791/709
f 731/813/731 503/560/503 515/572/515
f 709/791/709 2351/2566/2351 503/560/503
f 495/552/495 503/560/503 2351/2566/2351
f 2351/2566/2351 505/562/505 495/552/495
f 500/557/500 505/562/505 2351/2566/2351
f 508/565/508 2352/2567/2352 509/566/509
f 2353/2568/2353 509/566/509 2352/2567/2352
f 2354/2569/2354 510/567/510 509/566/509
f 2353/2568/2353 2354/2569/2354 509/566/509
f 2355/2570/2355 510/567/510 2354/2569/2354
f 510/567/510 2355/2570/2355 511/568/511
f 511/568/511 2355/2570/2355 2356/2571/2356
f 508/565/508 507/564/507 2352/2567/2352
f 2357/2572/2357 2350/2565/2350 501/558/501
f 2357/2572/2357 501/558/501 500/557/500
f 515/572/515 730/812/730 731/813/731
f 730/812/730 515/572/515 464/521/464
f 2358/2573/2358 500/557/500 2351/2566/2351
f 500/557/500 2358/2573/2358 2357/2572/2357
f 2359/2574/2359 730/812/730 464/521/464
f 2349/2564/2349 2350/2565/2350 2360/2575/2360
f 2349/2564/2349 2361/2576/2361 491/548/491
f 295/327/295 523/581/523 1160/1267/1160
f 2362/2577/2362 2363/2578/2363 2148/2342/2148
f 2362/2577/2362 2361/2576/2361 2363/2578/2363
f 14/14/14 20/20/20 2/2/2
f 2331/2544/2331 260/289/260 10/10/10
f 20/20/20 22/22/22 2/2/2
f 2334/2547/2334 27/27/27 7/7/7
f 27/27/27 13/13/13 7/7/7
f 13/13/13 27/27/27 14/14/14
f 1732/1893/1732 100/108/100 101/109/101
f 101/109/101 105/113/105 1732/1893/1732
f 115/126/115 117/128/117 1755/1917/1755
f 112/123/112 89/96/89 111/122/111
f 1807/1969/1807 154/165/154 197/215/197
f 197/215/197 1806/1968/1806 1807/1969/1807
f 1922/2090/1922 2339/2553/2339 2356/2571/2356
f 2356/2571/2356 2339/2553/2339 514/571/514
f 1695/1849/1695 259/288/259 2331/2544/2331
f 259/288/259 260/289/260 2331/2544/2331
f 279/310/279 296/328/296 536/603/536
f 2343/2558/2343 58/58/58 282/313/282
f 2344/2559/2344 263/292/263 265/294/265
f 548/615/548 547/614/547 278/309/278
f 2359/2574/2359 461/518/461 445/502/445
f 2359/2574/2359 464/521/464 461/518/461
f 659/733/659 2359/2574/2359 445/502/445
f 2356/2571/2356 514/571/514 511/568/511
f 2359/2574/2359 659/733/659 750/834/750
f 2361/2576/2361 2349/2564/2349 2360/2575/2360
f 2148/2342/2148 507/564/507 2362/2577/2362
f 2362/2577/2362 507/564/507 491/548/491
f 491/548/491 2361/2576/2361 2362/2577/2362
f 279/310/279 536/603/536 548/615/548
f 548/615/548 278/309/278 279/310/279
f 539/606/539 541/608/541 274/305/274
f 271/302/271 539/606/539 274/305/274
f 2364/2579/2364 541/608/541 529/596/529
f 2364/2579/2364 274/305/274 541/608/541
f 2364/2579/2364 275/306/275 274/305/274
f 2364/2579/2364 2342/2557/2342 275/306/275
f 539/606/539 271/302/271 273/304/273
f 2365/2580/2365 540/607/540 2345/2560/2345
f 277/308/277 2365/2580/2365 2345/2560/2345
f 539/606/539 2345/2560/2345 540/607/540
f 539/606/539 273/304/273 267/296/267
f 2345/2560/2345 539/606/539 267/296/267
f 549/616/549 2346/2561/2346 302/334/302
f 551/618/551 550/617/550 2366/2581/2366
f 579/649/579 576/646/576 526/589/526
f 590/660/590 2346/2561/2346 573/643/573
f 590/660/590 589/659/589 325/362/325
f 319/355/319 589/662/589 591/663/591
f 319/359/319 325/362/325 589/659/589
f 628/711/628 2366/2581/2366 2367/2582/2367
f 637/709/637 628/711/628 2367/2582/2367
f 549/616/549 573/643/573 2346/2561/2346
f 629/701/629 2366/2583/2366 628/700/628
f 2367/2582/2367 550/617/550 564/631/564
f 550/617/550 2367/2582/2367 2366/2581/2366
f 650/724/650 2347/2584/2347 387/452/387
f 575/645/575 403/454/403 526/589/526
f 403/454/403 650/724/650 387/452/387
f 657/731/657 2348/2563/2348 672/747/672
f 664/738/664 665/740/665 437/494/437
f 670/745/670 456/513/456 665/740/665
f 667/742/667 671/746/671 670/745/670
f 671/746/671 456/513/456 670/745/670
f 671/746/671 672/747/672 2348/2563/2348
f 650/724/650 655/729/655 2347/2584/2347
f 2347/2584/2347 655/729/655 654/728/654
f 700/778/700 666/741/666 669/744/669
f 700/778/700 704/786/704 666/741/666
f 707/789/707 2358/2573/2358 709/791/709
f 2358/2573/2358 2351/2566/2351 709/791/709
f 2350/2565/2350 762/846/762 2360/2575/2360
f 715/797/715 2358/2573/2358 711/793/711
f 711/793/711 2358/2573/2358 707/789/707
f 2358/2573/2358 715/797/715 2357/2572/2357
f 762/846/762 2357/2572/2357 715/797/715
f 2357/2572/2357 762/846/762 2350/2565/2350
f 741/823/741 753/837/753 725/807/725
f 2368/2585/2368 722/804/722 724/806/724
f 2368/2585/2368 725/807/725 719/801/719
f 719/801/719 722/804/722 2368/2585/2368
f 728/810/728 731/813/731 730/812/730
f 696/773/696 739/821/739 697/774/697
f 739/2586/739 742/826/742 697/825/697
f 745/829/745 726/808/726 747/831/747
f 723/805/723 726/808/726 745/829/745
f 726/808/726 729/811/729 747/831/747
f 747/831/747 729/811/729 750/834/750
f 730/812/730 2359/2574/2359 750/834/750
f 891/981/891 741/2587/741 755/839/755
f 891/981/891 753/1068/753 741/2587/741
f 734/816/734 754/838/754 736/818/736
f 754/838/754 755/839/755 736/818/736
f 755/839/755 741/2587/741 738/820/738
f 761/845/761 970/1066/970 762/846/762
f 716/798/716 725/807/725 753/837/753
f 741/2587/741 740/822/740 738/820/738
f 970/1066/970 2360/2575/2360 762/846/762
f 765/849/765 764/848/764 2369/2588/2369
f 2369/2588/2369 764/848/764 766/850/766
f 766/850/766 768/852/768 1159/1266/1159
f 767/851/767 1160/1267/1160 768/852/768
f 767/851/767 770/854/770 2365/2580/2365
f 2365/2580/2365 295/327/295 767/851/767
f 767/851/767 295/327/295 1160/1267/1160
f 777/861/777 765/849/765 2370/2589/2370
f 777/861/777 763/847/763 765/849/765
f 765/849/765 2369/2588/2369 2370/2589/2370
f 779/863/779 764/848/764 763/847/763
f 774/858/774 780/864/780 779/863/779
f 2371/2590/2371 792/876/792 798/882/798
f 793/877/793 792/876/792 2371/2590/2371
f 2371/2590/2371 798/882/798 1163/1270/1163
f 2370/2589/2370 1157/1264/1157 777/861/777
f 2372/2591/2372 1283/1404/1283 847/934/847
f 791/875/791 2372/2591/2372 847/934/847
f 2372/2591/2372 791/875/791 793/877/793
f 2373/2592/2373 824/910/824 823/909/823
f 822/920/822 2374/2593/2374 826/912/826
f 822/908/822 824/910/824 2374/2594/2374
f 830/916/830 826/912/826 2374/2593/2374
f 2374/2593/2374 832/2595/832 830/916/830
f 2374/2594/2374 824/910/824 832/918/832
f 835/922/835 833/919/833 2375/2596/2375
f 833/919/833 834/921/834 2375/2596/2375
f 1280/1401/1280 1348/1480/1348 836/923/836
f 836/923/836 2375/2596/2375 834/921/834
f 831/917/831 839/926/839 832/918/832
f 832/918/832 839/926/839 838/925/838
f 827/913/827 844/931/844 843/930/843
f 827/913/827 828/914/828 2376/2597/2376
f 827/913/827 2376/2597/2376 844/931/844
f 836/923/836 837/924/837 1280/1401/1280
f 2377/2598/2377 852/941/852 848/938/848
f 849/940/849 851/939/851 2378/2599/2378
f 2378/2599/2378 2379/2600/2379 2373/2592/2373
f 2378/2599/2378 823/909/823 849/940/849
f 2378/2599/2378 2373/2592/2373 823/909/823
f 2378/2599/2378 854/943/854 2379/2600/2379
f 851/939/851 854/943/854 2378/2599/2378
f 854/943/854 858/947/858 2379/2600/2379
f 2373/2592/2373 2379/2600/2379 857/946/857
f 2379/2600/2379 858/947/858 857/946/857
f 1349/1481/1349 1352/1484/1352 2380/2601/2380
f 848/935/848 850/937/850 2380/2601/2380
f 2380/2601/2380 850/937/850 1349/1481/1349
f 850/937/850 2375/2596/2375 1349/1481/1349
f 850/937/850 835/922/835 2375/2596/2375
f 848/935/848 2380/2601/2380 1352/1484/1352
f 943/1035/943 2381/2602/2381 2382/2603/2382
f 2383/2604/2383 943/1035/943 853/942/853
f 1349/1481/1349 836/923/836 1348/1480/1348
f 2377/2598/2377 2384/2605/2384 852/941/852
f 2383/2604/2383 853/942/853 852/941/852
f 2373/2592/2373 857/946/857 824/910/824
f 1349/1481/1349 2375/2596/2375 836/923/836
f 852/941/852 2384/2605/2384 2383/2604/2383
f 863/953/863 869/959/869 871/961/871
f 872/962/872 869/959/869 868/958/868
f 869/959/869 872/962/872 873/963/873
f 874/964/874 875/965/875 821/907/821
f 907/999/907 888/978/888 900/992/900
f 900/992/900 756/840/756 907/999/907
f 913/1005/913 912/1004/912 916/1008/916
f 916/1008/916 971/1067/971 2385/2606/2385
f 933/1025/933 920/1012/920 924/1016/924
f 913/1005/913 922/1014/922 914/1006/914
f 926/1018/926 889/979/889 923/1015/923
f 916/1008/916 2385/2606/2385 913/1005/913
f 2385/2606/2385 922/1014/922 913/1005/913
f 2385/2606/2385 2386/2607/2386 925/1017/925
f 922/1014/922 2385/2606/2385 925/1017/925
f 2385/2606/2385 971/1067/971 2386/2607/2386
f 971/1067/971 972/1069/972 2386/2607/2386
f 972/1069/972 917/1009/917 2386/2607/2386
f 925/1017/925 2386/2607/2386 903/995/903
f 917/1009/917 899/991/899 2386/2607/2386
f 926/1018/926 903/995/903 902/994/902
f 899/991/899 903/995/903 2386/2607/2386
f 883/973/883 928/1020/928 929/1021/929
f 929/1021/929 932/1024/932 880/970/880
f 931/1023/931 919/1011/919 939/1031/939
f 928/1020/928 927/1019/927 939/1031/939
f 939/1031/939 930/1022/930 928/1020/928
f 939/1031/939 933/1025/933 930/1022/930
f 919/1011/919 933/1025/933 939/1031/939
f 924/1016/924 901/993/901 933/1025/933
f 2387/2608/2387 910/1002/910 921/1013/921
f 2388/2609/2388 2389/2610/2389 2390/2611/2390
f 2391/2612/2391 2389/2610/2389 2388/2609/2388
f 2389/2610/2389 941/1033/941 2387/2608/2387
f 2391/2612/2391 941/1033/941 2389/2610/2389
f 2391/2612/2391 940/1032/940 941/1033/941
f 2391/2612/2391 942/1034/942 940/1032/940
f 941/1033/941 908/1000/908 2387/2608/2387
f 942/1034/942 2392/2613/2392 2393/2614/2393
f 946/1038/946 2394/2615/2394 949/1041/949
f 2394/2615/2394 2390/2611/2390 949/1041/949
f 949/1041/949 2390/2611/2390 2395/2616/2395
f 2395/2616/2395 2390/2611/2390 2389/2610/2389
f 2389/2610/2389 2387/2608/2387 2395/2616/2395
f 2395/2616/2395 947/1039/947 949/1041/949
f 2395/2616/2395 938/1030/938 947/1039/947
f 2395/2616/2395 2387/2608/2387 938/1030/938
f 880/970/880 867/957/867 862/952/862
f 883/973/883 929/1021/929 879/969/879
f 879/969/879 929/1021/929 880/970/880
f 2387/2608/2387 908/1000/908 910/1002/910
f 2396/2617/2396 915/1007/915 912/1004/912
f 880/970/880 932/1024/932 867/957/867
f 859/948/859 884/974/884 885/975/885
f 948/1040/948 884/974/884 859/948/859
f 947/1039/947 938/1030/938 937/1029/937
f 2387/2608/2387 921/1013/921 938/1030/938
f 942/1034/942 2396/2617/2396 912/1004/912
f 2397/2618/2397 951/1043/951 950/1042/950
f 953/1046/953 951/1045/951 2398/2619/2398
f 953/1046/953 2398/2619/2398 2399/2620/2399
f 953/1046/953 2399/2620/2399 961/1057/961
f 961/1057/961 2399/2620/2399 966/1062/966
f 2399/2620/2399 2400/2621/2400 966/1062/966
f 2400/2621/2400 968/1064/968 966/1062/966
f 2172/2366/2172 968/1064/968 2400/2621/2400
f 969/1065/969 968/1064/968 2174/2368/2174
f 969/1065/969 2174/2368/2174 2363/2578/2363
f 969/1065/969 2361/2576/2361 970/1066/970
f 2361/2576/2361 969/1065/969 2363/2578/2363
f 771/855/771 540/607/540 770/854/770
f 770/854/770 540/607/540 2365/2580/2365
f 295/327/295 2365/2580/2365 277/308/277
f 575/645/575 526/589/526 576/646/576
f 2367/2582/2367 642/716/642 637/709/637
f 2367/2582/2367 564/631/564 642/716/642
f 750/834/750 659/733/659 749/833/749
f 754/838/754 890/980/890 755/839/755
f 970/1066/970 2361/2576/2361 2360/2575/2360
f 798/882/798 778/862/778 1163/1270/1163
f 1163/1270/1163 778/862/778 777/861/777
f 837/924/837 847/934/847 1283/1404/1283
f 2401/2622/2401 793/877/793 2371/2590/2371
f 2382/2603/2382 946/1038/946 943/1035/943
f 1283/1404/1283 1280/1401/1280 837/924/837
f 859/948/859 885/975/885 854/943/854
f 854/943/854 885/975/885 858/947/858
f 889/979/889 924/1016/924 923/1015/923
f 2393/2614/2393 2402/2623/2402 2396/2617/2396
f 960/1056/960 964/1060/964 895/987/895
f 964/1060/964 896/988/896 895/987/895
f 898/1070/898 960/1056/960 895/987/895
f 915/1007/915 2396/2617/2396 2402/2623/2402
f 942/1034/942 2393/2614/2393 2396/2617/2396
f 2253/2450/2253 2397/2618/2397 915/1007/915
f 2397/2618/2397 950/1042/950 915/1007/915
f 2253/2450/2253 915/1007/915 2402/2623/2402
f 2327/2540/2327 2326/2539/2326 977/1075/977
f 973/1071/973 978/1076/978 1705/1863/1705
f 974/1072/974 1711/1869/1711 981/1079/981
f 973/1071/973 1712/1870/1712 974/1072/974
f 974/1072/974 1712/1870/1712 1711/1869/1711
f 979/1077/979 981/1079/981 985/1083/985
f 983/1081/983 982/1080/982 1744/2624/1744
f 985/1083/985 1718/1876/1718 982/1080/982
f 981/1079/981 1718/1876/1718 985/1083/985
f 988/1086/988 990/1088/990 1008/1106/1008
f 995/1093/995 1696/1850/1696 997/1095/997
f 997/1095/997 1696/1850/1696 1000/1098/1000
f 2331/2544/2331 2332/2545/2332 1696/1850/1696
f 1696/1850/1696 2332/2545/2332 1000/1098/1000
f 1000/1098/1000 2332/2545/2332 993/1091/993
f 9/9/9 2330/2543/2330 993/1091/993
f 1015/1113/1015 1031/1129/1031 1030/1128/1030
f 1031/1129/1031 1015/1113/1015 1014/1112/1014
f 1007/1105/1007 988/1086/988 1026/1124/1026
f 1007/1105/1007 1026/1124/1026 1023/1121/1023
f 1040/1138/1040 1036/1134/1036 2403/2625/2403
f 1036/1134/1036 1738/2626/1738 2403/2625/2403
f 1036/1134/1036 983/1081/983 1739/2627/1739
f 1036/1134/1036 1739/2627/1739 1738/2626/1738
f 1037/1135/1037 1032/1130/1032 1040/1138/1040
f 1019/1117/1019 1035/1133/1035 1032/1130/1032
f 1032/1130/1032 1035/1133/1035 1040/1138/1040
f 1007/1105/1007 986/1084/986 988/1086/988
f 1038/1136/1038 2404/2628/2404 1039/1137/1039
f 1057/1155/1057 1039/1137/1039 2404/2628/2404
f 1695/1849/1695 1059/1157/1059 1058/1156/1058
f 1698/1852/1698 2344/2559/2344 1697/1851/1697
f 1066/1166/1066 1697/1851/1697 2344/2559/2344
f 1692/1846/1692 1083/1184/1083 1079/1180/1079
f 1692/1846/1692 1079/1180/1079 1096/1197/1096
f 1048/1146/1048 1103/1204/1103 1083/1184/1083
f 1103/1204/1103 1049/1147/1049 1108/1209/1108
f 1048/1146/1048 1049/1147/1049 1103/1204/1103
f 1048/1146/1048 1083/1184/1083 1692/1846/1692
f 1123/1227/1123 1122/1226/1122 1121/1225/1121
f 1134/1240/1134 1122/1226/1122 1123/1227/1123
f 1137/1243/1137 1139/1245/1139 1140/2629/1140
f 1140/2629/1140 1119/1220/1119 1118/1219/1118
f 1144/1251/1144 1147/1254/1147 1136/1242/1136
f 1144/1251/1144 1145/1252/1145 1147/1254/1147
f 1137/1243/1137 1118/1219/1118 1136/1242/1136
f 1136/1242/1136 1147/1254/1147 1137/1243/1137
f 1147/1254/1147 1138/1244/1138 1137/1243/1137
f 1118/1219/1118 1137/1243/1137 1140/2629/1140
f 2370/2589/2370 1153/1260/1153 1157/1264/1157
f 1154/1261/1154 1153/1260/1153 2370/2589/2370
f 1155/1262/1155 1154/1261/1154 2370/2589/2370
f 2370/2589/2370 2369/2588/2369 1155/1262/1155
f 2369/2588/2369 766/850/766 1159/1266/1159
f 1159/1266/1159 768/852/768 1160/1267/1160
f 2371/2590/2371 1163/1270/1163 1162/1269/1162
f 1163/1270/1163 1157/1264/1157 1156/1263/1156
f 1163/1270/1163 777/861/777 1157/1264/1157
f 1202/1315/1202 1262/1383/1262 2405/2630/2405
f 2405/2630/2405 1175/1283/1175 1202/1315/1202
f 1175/1283/1175 2405/2630/2405 1176/1284/1176
f 2405/2630/2405 2406/2631/2406 1176/1284/1176
f 1176/1284/1176 2406/2631/2406 1192/1303/1192
f 1262/1383/1262 2407/2632/2407 2405/2630/2405
f 2405/2630/2405 2407/2632/2407 2406/2631/2406
f 2406/2631/2406 2407/2632/2407 1192/1303/1192
f 1246/1367/1246 1262/1383/1262 1260/1381/1260
f 1189/1300/1189 1188/1299/1188 1246/1367/1246
f 1252/1373/1252 1258/1379/1258 1255/1376/1255
f 1252/1373/1252 1279/1400/1279 1258/1379/1258
f 2372/2591/2372 1284/1405/1284 1283/1404/1283
f 1279/1400/1279 1282/1403/1282 1258/1379/1258
f 793/877/793 1284/1405/1284 2372/2591/2372
f 793/877/793 2401/2622/2401 1284/1405/1284
f 1284/1405/1284 2401/2622/2401 1162/1269/1162
f 1188/1299/1188 2407/2632/2407 1262/1383/1262
f 1262/1383/1262 1246/1367/1246 1188/1299/1188
f 1347/1479/1347 1352/1484/1352 1349/1481/1349
f 1353/1485/1353 2377/2633/2377 1352/1484/1352
f 848/935/848 1352/1484/1352 2377/2633/2377
f 1359/1516/1359 1373/1506/1373 1357/2634/1357
f 1366/1498/1366 1363/1495/1363 1376/1512/1376
f 1376/1512/1376 1387/1528/1387 1389/1530/1389
f 1366/1498/1366 1376/1512/1376 1389/1530/1389
f 1389/1530/1389 1369/1501/1369 1366/1498/1366
f 1371/1503/1371 1356/1504/1356 1357/2634/1357
f 1373/1506/1373 1371/1503/1371 1357/2634/1357
f 1359/1516/1359 1384/1524/1384 1373/1506/1373
f 1383/1521/1383 2384/2605/2384 1353/1523/1353
f 1383/1521/1383 2383/2604/2383 2384/2605/2384
f 1402/1545/1402 2382/2603/2382 2381/2602/2381
f 1383/1521/1383 1401/1544/1401 2383/2604/2383
f 2381/2602/2381 2383/2604/2383 1401/1544/1401
f 1402/1545/1402 2381/2602/2381 1401/1544/1401
f 2381/2602/2381 943/1035/943 2383/2604/2383
f 2382/2603/2382 1402/1545/1402 1400/1543/1400
f 1353/1523/1353 2384/2605/2384 2377/2598/2377
f 1410/1553/1410 2408/2635/2408 1411/1554/1411
f 1408/1551/1408 2408/2635/2408 1410/1553/1410
f 1408/1551/1408 1407/1550/1407 2408/2635/2408
f 1701/1857/1701 1404/1547/1404 1411/1554/1411
f 1701/1857/1701 1411/1554/1411 2409/2636/2409
f 2394/2615/2394 1701/1857/1701 2409/2636/2409
f 1442/1585/1442 1440/1583/1440 1438/1581/1438
f 1440/1583/1440 1445/1588/1445 1439/1582/1439
f 2410/2637/2410 1445/1588/1445 1442/1585/1442
f 1442/1585/1442 1444/1587/1444 2410/2637/2410
f 1445/1588/1445 2410/2637/2410 1702/1858/1702
f 1444/1587/1444 1459/1605/1459 2410/2637/2410
f 1473/1860/1473 1164/1271/1164 1485/1637/1485
f 1477/1627/1477 1480/1630/1480 1519/1670/1519
f 1527/1678/1527 1518/1669/1518 1522/1673/1522
f 1522/1673/1522 1520/1671/1520 1521/1672/1521
f 1521/1672/1521 1524/1675/1524 1522/1673/1522
f 1524/1675/1524 1527/1678/1527 1522/1673/1522
f 1603/1754/1603 2322/2532/2322 1604/1755/1604
f 1440/1583/1440 1442/1585/1442 1445/1588/1445
f 1630/1781/1630 1633/1784/1633 1631/1782/1631
f 2411/2638/2411 1632/1783/1632 1630/1781/1630
f 1631/2639/1631 1633/2640/1633 1963/2133/1963
f 1631/2639/1631 1963/2133/1963 2412/2641/2412
f 1647/1799/1647 2413/2642/2413 1666/1818/1666
f 1647/1799/1647 1638/1789/1638 2413/2642/2413
f 1965/2135/1965 1666/1818/1666 2413/2642/2413
f 2414/2643/2414 2413/2642/2413 1638/1789/1638
f 2413/2642/2413 2414/2643/2414 1967/2137/1967
f 1641/1792/1641 1968/2138/1968 1967/2137/1967
f 1641/1792/1641 2415/2644/2415 1968/2138/1968
f 2412/2641/2412 1644/2645/1644 1631/2639/1631
f 2416/2646/2416 1655/1807/1655 1652/1804/1652
f 2416/2646/2416 1658/1810/1658 2021/2198/2021
f 1659/1811/1659 2021/2198/2021 1658/1810/1658
f 2416/2646/2416 2020/2197/2020 1655/1807/1655
f 1657/1809/1657 2025/2202/2025 1659/1811/1659
f 2025/2202/2025 1657/1809/1657 1663/1815/1663
f 2025/2202/2025 1663/1815/1663 2026/2203/2026
f 1663/1815/1663 1664/1816/1664 2026/2203/2026
f 2026/2203/2026 1664/1816/1664 2072/2254/2072
f 2072/2254/2072 1664/1816/1664 1666/1818/1666
f 1666/1818/1666 1965/2135/1965 2072/2254/2072
f 1704/1862/1704 2059/2241/2059 2061/2243/2061
f 1704/1862/1704 1669/1821/1669 2059/2241/2059
f 1669/1821/1669 1653/1805/1653 2059/2241/2059
f 1632/2647/1632 2417/2648/2417 1633/2640/1633
f 1640/1791/1640 1643/1794/1643 1641/1792/1641
f 1963/2133/1963 1633/2640/1633 2417/2648/2417
f 1643/1794/1643 2415/2644/2415 1641/1792/1641
f 2273/2473/2273 1683/1835/1683 1691/1845/1691
f 1686/1838/1686 2218/2414/2218 1685/1837/1685
f 1685/1837/1685 2218/2414/2218 1691/1845/1691
f 1605/1756/1605 2216/2412/2216 1686/1838/1686
f 2216/2412/2216 1605/1756/1605 1703/1861/1703
f 1689/1843/1689 2265/2465/2265 1690/1844/1690
f 1393/1534/1393 2257/2454/2257 2418/2649/2418
f 1393/1534/1393 1687/1840/1687 2271/2471/2271
f 1393/1534/1393 2271/2471/2271 2257/2454/2257
f 1688/2650/1688 2271/2471/2271 1687/1840/1687
f 2271/2471/2271 1688/2650/1688 1690/2464/1690
f 2272/2472/2272 1689/1843/1689 1684/1836/1684
f 1689/1843/1689 2272/2472/2272 2265/2465/2265
f 1683/1835/1683 2272/2472/2272 1684/1836/1684
f 1683/1835/1683 2273/2473/2273 2272/2472/2272
f 1040/1138/1040 2403/2625/2403 1038/1136/1038
f 1696/1850/1696 1695/1849/1695 2331/2544/2331
f 2403/2625/2403 2404/2628/2404 1038/1136/1038
f 2344/2559/2344 265/294/265 1066/1166/1066
f 1123/1227/1123 1135/1241/1135 1134/1240/1134
f 2401/2622/2401 2371/2590/2371 1162/1269/1162
f 1171/1278/1171 1135/1241/1135 1123/1227/1123
f 1400/1543/1400 1701/1857/1701 2382/2603/2382
f 1281/1402/1281 1280/1401/1280 1283/1404/1283
f 1407/1550/1407 2325/2538/2325 2324/2537/2324
f 1701/1857/1701 946/1038/946 2382/2603/2382
f 2394/2615/2394 946/1038/946 1701/1857/1701
f 1407/1550/1407 1409/1552/1409 2325/2538/2325
f 1693/1847/1693 2411/2638/2411 1460/1606/1460
f 1459/1605/1459 2411/2638/2411 2410/2637/2410
f 2411/2638/2411 1459/1605/1459 1460/1606/1460
f 2410/2637/2410 2411/2638/2411 1702/1858/1702
f 1110/1211/1110 1419/1562/1419 1164/1271/1164
f 2411/2638/2411 1693/1847/1693 1632/1783/1632
f 1694/1848/1694 1632/1783/1632 1693/1847/1693
f 1630/1781/1630 1702/1858/1702 2411/2638/2411
f 2417/2648/2417 1632/2647/1632 1694/2651/1694
f 1644/1796/1644 2415/2652/2415 1643/1795/1643
f 2415/2653/2415 1644/2645/1644 2412/2641/2412
f 1969/2140/1969 2415/2653/2415 2412/2641/2412
f 1704/1862/1704 2061/2243/2061 1603/1754/1603
f 2418/2649/2418 1409/1552/1409 1393/1534/1393
f 1708/1866/1708 1707/1865/1707 1706/1864/1706
f 1706/1864/1706 2328/2541/2328 1708/1866/1708
f 977/1075/977 1705/1863/1705 978/1076/978
f 977/1075/977 2326/2539/2326 1705/1863/1705
f 973/1071/973 1705/1863/1705 1707/1865/1707
f 1707/1865/1707 1709/1867/1709 1715/1873/1715
f 1712/1870/1712 973/1071/973 1707/1865/1707
f 1709/1867/1709 1717/1875/1717 1715/1873/1715
f 1716/2654/1716 1726/1887/1726 1728/1889/1728
f 1717/1875/1717 1733/1894/1733 1716/1874/1716
f 1716/2654/1716 1728/1889/1728 1720/1883/1720
f 1720/1883/1720 1728/1889/1728 1723/1884/1723
f 1716/2654/1716 1733/1895/1733 1726/1887/1726
f 982/1080/982 1718/1876/1718 1721/1879/1721
f 982/1080/982 1721/1879/1721 1744/2624/1744
f 983/1081/983 1744/2624/1744 1739/2627/1739
f 1747/1909/1747 2419/2655/2419 1745/1907/1745
f 1743/1905/1743 2419/2655/2419 1785/1947/1785
f 2419/2655/2419 1736/1898/1736 1785/1947/1785
f 1745/1907/1745 2419/2655/2419 1743/1905/1743
f 2419/2655/2419 1747/1909/1747 1734/1896/1734
f 1736/1898/1736 2419/2655/2419 1734/1896/1734
f 1730/1891/1730 1729/1890/1729 1731/1892/1731
f 1735/1897/1735 1730/1891/1730 1731/1892/1731
f 1750/1912/1750 1749/1911/1749 2335/2548/2335
f 1749/1911/1749 1748/1910/1748 108/119/108
f 1758/1920/1758 2335/2548/2335 1757/1919/1757
f 1758/1920/1758 1750/1912/1750 2335/2548/2335
f 1762/1924/1762 1764/1926/1764 1773/1935/1773
f 2420/2656/2420 1773/1935/1773 1764/1926/1764
f 1773/1935/1773 1769/1931/1769 1768/1930/1768
f 1762/1924/1762 1773/1935/1773 1768/1930/1768
f 1776/1938/1776 1771/1933/1771 1770/1932/1770
f 2420/2656/2420 1774/1936/1774 1773/1935/1773
f 1793/1955/1793 1776/1938/1776 1790/1952/1790
f 1057/2657/1057 1795/1957/1795 1871/2033/1871
f 2404/2658/2404 1795/1957/1795 1057/2657/1057
f 1871/2033/1871 1795/1957/1795 1796/1958/1796
f 2404/2658/2404 2403/2659/2403 2421/2660/2421
f 2421/2660/2421 1795/1957/1795 2404/2658/2404
f 2421/2660/2421 1797/1959/1797 1795/1957/1795
f 1811/1973/1811 1774/1936/1774 1812/1974/1812
f 1852/2014/1852 1856/2018/1856 1808/1970/1808
f 1849/2011/1849 1852/2014/1852 1853/2015/1853
f 1849/2011/1849 1851/2013/1851 1856/2018/1856
f 1849/2011/1849 1856/2018/1856 1852/2014/1852
f 1852/2014/1852 1810/1972/1810 1853/2015/1853
f 1856/2018/1856 1855/2017/1855 1811/1973/1811
f 1856/2018/1856 1811/1973/1811 1808/1970/1808
f 1855/2017/1855 1774/1936/1774 1811/1973/1811
f 1694/2651/1694 1055/2661/1055 1862/2024/1862
f 1862/2024/1862 1055/2661/1055 1871/2033/1871
f 1057/2657/1057 1871/2033/1871 1055/2661/1055
f 2336/2549/2336 1763/1925/1763 156/167/156
f 2336/2549/2336 1807/1969/1807 1870/2032/1870
f 1776/1938/1776 1770/1932/1770 1790/1952/1790
f 1912/2080/1912 1908/2662/1908 217/237/217
f 217/237/217 1908/2662/1908 1910/2551/1910
f 1910/2078/1910 1907/2075/1907 1906/2074/1906
f 1907/2075/1907 1876/2038/1876 1906/2074/1906
f 1912/2080/1912 2337/2550/2337 1913/2081/1913
f 1915/2083/1915 1913/2081/1913 1925/2093/1925
f 1922/2090/1922 1923/2091/1923 2339/2553/2339
f 1923/2091/1923 1925/2093/1925 2339/2553/2339
f 1925/2093/1925 1913/2081/1913 2338/2552/2338
f 219/240/219 1906/2074/1906 1877/2039/1877
f 2337/2550/2337 2338/2552/2338 1913/2081/1913
f 2353/2568/2353 1932/2100/1932 1936/2104/1936
f 2353/2568/2353 2352/2567/2352 1932/2100/1932
f 1938/2106/1938 2320/2530/2320 1936/2104/1936
f 2320/2530/2320 2353/2568/2353 1936/2104/1936
f 1938/2106/1938 1919/2087/1919 2320/2530/2320
f 2353/2568/2353 2320/2530/2320 2354/2569/2354
f 2354/2569/2354 2320/2530/2320 1921/2089/1921
f 2319/2529/2319 1919/2087/1919 1938/2106/1938
f 507/564/507 1933/2101/1933 2352/2567/2352
f 1936/2104/1936 1932/2100/1932 1934/2102/1934
f 2319/2529/2319 1938/2106/1938 1937/2105/1937
f 2352/2567/2352 1933/2101/1933 1932/2100/1932
f 2408/2635/2408 1407/1550/1407 1942/2110/1942
f 2324/2537/2324 1942/2110/1942 1407/1550/1407
f 2408/2635/2408 1942/2110/1942 1940/2108/1940
f 1411/1554/1411 2408/2635/2408 1940/2108/1940
f 1939/2107/1939 2409/2636/2409 1411/1554/1411
f 2388/2609/2388 2409/2636/2409 1939/2107/1939
f 1411/1554/1411 1940/2108/1940 1939/2107/1939
f 1941/2109/1941 2391/2612/2391 1939/2107/1939
f 2391/2612/2391 2388/2609/2388 1939/2107/1939
f 1944/2112/1944 2262/2459/2262 1941/2109/1941
f 2262/2459/2262 2392/2613/2392 1941/2109/1941
f 1941/2109/1941 942/1034/942 2391/2612/2391
f 2392/2613/2392 942/1034/942 1941/2109/1941
f 2409/2636/2409 2390/2611/2390 2394/2615/2394
f 2388/2609/2388 2390/2611/2390 2409/2636/2409
f 1963/2133/1963 1960/2130/1960 2412/2641/2412
f 2413/2642/2413 1962/2132/1962 1965/2135/1965
f 2413/2642/2413 1967/2137/1967 1945/2113/1945
f 1945/2113/1945 1962/2132/1962 2413/2642/2413
f 1967/2137/1967 1968/2138/1968 1954/2122/1954
f 1968/2138/1968 2415/2644/2415 1969/2139/1969
f 1969/2140/1969 1958/2128/1958 1956/2126/1956
f 2412/2641/2412 1960/2130/1960 1958/2128/1958
f 1999/2173/1999 1976/2255/1976 2002/2176/2002
f 1999/2173/1999 1993/2167/1993 1953/2121/1953
f 1999/2173/1999 1953/2121/1953 1976/2255/1976
f 2416/2646/2416 2021/2198/2021 2020/2197/2020
f 2021/2198/2021 1659/1811/1659 2022/2199/2022
f 1659/1811/1659 2024/2201/2024 2022/2199/2022
f 2024/2201/2024 1659/1811/1659 2025/2202/2025
f 2026/2203/2026 2072/2254/2072 1964/2134/1964
f 1653/1805/1653 2060/2242/2060 2059/2241/2059
f 2422/2663/2422 2398/2619/2398 951/1045/951
f 2422/2663/2422 2143/2337/2143 2398/2619/2398
f 2144/2338/2144 2398/2619/2398 2143/2337/2143
f 2398/2619/2398 2144/2338/2144 2399/2620/2399
f 2399/2620/2399 2144/2338/2144 2145/2339/2145
f 2399/2620/2399 2145/2339/2145 2400/2621/2400
f 2400/2621/2400 2145/2339/2145 2172/2366/2172
f 2146/2340/2146 2148/2342/2148 2363/2578/2363
f 2182/2378/2182 2157/2351/2157 2155/2349/2155
f 2157/2351/2157 2423/2664/2423 2158/2352/2158
f 2158/2352/2158 2423/2664/2423 2159/2353/2159
f 2423/2664/2423 2157/2351/2157 2182/2378/2182
f 2423/2664/2423 2163/2357/2163 2159/2353/2159
f 2161/2355/2161 2159/2353/2159 2162/2356/2162
f 2174/2368/2174 2173/2367/2173 2175/2369/2175
f 2174/2368/2174 2175/2369/2175 2363/2578/2363
f 2146/2340/2146 2363/2578/2363 2175/2369/2175
f 2181/2377/2181 2424/2665/2424 2182/2378/2182
f 2181/2377/2181 2188/2384/2188 2424/2665/2424
f 2182/2378/2182 2163/2357/2163 2423/2664/2423
f 2163/2357/2163 2182/2378/2182 2424/2665/2424
f 2183/2379/2183 2163/2357/2163 2424/2665/2424
f 2188/2384/2188 2183/2379/2183 2424/2665/2424
f 2181/2377/2181 2128/2322/2128 2188/2384/2188
f 968/1064/968 2172/2366/2172 2174/2368/2174
f 2273/2473/2273 1691/1845/1691 2218/2414/2218
f 2273/2473/2273 2218/2414/2218 2274/2474/2274
f 1686/1838/1686 2216/2412/2216 2218/2414/2218
f 2216/2412/2216 1703/1861/1703 2217/2413/2217
f 2245/2441/2245 2226/2460/2226 2225/2444/2225
f 2247/2443/2247 2226/2460/2226 2245/2441/2245
f 2242/2438/2242 2225/2444/2225 2231/2666/2231
f 2240/2436/2240 2242/2438/2242 2231/2666/2231
f 2252/2449/2252 2422/2667/2422 2253/2450/2253
f 2253/2450/2253 2422/2667/2422 2397/2618/2397
f 2258/2455/2258 2418/2649/2418 2257/2454/2257
f 2418/2649/2418 2258/2455/2258 2325/2538/2325
f 2247/2443/2247 2263/2461/2263 2226/2460/2226
f 2229/2425/2229 2270/2470/2270 2276/2476/2276
f 2271/2471/2271 2263/2461/2263 2257/2454/2257
f 2231/2666/2231 2251/2668/2251 2240/2436/2240
f 2403/2659/2403 1738/1900/1738 2421/2660/2421
f 1797/1959/1797 2421/2660/2421 1741/1903/1741
f 2421/2660/2421 1738/1900/1738 1741/1903/1741
f 1862/2024/1862 2417/2648/2417 1694/2651/1694
f 1862/2024/1862 1860/2022/1860 2417/2648/2417
f 1922/2090/1922 2356/2571/2356 1921/2089/1921
f 1921/2089/1921 2356/2571/2356 2354/2569/2354
f 2355/2570/2355 2354/2569/2354 2356/2571/2356
f 1933/2101/1933 507/564/507 2148/2342/2148
f 2392/2613/2392 2237/2433/2237 2393/2614/2393
f 1603/1754/1603 2061/2243/2061 2322/2532/2322
f 2417/2648/2417 1860/2022/1860 1963/2133/1963
f 2412/2641/2412 1958/2128/1958 1969/2140/1969
f 1934/2102/1934 1933/2101/1933 2148/2342/2148
f 2422/2667/2422 951/1043/951 2397/2618/2397
f 1604/1755/1604 2223/2419/2223 1703/1861/1703
f 1604/1755/1604 2322/2532/2322 2223/2419/2223
f 2322/2532/2322 2062/2244/2062 2223/2419/2223
f 2252/2449/2252 2143/2536/2143 2422/2667/2422
f 2418/2649/2418 2325/2538/2325 1409/1552/1409
f 2262/2459/2262 2237/2433/2237 2392/2613/2392
f 4/4/4 2425/2669/2425 5/5/5
f 2425/2669/2425 2328/2541/2328 5/5/5
f 21/21/21 23/23/23 22/22/22
f 22/22/22 23/23/23 2425/2669/2425
f 23/23/23 99/107/99 2425/2669/2425
f 2425/2669/2425 99/107/99 2329/2542/2329
f 98/106/98 100/108/100 99/107/99
f 234/259/234 237/263/237 233/258/233
f 234/260/234 240/267/240 237/266/237
f 240/267/240 234/260/234 225/248/225
f 322/358/322 326/363/326 321/357/321
f 314/348/314 316/350/316 322/358/322
f 316/350/316 326/363/326 322/358/322
f 316/350/316 318/353/318 326/363/326
f 324/361/324 322/358/322 299/331/299
f 324/361/324 323/360/323 322/358/322
f 236/262/236 321/357/321 326/363/326
f 439/496/439 436/493/436 435/492/435
f 2425/2669/2425 2329/2542/2329 2328/2541/2328
f 99/107/99 100/108/100 2329/2542/2329
f 4/4/4 22/22/22 2425/2669/2425
f 2364/2579/2364 529/596/529 2342/2557/2342
f 533/600/533 2342/2557/2342 529/596/529
f 535/602/535 2342/2557/2342 533/600/533
f 2342/2557/2342 535/602/535 296/328/296
f 2366/2583/2366 629/701/629 551/2670/551
f 629/701/629 565/632/565 551/2670/551
f 565/632/565 557/2671/557 551/2670/551
f 557/2671/557 565/632/565 567/634/567
f 567/634/567 561/636/561 557/2671/557
f 551/618/551 557/624/557 553/620/553
f 559/626/559 537/604/537 555/622/555
f 555/622/555 556/623/556 559/626/559
f 538/605/538 554/621/554 555/622/555
f 538/605/538 555/622/555 534/601/534
f 555/622/555 537/604/537 535/602/535
f 689/766/689 694/771/694 675/751/675
f 724/806/724 744/828/744 743/827/743
f 739/2586/739 2426/2672/2426 742/826/742
f 2426/2672/2426 743/827/743 742/826/742
f 739/2586/739 740/824/740 2426/2672/2426
f 675/751/675 694/771/694 676/752/676
f 775/859/775 787/871/787 781/865/781
f 781/865/781 787/871/787 782/866/782
f 787/871/787 800/884/800 782/866/782
f 800/884/800 787/871/787 802/886/802
f 800/884/800 769/853/769 782/866/782
f 542/609/542 800/884/800 802/886/802
f 2376/2597/2376 828/914/828 829/915/829
f 813/899/813 845/932/845 838/2673/838
f 845/932/845 813/899/813 811/895/811
f 842/929/842 825/911/825 843/930/843
f 796/880/796 2427/2674/2427 797/881/797
f 829/915/829 845/932/845 2376/2597/2376
f 829/915/829 832/2595/832 845/932/845
f 2427/2674/2427 846/933/846 797/881/797
f 846/933/846 816/902/816 797/881/797
f 789/873/789 842/929/842 843/930/843
f 843/930/843 794/878/794 789/873/789
f 843/930/843 796/880/796 794/878/794
f 2427/2674/2427 796/880/796 843/930/843
f 871/961/871 876/966/876 874/964/874
f 877/967/877 876/966/876 873/963/873
f 877/967/877 873/963/873 646/720/646
f 530/597/530 542/609/542 802/886/802
f 544/611/544 530/597/530 802/886/802
f 535/602/535 534/601/534 555/622/555
f 991/1089/991 2327/2540/2327 2428/2675/2428
f 976/1074/976 2428/2675/2428 977/1075/977
f 1030/1128/1030 1031/1129/1031 1053/1151/1053
f 1028/1126/1028 1030/1128/1030 2429/2676/2429
f 1028/1126/1028 2429/2676/2429 1049/1147/1049
f 2430/2677/2430 1053/1151/1053 1051/1149/1051
f 1053/1151/1053 1033/1131/1033 1051/1149/1051
f 2428/2675/2428 2327/2540/2327 977/1075/977
f 2431/2678/2431 2429/2676/2429 2430/2677/2430
f 2429/2676/2429 1030/1128/1030 2430/2677/2430
f 2430/2677/2430 1030/1128/1030 1053/1151/1053
f 1138/1244/1138 1161/1268/1161 1142/1249/1142
f 1698/1852/1698 1142/1249/1142 1161/1268/1161
f 2432/2679/2432 1144/1251/1144 1131/1237/1131
f 1148/1255/1148 1145/1252/1145 2432/2679/2432
f 1145/1252/1145 1144/1251/1144 2432/2679/2432
f 1146/1253/1146 1161/1268/1161 1138/1244/1138
f 1161/1268/1161 1160/1267/1160 523/581/523
f 1151/1258/1151 1155/1262/1155 1150/1257/1150
f 1155/1262/1155 2433/2680/2433 1150/1257/1150
f 2433/2680/2433 2432/2679/2432 1150/1257/1150
f 2432/2679/2432 2433/2680/2433 1148/1255/1148
f 1155/1262/1155 2369/2588/2369 2433/2680/2433
f 2369/2588/2369 1159/1266/1159 2433/2680/2433
f 2433/2680/2433 1159/1266/1159 1148/1255/1148
f 1148/1255/1148 1159/1266/1159 1158/1265/1158
f 1150/1257/1150 2432/2679/2432 1131/1237/1131
f 1188/1299/1188 2434/2681/2434 2407/2632/2407
f 1192/1303/1192 2407/2632/2407 2435/2682/2435
f 1187/1298/1187 2434/2681/2434 1188/1299/1188
f 2407/2632/2407 2434/2681/2434 2435/2682/2435
f 1192/1303/1192 2435/2682/2435 1193/1304/1193
f 2434/2681/2434 2436/2683/2436 2435/2682/2435
f 2435/2682/2435 2436/2683/2436 1700/1854/1700
f 1193/1304/1193 2435/2682/2435 1700/1854/1700
f 2434/2681/2434 1187/1298/1187 1191/1302/1191
f 1149/1256/1149 2436/2683/2436 2434/2681/2434
f 1193/1304/1193 1700/1854/1700 1168/1275/1168
f 1107/1208/1107 1050/1148/1050 1417/1560/1417
f 2437/2684/2437 1050/1148/1050 1107/1208/1107
f 1528/1679/1528 2438/2685/2438 1526/1677/1526
f 1529/1680/1529 1530/1681/1530 1528/1679/1528
f 2438/2685/2438 1528/1679/1528 1530/1681/1530
f 1510/1661/1510 1511/1662/1511 1530/1681/1530
f 1526/1677/1526 2438/2685/2438 1601/1752/1601
f 1511/1662/1511 2438/2685/2438 1530/1681/1530
f 1511/1662/1511 2439/2686/2439 2438/2685/2438
f 1638/1789/1638 1639/1790/1639 2414/2643/2414
f 2414/2643/2414 1639/1790/1639 1641/1792/1641
f 1598/1749/1598 1651/1803/1651 1650/1802/1650
f 1651/1803/1651 1667/1819/1667 1668/1820/1668
f 1651/1803/1651 1598/1749/1598 1667/1819/1667
f 1668/1820/1668 1652/1804/1652 1651/1803/1651
f 1652/1804/1652 1668/1820/1668 2416/2646/2416
f 1656/1808/1656 1658/1810/1658 1668/1820/1668
f 1668/1820/1668 1658/1810/1658 2416/2646/2416
f 2429/2676/2429 2431/2678/2431 1049/1147/1049
f 1050/1148/1050 2430/2677/2430 1051/1149/1051
f 1108/1209/1108 1049/1147/1049 2431/2678/2431
f 1161/1268/1161 523/581/523 1698/1852/1698
f 1149/1256/1149 1128/1234/1128 2436/2683/2436
f 2436/2683/2436 1128/1234/1128 1700/1854/1700
f 2434/2681/2434 1191/1302/1191 1149/1256/1149
f 2437/2684/2437 2430/2677/2430 1050/1148/1050
f 1108/1209/1108 2437/2684/2437 1107/1208/1107
f 1108/1209/1108 2431/2678/2431 2437/2684/2437
f 2431/2678/2431 2430/2677/2430 2437/2684/2437
f 2439/2686/2439 1601/1752/1601 2438/2685/2438
f 1601/1752/1601 2439/2686/2439 1645/1797/1645
f 2439/2686/2439 1634/1785/1634 1645/1797/1645
f 1634/1785/1634 2439/2686/2439 1512/1663/1512
f 1512/1663/1512 2439/2686/2439 1511/1662/1511
f 1635/1786/1635 1639/1790/1639 1638/1789/1638
f 1751/1913/1751 1750/1912/1750 1754/1916/1754
f 1758/1920/1758 1754/1916/1754 1750/1912/1750
f 1759/1921/1759 1751/1913/1751 1754/1916/1754
f 1754/1916/1754 1753/1915/1753 1759/1921/1759
f 1763/1925/1763 1764/1926/1764 1761/1923/1761
f 2420/2656/2420 1763/1925/1763 1804/1966/1804
f 1804/1966/1804 1763/1925/1763 1870/2032/1870
f 1788/1950/1788 1784/1946/1784 2440/2687/2440
f 2440/2687/2440 1784/1946/1784 1787/1949/1787
f 1788/1950/1788 2440/2687/2440 2441/2688/2441
f 1794/1956/1794 2441/2688/2441 2440/2687/2440
f 1787/1949/1787 1794/1956/1794 2440/2687/2440
f 1828/1990/1828 1788/1950/1788 2441/2688/2441
f 1790/1952/1790 1828/1990/1828 2441/2688/2441
f 1793/1955/1793 1790/1952/1790 2441/2688/2441
f 2441/2688/2441 1794/1956/1794 1793/1955/1793
f 1803/1965/1803 1812/1974/1812 1804/1966/1804
f 2420/2656/2420 1804/1966/1804 1812/1974/1812
f 1788/1950/1788 1828/1990/1828 1827/1989/1827
f 2420/2656/2420 1812/1974/1812 1774/1936/1774
f 1827/1989/1827 1789/1951/1789 1788/1950/1788
f 1828/1990/1828 1790/1952/1790 1829/1991/1829
f 2442/2689/2442 1840/2002/1840 2443/2690/2443
f 2443/2690/2443 1840/2002/1840 1834/1996/1834
f 2443/2690/2443 1834/1996/1834 1867/2029/1867
f 2442/2689/2442 1838/2000/1838 1840/2002/1840
f 2017/2194/2017 1838/2000/1838 2442/2689/2442
f 1900/2068/1900 1901/2069/1901 2444/2691/2444
f 1901/2069/1901 2445/2692/2445 2444/2691/2444
f 2445/2692/2445 1901/2069/1901 1903/2071/1903
f 1917/2085/1917 1890/2060/1890 1893/2061/1893
f 1911/2079/1911 1909/2693/1909 1908/2662/1908
f 1911/2079/1911 1908/2662/1908 1912/2080/1912
f 1911/2079/1911 1890/2056/1890 1909/2693/1909
f 1916/2084/1916 1890/2056/1890 1911/2079/1911
f 1917/2085/1917 1909/2077/1909 1890/2060/1890
f 1890/2056/1890 1916/2084/1916 1891/2057/1891
f 1895/2063/1895 1914/2082/1914 1909/2077/1909
f 1895/2063/1895 1909/2077/1909 1917/2085/1917
f 1914/2082/1914 1895/2063/1895 1876/2038/1876
f 1903/2071/1903 2319/2529/2319 2445/2692/2445
f 1929/2097/1929 1900/2068/1900 2444/2691/2444
f 2444/2691/2444 2445/2692/2445 2321/2531/2321
f 2010/2187/2010 2443/2690/2443 2016/2193/2016
f 2017/2194/2017 2442/2689/2442 2010/2187/2010
f 2055/2235/2055 2023/2200/2023 2027/2204/2027
f 2031/2208/2031 2318/2528/2318 2032/2209/2032
f 2068/2250/2068 2069/2251/2069 2055/2235/2055
f 2023/2200/2023 2055/2235/2055 2069/2251/2069
f 2027/2204/2027 2056/2236/2056 2055/2235/2055
f 2235/2431/2235 2238/2434/2238 2237/2433/2237
f 2393/2614/2393 2254/2451/2254 2253/2450/2253
f 2237/2433/2237 2238/2434/2238 2254/2451/2254
f 2237/2433/2237 2254/2451/2254 2393/2614/2393
f 1731/1892/1731 1751/1913/1751 1759/1921/1759
f 2321/2531/2321 2319/2529/2319 1937/2105/1937
f 1929/2097/1929 2444/2691/2444 2191/2387/2191
f 2321/2531/2321 2445/2692/2445 2319/2529/2319
f 1931/2099/1931 1926/2694/1926 1878/2040/1878
f 2444/2691/2444 2321/2531/2321 2191/2387/2191
f 1979/2153/1979 1838/2000/1838 2017/2194/2017
f 2010/2187/2010 2442/2689/2442 2443/2690/2443
f 2016/2193/2016 2443/2690/2443 1867/2029/1867
f 2084/2272/2084 1931/2099/1931 2137/2331/2137
f 2084/2272/2084 2137/2331/2137 2083/2271/2083
f 384/431/384 2347/2562/2347 654/2695/654
f 654/2695/654 435/492/435 384/431/384
f 664/738/664 439/496/439 435/492/435
f 439/496/439 664/738/664 437/494/437
f 435/492/435 654/2695/654 652/739/652
f 652/739/652 664/738/664 435/492/435
f 2426/2672/2426 2368/2585/2368 724/806/724
f 2426/2672/2426 740/824/740 725/807/725
f 725/807/725 2368/2585/2368 2426/2672/2426
f 743/827/743 2426/2672/2426 724/806/724
f 829/915/829 830/916/830 832/2595/832
f 832/2595/832 838/2673/838 845/932/845
f 843/930/843 844/931/844 2427/2674/2427
f 2376/2597/2376 845/932/845 844/931/844
f 844/931/844 846/933/846 2427/2674/2427
f 871/961/871 869/959/869 876/966/876
f 873/963/873 876/966/876 869/959/869
f 990/1088/990 991/1089/991 2428/2675/2428
f 2330/2543/2330 991/1089/991 993/1091/993
f 991/1089/991 2330/2543/2330 2327/2540/2327
f 990/1088/990 2428/2675/2428 1008/1106/1008
f 1008/1106/1008 2428/2675/2428 976/1074/976
f 1967/2137/1967 2414/2643/2414 1641/1792/1641
f 1763/1925/1763 2420/2656/2420 1764/1926/1764
f 1870/2032/1870 1763/1925/1763 2336/2549/2336
f 2032/2209/2032 2446/2696/2446 2084/2273/2084
f 2446/2696/2446 1926/2094/1926 2084/2273/2084
f 2446/2696/2446 1927/2095/1927 1926/2094/1926
f 2084/2272/2084 1926/2694/1926 1931/2099/1931
f 2393/2614/2393 2253/2450/2253 2402/2623/2402
f 2032/2209/2032 2318/2528/2318 2446/2696/2446
f 2318/2528/2318 1927/2095/1927 2446/2696/2446
